State,County,Number of Mines
Alabama,Autauga,3
Alabama,Barbour,7
Alabama,Bibb,4
Alabama,Blount,5
Alabama,Calhoun,9
Alabama,Cherokee,1
Alabama,Chilton,3
Alabama,Clarke,4
Alabama,Cleburne,1
Alabama,Coffee,1
Alabama,Colbert,4
Alabama,Conecuh,6
Alabama,Coosa,1
Alabama,Cullman,7
Alabama,Dale,2
Alabama,Dallas,7
Alabama,De Kalb,3
Alabama,Elmore,6
Alabama,Escambia,6
Alabama,Etowah,3
Alabama,Fayette,7
Alabama,Franklin,11
Alabama,Geneva,1
Alabama,Greene,1
Alabama,Hale,2
Alabama,Henry,4
Alabama,Jackson,3
Alabama,Jefferson,40
Alabama,Lawrence,1
Alabama,Lee,3
Alabama,Lowndes,3
Alabama,Macon,4
Alabama,Madison,7
Alabama,Marengo,2
Alabama,Marion,12
Alabama,Marshall,4
Alabama,Mobile,6
Alabama,Monroe,5
Alabama,Montgomery,12
Alabama,Morgan,3
Alabama,Pickens,1
Alabama,Randolph,1
Alabama,Russell,7
Alabama,Shelby,20
Alabama,St Clair,5
Alabama,Sumter,4
Alabama,Talladega,8
Alabama,Tuscaloosa,28
Alabama,Walker,32
Alabama,Washington,2
Alabama,Winston,9
Alaska,2001,1
Alaska,2005,24
Alaska,2006,2
Alaska,2007,4
Alaska,2009,2
Alaska,2011,1
Alaska,2012,11
Alaska,2014,31
Alaska,Aleutians East,17
Arizona,Apache,5
Arizona,Cochise,19
Arizona,Coconino,20
Arizona,Gila,13
Arizona,Graham,5
Arizona,Greenlee,6
Arizona,La Paz,6
Arizona,Maricopa,70
Arizona,Mohave,22
Arizona,Navajo,13
Arizona,Pima,38
Arizona,Pinal,30
Arizona,Santa Cruz,6
Arizona,Yavapai,30
Arizona,Yuma,7
Arkansas,Baxter,3
Arkansas,Benton,2
Arkansas,Boone,1
Arkansas,Bradley,2
Arkansas,Calhoun,5
Arkansas,Carroll,1
Arkansas,Clark,2
Arkansas,Clay,3
Arkansas,Cleburne,1
Arkansas,Craighead,3
Arkansas,Crawford,5
Arkansas,Crittenden,2
Arkansas,Cross,1
Arkansas,Desha,1
Arkansas,Faulkner,2
Arkansas,Franklin,3
Arkansas,Fulton,2
Arkansas,Garland,16
Arkansas,Grant,2
Arkansas,Greene,5
Arkansas,Hempstead,1
Arkansas,Hot Spring,7
Arkansas,Howard,2
Arkansas,Independence,9
Arkansas,Izard,2
Arkansas,Jackson,1
Arkansas,Jefferson,1
Arkansas,Johnson,5
Arkansas,Lawrence,2
Arkansas,Little River,5
Arkansas,Logan,6
Arkansas,Lonoke,1
Arkansas,Marion,2
Arkansas,Miller,1
Arkansas,Montgomery,4
Arkansas,Nevada,1
Arkansas,Newton,1
Arkansas,Ouachita,2
Arkansas,Perry,1
Arkansas,Pike,4
Arkansas,Poinsett,1
Arkansas,Polk,2
Arkansas,Pope,3
Arkansas,Pulaski,15
Arkansas,Saline,7
Arkansas,Sebastian,10
Arkansas,Sevier,2
Arkansas,Sharp,1
Arkansas,St Francis,2
Arkansas,Stone,2
Arkansas,Washington,5
Arkansas,White,1
California,Alameda,12
California,Alpine,1
California,Amador,5
California,Butte,5
California,Calaveras,12
California,Contra Costa,7
California,Del Norte,2
California,El Dorado,11
California,Fresno,9
California,Glenn,3
California,Humboldt,9
California,Imperial,12
California,Inyo,31
California,Kern,33
California,Lake,11
California,Lassen,5
California,Los Angeles,27
California,Madera,3
California,Marin,1
California,Mariposa,3
California,Mendocino,8
California,Merced,4
California,Mono,7
California,Monterey,9
California,Napa,2
California,Nevada,13
California,Orange,12
California,Placer,10
California,Plumas,5
California,Riverside,40
California,Sacramento,10
California,San Benito,7
California,San Bernardino,55
California,San Diego,35
California,San Joaquin,7
California,San Luis Obispo,11
California,San Mateo,4
California,Santa Barbara,16
California,Santa Clara,9
California,Santa Cruz,9
California,Shasta,9
California,Sierra,13
California,Siskiyou,11
California,Solano,2
California,Sonoma,15
California,Stanislaus,5
California,Sutter,1
California,Tehama,2
California,Trinity,1
California,Tulare,1
California,Tuolumne,6
California,Ventura,18
California,Yolo,5
California,Yuba,5
Colorado,Adams,15
Colorado,Alamosa,3
Colorado,Arapahoe,8
Colorado,Archuleta,4
Colorado,Boulder,28
Colorado,Chaffee,4
Colorado,Clear Creek,12
Colorado,Conejos,2
Colorado,Costilla,4
Colorado,Custer,2
Colorado,Delta,11
Colorado,Denver,1
Colorado,Dolores,3
Colorado,Douglas,10
Colorado,Eagle,7
Colorado,El Paso,23
Colorado,Elbert,2
Colorado,Fremont,19
Colorado,Garfield,25
Colorado,Gilpin,9
Colorado,Grand,7
Colorado,Gunnison,19
Colorado,Hinsdale,2
Colorado,Huerfano,5
Colorado,Jackson,5
Colorado,Jefferson,22
Colorado,Kit Carson,1
Colorado,La Plata,6
Colorado,Lake,11
Colorado,Larimer,31
Colorado,Las Animas,11
Colorado,Logan,1
Colorado,Mesa,22
Colorado,Mineral,4
Colorado,Moffat,7
Colorado,Montezuma,2
Colorado,Montrose,9
Colorado,Morgan,1
Colorado,Otero,2
Colorado,Ouray,7
Colorado,Park,11
Colorado,Pitkin,4
Colorado,Prowers,4
Colorado,Pueblo,9
Colorado,Rio Blanco,6
Colorado,Rio Grande,2
Colorado,Routt,15
Colorado,Saguache,4
Colorado,San Juan,5
Colorado,San Miguel,8
Colorado,Summit,5
Colorado,Teller,6
Colorado,Weld,14
Connecticut,Fairfield,9
Connecticut,Hartford,16
Connecticut,Litchfield,15
Connecticut,Middlesex,8
Connecticut,New Haven,17
Connecticut,New London,16
Connecticut,Tolland,6
Connecticut,Windham,12
Delaware,Kent,3
Delaware,New Castle,4
Delaware,Sussex,1
Florida,Alachua,4
Florida,Bay,4
Florida,Brevard,3
Florida,Broward,20
Florida,Calhoun,1
Florida,Charlotte,7
Florida,Citrus,10
Florida,Clay,4
Florida,Collier,7
Florida,Dade,29
Florida,De Soto,3
Florida,Duval,1
Florida,Escambia,6
Florida,Gadsden,5
Florida,Glades,2
Florida,Hamilton,2
Florida,Hardee,1
Florida,Hendry,3
Florida,Hernando,7
Florida,Hillsborough,9
Florida,Indian River,1
Florida,Jackson,4
Florida,Lake,9
Florida,Lee,6
Florida,Leon,2
Florida,Levy,4
Florida,Manatee,1
Florida,Marion,13
Florida,Monroe,4
Florida,Palm Beach,2
Florida,Pasco,3
Florida,Polk,31
Florida,Putnam,2
Florida,Santa Rosa,1
Florida,Sarasota,4
Florida,St Lucie,6
Florida,Sumter,7
Florida,Suwannee,2
Florida,Taylor,3
Florida,Walton,1
Georgia,Baldwin,1
Georgia,Barrow,1
Georgia,Bartow,4
Georgia,Bibb,5
Georgia,Brantley,1
Georgia,Carroll,1
Georgia,Cherokee,2
Georgia,Clarke,1
Georgia,Clayton,1
Georgia,Cobb,2
Georgia,Columbia,2
Georgia,Cook,1
Georgia,Coweta,1
Georgia,Crawford,1
Georgia,Dade,1
Georgia,De Kalb,8
Georgia,Decatur,3
Georgia,Dougherty,2
Georgia,Douglas,5
Georgia,Effingham,1
Georgia,Elbert,11
Georgia,Evans,1
Georgia,Fannin,2
Georgia,Fayette,2
Georgia,Floyd,4
Georgia,Forsyth,1
Georgia,Fulton,9
Georgia,Gilmer,5
Georgia,Glascock,1
Georgia,Gordon,1
Georgia,Greene,2
Georgia,Gwinnett,3
Georgia,Habersham,1
Georgia,Hall,3
Georgia,Hart,1
Georgia,Henry,1
Georgia,Houston,2
Georgia,Jasper,1
Georgia,Jefferson,3
Georgia,Jones,2
Georgia,Lee,2
Georgia,Lincoln,1
Georgia,Long,1
Georgia,Lowndes,1
Georgia,Lumpkin,1
Georgia,Macon,2
Georgia,Madison,2
Georgia,Marion,1
Georgia,Monroe,2
Georgia,Montgomery,1
Georgia,Murray,3
Georgia,Muscogee,4
Georgia,Newton,1
Georgia,Oglethorpe,20
Georgia,Pickens,9
Georgia,Polk,1
Georgia,Rabun,1
Georgia,Richmond,5
Georgia,Rockdale,1
Georgia,Spalding,1
Georgia,Stephens,2
Georgia,Sumter,3
Georgia,Talbot,2
Georgia,Tattnall,1
Georgia,Taylor,2
Georgia,Thomas,4
Georgia,Towns,1
Georgia,Troup,1
Georgia,Twiggs,7
Georgia,Union,1
Georgia,Walker,2
Georgia,Warren,5
Georgia,Washington,10
Georgia,Whitfield,4
Georgia,Wilkes,3
Georgia,Wilkinson,12
Hawaii,Hawaii,7
Hawaii,Honolulu,9
Hawaii,Kauai,3
Hawaii,Maui,5
Idaho,Ada,9
Idaho,Adams,1
Idaho,Bannock,4
Idaho,Benewah,5
Idaho,Bingham,2
Idaho,Blaine,3
Idaho,Boise,1
Idaho,Bonner,9
Idaho,Bonneville,8
Idaho,Canyon,4
Idaho,Caribou,7
Idaho,Cassia,4
Idaho,Clark,2
Idaho,Clearwater,2
Idaho,Custer,6
Idaho,Elmore,2
Idaho,Franklin,2
Idaho,Fremont,2
Idaho,Gem,4
Idaho,Gooding,3
Idaho,Idaho,12
Idaho,Kootenai,4
Idaho,Lemhi,3
Idaho,Lincoln,1
Idaho,Madison,1
Idaho,Minidoka,2
Idaho,Nez Perce,3
Idaho,Oneida,4
Idaho,Owyhee,2
Idaho,Power,1
Idaho,Shoshone,19
Idaho,Twin Falls,4
Idaho,Valley,4
Idaho,Washington,1
Illinois,Adams,11
Illinois,Alexander,6
Illinois,Bond,3
Illinois,Boone,5
Illinois,Brown,1
Illinois,Bureau,3
Illinois,Calhoun,2
Illinois,Carroll,7
Illinois,Champaign,6
Illinois,Christian,2
Illinois,Clark,2
Illinois,Clay,1
Illinois,Clinton,1
Illinois,Coles,3
Illinois,Cook,11
Illinois,Crawford,2
Illinois,Cumberland,3
Illinois,De Kalb,3
Illinois,De Witt,1
Illinois,Douglas,3
Illinois,Du Page,5
Illinois,Fayette,3
Illinois,Ford,4
Illinois,Franklin,10
Illinois,Fulton,6
Illinois,Gallatin,6
Illinois,Greene,3
Illinois,Grundy,1
Illinois,Hamilton,1
Illinois,Hancock,4
Illinois,Hardin,15
Illinois,Henderson,4
Illinois,Henry,3
Illinois,Jackson,3
Illinois,Jefferson,3
Illinois,Jersey,1
Illinois,Jo Daviess,14
Illinois,Johnson,2
Illinois,Kane,16
Illinois,Kankakee,5
Illinois,Kendall,5
Illinois,Knox,1
Illinois,La Salle,20
Illinois,Lake,3
Illinois,Lawrence,1
Illinois,Lee,9
Illinois,Livingston,11
Illinois,Logan,5
Illinois,Macon,2
Illinois,Macoupin,3
Illinois,Madison,5
Illinois,Marshall,4
Illinois,Mason,3
Illinois,Massac,1
Illinois,McDonough,3
Illinois,McHenry,16
Illinois,McLean,5
Illinois,Menard,1
Illinois,Mercer,1
Illinois,Monroe,2
Illinois,Montgomery,5
Illinois,Moultrie,1
Illinois,Ogle,12
Illinois,Peoria,7
Illinois,Perry,6
Illinois,Piatt,1
Illinois,Pike,7
Illinois,Pope,1
Illinois,Pulaski,4
Illinois,Putnam,3
Illinois,Randolph,11
Illinois,Rock Island,6
Illinois,Saline,13
Illinois,Sangamon,4
Illinois,Schuyler,1
Illinois,Scott,1
Illinois,Shelby,2
Illinois,St Clair,12
Illinois,Stephenson,10
Illinois,Tazewell,7
Illinois,Union,2
Illinois,Vermilion,5
Illinois,Wabash,2
Illinois,Warren,2
Illinois,Washington,2
Illinois,White,3
Illinois,Whiteside,8
Illinois,Will,15
Illinois,Williamson,7
Illinois,Winnebago,14
Illinois,Woodford,6
Indiana,Adams,6
Indiana,Allen,9
Indiana,Bartholomew,3
Indiana,Blackford,1
Indiana,Boone,1
Indiana,Carroll,4
Indiana,Cass,7
Indiana,Clark,5
Indiana,Clay,7
Indiana,Clinton,1
Indiana,Crawford,7
Indiana,Daviess,24
Indiana,De Kalb,7
Indiana,Dearborn,1
Indiana,Decatur,2
Indiana,Delaware,3
Indiana,Dubois,9
Indiana,Elkhart,7
Indiana,Fayette,1
Indiana,Floyd,1
Indiana,Fountain,3
Indiana,Franklin,4
Indiana,Fulton,1
Indiana,Gibson,3
Indiana,Grant,5
Indiana,Greene,15
Indiana,Hamilton,11
Indiana,Hancock,2
Indiana,Harrison,6
Indiana,Hendricks,1
Indiana,Henry,2
Indiana,Howard,2
Indiana,Huntington,4
Indiana,Jackson,3
Indiana,Jasper,4
Indiana,Jay,2
Indiana,Jennings,2
Indiana,Johnson,2
Indiana,Knox,7
Indiana,Kosciusko,3
Indiana,La Porte,4
Indiana,Lake,2
Indiana,Lawrence,9
Indiana,Madison,4
Indiana,Marion,6
Indiana,Marshall,2
Indiana,Martin,5
Indiana,Miami,6
Indiana,Monroe,8
Indiana,Montgomery,2
Indiana,Morgan,7
Indiana,Newton,1
Indiana,Noble,2
Indiana,Orange,2
Indiana,Owen,5
Indiana,Parke,2
Indiana,Perry,1
Indiana,Pike,8
Indiana,Porter,1
Indiana,Posey,1
Indiana,Pulaski,2
Indiana,Putnam,8
Indiana,Randolph,3
Indiana,Ripley,2
Indiana,Rush,1
Indiana,Scott,1
Indiana,Shelby,6
Indiana,Spencer,19
Indiana,St Joseph,5
Indiana,Starke,2
Indiana,Steuben,7
Indiana,Sullivan,3
Indiana,Switzerland,1
Indiana,Tippecanoe,5
Indiana,Union,1
Indiana,Vanderburgh,4
Indiana,Vermillion,5
Indiana,Vigo,6
Indiana,Wabash,2
Indiana,Warren,2
Indiana,Warrick,9
Indiana,Washington,2
Indiana,Wayne,7
Indiana,Wells,1
Indiana,White,1
Indiana,Whitley,2
Iowa,Adair,3
Iowa,Adams,2
Iowa,Allamakee,6
Iowa,Appanoose,3
Iowa,Audubon,1
Iowa,Benton,11
Iowa,Black Hawk,16
Iowa,Boone,3
Iowa,Bremer,3
Iowa,Buchanan,14
Iowa,Buena Vista,4
Iowa,Butler,7
Iowa,Carroll,3
Iowa,Cass,2
Iowa,Cedar,2
Iowa,Cerro Gordo,10
Iowa,Cherokee,2
Iowa,Chickasaw,6
Iowa,Clarke,1
Iowa,Clay,3
Iowa,Clayton,10
Iowa,Clinton,13
Iowa,Dallas,7
Iowa,Davis,1
Iowa,Decatur,2
Iowa,Delaware,14
Iowa,Des Moines,6
Iowa,Dickinson,4
Iowa,Dubuque,16
Iowa,Emmet,1
Iowa,Fayette,11
Iowa,Floyd,7
Iowa,Franklin,7
Iowa,Fremont,1
Iowa,Greene,4
Iowa,Grundy,1
Iowa,Guthrie,1
Iowa,Hamilton,3
Iowa,Hancock,3
Iowa,Hardin,9
Iowa,Harrison,2
Iowa,Henry,3
Iowa,Howard,8
Iowa,Humboldt,3
Iowa,Iowa,1
Iowa,Jackson,16
Iowa,Jasper,3
Iowa,Jefferson,1
Iowa,Johnson,4
Iowa,Jones,12
Iowa,Keokuk,3
Iowa,Kossuth,1
Iowa,Lee,5
Iowa,Linn,15
Iowa,Louisa,2
Iowa,Lyon,3
Iowa,Madison,11
Iowa,Mahaska,2
Iowa,Marion,9
Iowa,Marshall,4
Iowa,Mills,1
Iowa,Mitchell,8
Iowa,Monona,1
Iowa,Monroe,4
Iowa,Montgomery,2
Iowa,Muscatine,5
Iowa,O Brien,2
Iowa,Osceola,3
Iowa,Page,2
Iowa,Palo Alto,2
Iowa,Plymouth,1
Iowa,Pocahontas,2
Iowa,Polk,7
Iowa,Pottawattamie,4
Iowa,Poweshiek,1
Iowa,Sac,4
Iowa,Scott,11
Iowa,Shelby,1
Iowa,Sioux,6
Iowa,Story,2
Iowa,Tama,2
Iowa,Taylor,1
Iowa,Union,1
Iowa,Van Buren,4
Iowa,Wapello,3
Iowa,Washington,6
Iowa,Webster,11
Iowa,Winneshiek,17
Iowa,Woodbury,3
Iowa,Worth,5
Iowa,Wright,4
Kansas,Allen,3
Kansas,Anderson,2
Kansas,Atchison,1
Kansas,Barber,3
Kansas,Barton,3
Kansas,Bourbon,6
Kansas,Brown,2
Kansas,Butler,3
Kansas,Chase,1
Kansas,Chautauqua,2
Kansas,Cherokee,6
Kansas,Cheyenne,1
Kansas,Clay,3
Kansas,Cloud,5
Kansas,Coffey,1
Kansas,Cowley,6
Kansas,Crawford,9
Kansas,Decatur,1
Kansas,Dickinson,9
Kansas,Doniphan,2
Kansas,Douglas,10
Kansas,Edwards,2
Kansas,Elk,1
Kansas,Ellis,3
Kansas,Ellsworth,4
Kansas,Finney,3
Kansas,Ford,9
Kansas,Franklin,4
Kansas,Geary,5
Kansas,Gray,1
Kansas,Greenwood,2
Kansas,Hamilton,2
Kansas,Harper,1
Kansas,Harvey,2
Kansas,Haskell,2
Kansas,Hodgeman,1
Kansas,Jackson,1
Kansas,Jefferson,8
Kansas,Jewell,1
Kansas,Johnson,11
Kansas,Kearny,3
Kansas,Kiowa,1
Kansas,Labette,5
Kansas,Leavenworth,5
Kansas,Lincoln,2
Kansas,Linn,6
Kansas,Logan,2
Kansas,Lyon,3
Kansas,Marion,4
Kansas,Marshall,6
Kansas,McPherson,1
Kansas,Meade,1
Kansas,Miami,3
Kansas,Montgomery,5
Kansas,Morris,2
Kansas,Nemaha,2
Kansas,Neosho,6
Kansas,Osage,4
Kansas,Ottawa,1
Kansas,Pawnee,2
Kansas,Phillips,1
Kansas,Pottawatomie,8
Kansas,Pratt,3
Kansas,Reno,6
Kansas,Republic,2
Kansas,Rice,5
Kansas,Riley,11
Kansas,Saline,3
Kansas,Sedgwick,17
Kansas,Seward,4
Kansas,Shawnee,13
Kansas,Sherman,1
Kansas,Smith,1
Kansas,Sumner,1
Kansas,Trego,1
Kansas,Wabaunsee,2
Kansas,Washington,3
Kansas,Wilson,7
Kansas,Woodson,2
Kansas,Wyandotte,9
Kentucky,Adair,1
Kentucky,Allen,1
Kentucky,Anderson,1
Kentucky,Barren,2
Kentucky,Bell,70
Kentucky,Boone,5
Kentucky,Bourbon,1
Kentucky,Boyd,15
Kentucky,Boyle,1
Kentucky,Breathitt,27
Kentucky,Breckinridge,3
Kentucky,Bullitt,3
Kentucky,Butler,21
Kentucky,Caldwell,4
Kentucky,Calloway,1
Kentucky,Carlisle,1
Kentucky,Carroll,1
Kentucky,Carter,12
Kentucky,Casey,1
Kentucky,Christian,6
Kentucky,Clay,50
Kentucky,Clinton,2
Kentucky,Crittenden,2
Kentucky,Cumberland,1
Kentucky,Daviess,21
Kentucky,Edmonson,2
Kentucky,Elliott,10
Kentucky,Estill,2
Kentucky,Fayette,3
Kentucky,Fleming,1
Kentucky,Floyd,162
Kentucky,Franklin,1
Kentucky,Gallatin,1
Kentucky,Garrard,1
Kentucky,Graves,5
Kentucky,Grayson,1
Kentucky,Green,1
Kentucky,Greenup,5
Kentucky,Hancock,5
Kentucky,Hardin,4
Kentucky,Harlan,150
Kentucky,Harrison,1
Kentucky,Hart,2
Kentucky,Henderson,2
Kentucky,Henry,1
Kentucky,Hopkins,40
Kentucky,Jackson,15
Kentucky,Jefferson,9
Kentucky,Jessamine,1
Kentucky,Johnson,30
Kentucky,Knott,73
Kentucky,Knox,94
Kentucky,Laurel,29
Kentucky,Lawrence,22
Kentucky,Lee,8
Kentucky,Leslie,49
Kentucky,Letcher,119
Kentucky,Livingston,3
Kentucky,Logan,2
Kentucky,Madison,2
Kentucky,Magoffin,33
Kentucky,Marion,1
Kentucky,Martin,61
Kentucky,Mason,4
Kentucky,McCracken,1
Kentucky,McCreary,20
Kentucky,McLean,5
Kentucky,Meade,3
Kentucky,Menifee,1
Kentucky,Mercer,1
Kentucky,Metcalfe,1
Kentucky,Monroe,1
Kentucky,Montgomery,2
Kentucky,Morgan,18
Kentucky,Muhlenberg,21
Kentucky,Nelson,1
Kentucky,Ohio,25
Kentucky,Oldham,6
Kentucky,Owsley,9
Kentucky,Pendleton,3
Kentucky,Perry,69
Kentucky,Pike,413
Kentucky,Powell,2
Kentucky,Pulaski,11
Kentucky,Rockcastle,8
Kentucky,Scott,1
Kentucky,Simpson,1
Kentucky,Spencer,1
Kentucky,Taylor,1
Kentucky,Todd,1
Kentucky,Trigg,1
Kentucky,Union,16
Kentucky,Warren,3
Kentucky,Washington,1
Kentucky,Wayne,4
Kentucky,Webster,10
Kentucky,Whitley,71
Kentucky,Wolfe,7
Louisiana,Allen,2
Louisiana,Ascension,1
Louisiana,Assumption,1
Louisiana,Beauregard,1
Louisiana,Bienville,1
Louisiana,Bossier,1
Louisiana,Caddo,1
Louisiana,Calcasieu,3
Louisiana,Caldwell,1
Louisiana,Cameron,1
Louisiana,Catahoula,3
Louisiana,De Soto,1
Louisiana,East Baton Rouge,10
Louisiana,East Feliciana,6
Louisiana,Iberia,4
Louisiana,Jefferson Davis,1
Louisiana,La Salle,2
Louisiana,Lafayette,2
Louisiana,Livingston,4
Louisiana,Morehouse,1
Louisiana,Natchitoches,1
Louisiana,Orleans,12
Louisiana,Ouachita,4
Louisiana,Plaquemines,1
Louisiana,Pointe Coupee,1
Louisiana,Rapides,8
Louisiana,Red River,1
Louisiana,Sabine,1
Louisiana,St Bernard,1
Louisiana,St Helena,9
Louisiana,St James,1
Louisiana,St Martin,1
Louisiana,St Mary,4
Louisiana,St Tammany,14
Louisiana,Tangipahoa,5
Louisiana,Terrebonne,4
Louisiana,Vermilion,2
Louisiana,Vernon,5
Louisiana,Washington,17
Louisiana,Webster,6
Louisiana,West Baton Rouge,1
Louisiana,West Feliciana,3
Louisiana,Winn,1
Maine,Androscoggin,9
Maine,Aroostook,23
Maine,Cumberland,18
Maine,Franklin,4
Maine,Hancock,9
Maine,Kennebec,16
Maine,Knox,10
Maine,Lincoln,4
Maine,Oxford,10
Maine,Penobscot,10
Maine,Piscataquis,5
Maine,Sagadahoc,2
Maine,Somerset,6
Maine,Waldo,6
Maine,Washington,5
Maine,York,9
Maryland,Allegany,28
Maryland,Anne Arundel,14
Maryland,Baltimore,14
Maryland,Carroll,2
Maryland,Cecil,7
Maryland,Charles,3
Maryland,Dorchester,2
Maryland,Frederick,6
Maryland,Garrett,27
Maryland,Harford,5
Maryland,Howard,1
Maryland,Kent,1
Maryland,Montgomery,4
Maryland,Prince Georges,12
Maryland,Queen Annes,1
Maryland,St Marys,4
Maryland,Washington,7
Maryland,Wicomico,1
Maryland,Worcester,1
Massachusetts,Barnstable,6
Massachusetts,Berkshire,15
Massachusetts,Bristol,13
Massachusetts,Dukes,2
Massachusetts,Essex,10
Massachusetts,Franklin,4
Massachusetts,Hampden,15
Massachusetts,Hampshire,8
Massachusetts,Middlesex,34
Massachusetts,Norfolk,15
Massachusetts,Plymouth,15
Massachusetts,Suffolk,1
Massachusetts,Worcester,31
Michigan,Alger,1
Michigan,Allegan,8
Michigan,Alpena,5
Michigan,Antrim,3
Michigan,Arenac,5
Michigan,Baraga,2
Michigan,Barry,2
Michigan,Bay,1
Michigan,Berrien,10
Michigan,Branch,3
Michigan,Calhoun,7
Michigan,Cass,7
Michigan,Charlevoix,5
Michigan,Cheboygan,2
Michigan,Chippewa,3
Michigan,Clare,3
Michigan,Clinton,7
Michigan,Delta,7
Michigan,Dickinson,9
Michigan,Eaton,4
Michigan,Emmet,1
Michigan,Gogebic,6
Michigan,Grand Traverse,4
Michigan,Gratiot,2
Michigan,Hillsdale,2
Michigan,Houghton,3
Michigan,Huron,4
Michigan,Ingham,8
Michigan,Ionia,5
Michigan,Iosco,3
Michigan,Iron,3
Michigan,Isabella,4
Michigan,Jackson,4
Michigan,Kalamazoo,7
Michigan,Kent,19
Michigan,Keweenaw,1
Michigan,Lake,1
Michigan,Lapeer,6
Michigan,Leelanau,2
Michigan,Lenawee,2
Michigan,Livingston,10
Michigan,Luce,1
Michigan,Mackinac,5
Michigan,Macomb,4
Michigan,Manistee,1
Michigan,Marquette,13
Michigan,Mason,1
Michigan,Mecosta,4
Michigan,Menominee,3
Michigan,Missaukee,3
Michigan,Monroe,5
Michigan,Montcalm,4
Michigan,Muskegon,3
Michigan,Newaygo,3
Michigan,Oakland,22
Michigan,Oceana,3
Michigan,Ogemaw,2
Michigan,Ontonagon,4
Michigan,Osceola,1
Michigan,Otsego,2
Michigan,Ottawa,12
Michigan,Presque Isle,6
Michigan,Roscommon,3
Michigan,Saginaw,1
Michigan,Sanilac,3
Michigan,Schoolcraft,5
Michigan,Shiawassee,4
Michigan,St Clair,2
Michigan,St Joseph,3
Michigan,Tuscola,9
Michigan,Van Buren,4
Michigan,Washtenaw,11
Michigan,Wayne,12
Michigan,Wexford,4
Minnesota,Aitkin,1
Minnesota,Becker,3
Minnesota,Beltrami,2
Minnesota,Benton,2
Minnesota,Big Stone,4
Minnesota,Blue Earth,5
Minnesota,Brown,3
Minnesota,Carlton,4
Minnesota,Carver,1
Minnesota,Cass,3
Minnesota,Chisago,3
Minnesota,Clay,9
Minnesota,Clearwater,1
Minnesota,Cook,2
Minnesota,Cottonwood,3
Minnesota,Crow Wing,9
Minnesota,Dakota,9
Minnesota,Dodge,4
Minnesota,Douglas,2
Minnesota,Fillmore,8
Minnesota,Freeborn,2
Minnesota,Goodhue,10
Minnesota,Hennepin,10
Minnesota,Houston,8
Minnesota,Hubbard,4
Minnesota,Itasca,9
Minnesota,Jackson,1
Minnesota,Kanabec,4
Minnesota,Kandiyohi,3
Minnesota,Kittson,1
Minnesota,Koochiching,3
Minnesota,Lac qui Parle,2
Minnesota,Lake,2
Minnesota,Lake of the Woods,1
Minnesota,Le Sueur,5
Minnesota,Lyon,4
Minnesota,Mahnomen,1
Minnesota,Marshall,5
Minnesota,Martin,1
Minnesota,McLeod,3
Minnesota,Meeker,3
Minnesota,Mille Lacs,4
Minnesota,Morrison,6
Minnesota,Mower,4
Minnesota,Nicollet,3
Minnesota,Norman,1
Minnesota,Olmsted,10
Minnesota,Otter Tail,4
Minnesota,Pennington,3
Minnesota,Pine,1
Minnesota,Polk,5
Minnesota,Pope,2
Minnesota,Ramsey,1
Minnesota,Red Lake,2
Minnesota,Redwood,4
Minnesota,Renville,2
Minnesota,Rice,3
Minnesota,Rock,3
Minnesota,Roseau,2
Minnesota,Scott,8
Minnesota,Sherburne,4
Minnesota,St Louis,30
Minnesota,Stearns,11
Minnesota,Steele,4
Minnesota,Stevens,1
Minnesota,Todd,5
Minnesota,Wabasha,7
Minnesota,Wadena,2
Minnesota,Waseca,1
Minnesota,Washington,11
Minnesota,Watonwan,1
Minnesota,Wilkin,2
Minnesota,Winona,6
Minnesota,Wright,5
Minnesota,Yellow Medicine,2
Mississippi,Adams,9
Mississippi,Benton,1
Mississippi,Carroll,2
Mississippi,Clay,4
Mississippi,Copiah,8
Mississippi,De Soto,4
Mississippi,Forrest,3
Mississippi,Hancock,2
Mississippi,Harrison,1
Mississippi,Hinds,5
Mississippi,Holmes,3
Mississippi,Itawamba,6
Mississippi,Jackson,1
Mississippi,Jasper,3
Mississippi,Jones,1
Mississippi,Kemper,1
Mississippi,Lafayette,1
Mississippi,Lauderdale,1
Mississippi,Lincoln,2
Mississippi,Lowndes,9
Mississippi,Marion,2
Mississippi,Monroe,11
Mississippi,Noxubee,3
Mississippi,Panola,6
Mississippi,Pearl River,5
Mississippi,Perry,5
Mississippi,Pike,2
Mississippi,Smith,1
Mississippi,Stone,3
Mississippi,Tate,2
Mississippi,Tippah,2
Mississippi,Tishomingo,3
Mississippi,Warren,2
Mississippi,Washington,1
Mississippi,Wayne,2
Mississippi,Winston,3
Mississippi,Yalobusha,1
Mississippi,Yazoo,4
Missouri,Adair,1
Missouri,Andrew,3
Missouri,Atchison,1
Missouri,Audrain,2
Missouri,Barry,3
Missouri,Barton,3
Missouri,Bates,5
Missouri,Benton,2
Missouri,Bollinger,3
Missouri,Boone,7
Missouri,Buchanan,3
Missouri,Butler,3
Missouri,Caldwell,4
Missouri,Callaway,12
Missouri,Camden,7
Missouri,Cape Girardeau,7
Missouri,Carroll,1
Missouri,Cass,6
Missouri,Cedar,1
Missouri,Christian,3
Missouri,Clark,2
Missouri,Clay,4
Missouri,Clinton,2
Missouri,Cole,7
Missouri,Cooper,5
Missouri,Crawford,3
Missouri,Dade,2
Missouri,Dallas,2
Missouri,Daviess,5
Missouri,De Kalb,1
Missouri,Dent,2
Missouri,Douglas,2
Missouri,Franklin,7
Missouri,Gasconade,8
Missouri,Gentry,2
Missouri,Greene,4
Missouri,Grundy,3
Missouri,Harrison,2
Missouri,Henry,6
Missouri,Hickory,3
Missouri,Holt,3
Missouri,Howard,6
Missouri,Howell,4
Missouri,Iron,9
Missouri,Jackson,12
Missouri,Jasper,10
Missouri,Jefferson,15
Missouri,Johnson,3
Missouri,Knox,2
Missouri,Laclede,1
Missouri,Lafayette,2
Missouri,Lawrence,1
Missouri,Lewis,2
Missouri,Lincoln,7
Missouri,Livingston,5
Missouri,Macon,1
Missouri,Madison,1
Missouri,Marion,3
Missouri,McDonald,3
Missouri,Mercer,2
Missouri,Miller,4
Missouri,Moniteau,1
Missouri,Monroe,3
Missouri,Montgomery,7
Missouri,Morgan,4
Missouri,Newton,2
Missouri,Nodaway,3
Missouri,Oregon,3
Missouri,Osage,1
Missouri,Ozark,1
Missouri,Pemiscot,1
Missouri,Perry,3
Missouri,Pettis,2
Missouri,Phelps,5
Missouri,Pike,7
Missouri,Platte,2
Missouri,Polk,2
Missouri,Pulaski,2
Missouri,Putnam,1
Missouri,Ralls,7
Missouri,Randolph,6
Missouri,Ray,2
Missouri,Reynolds,4
Missouri,Ripley,4
Missouri,Saline,4
Missouri,Scotland,1
Missouri,Scott,4
Missouri,Shannon,1
Missouri,Shelby,2
Missouri,St Charles,5
Missouri,St Clair,2
Missouri,St Francois,7
Missouri,St Louis,22
Missouri,St Louis City,2
Missouri,Ste. Genevieve,8
Missouri,Stoddard,5
Missouri,Stone,3
Missouri,Sullivan,1
Missouri,Taney,5
Missouri,Texas,4
Missouri,Vernon,7
Missouri,Warren,5
Missouri,Washington,8
Missouri,Wayne,4
Missouri,Webster,1
Missouri,Worth,1
Missouri,Wright,2
Montana,Beaverhead,4
Montana,Big Horn,5
Montana,Broadwater,12
Montana,Carbon,1
Montana,Carter,2
Montana,Cascade,11
Montana,Custer,1
Montana,Dawson,4
Montana,Deer Lodge,3
Montana,Fergus,8
Montana,Flathead,10
Montana,Gallatin,5
Montana,Granite,5
Montana,Hill,2
Montana,Jefferson,9
Montana,Judith Basin,1
Montana,Lake,3
Montana,Lewis and Clark,11
Montana,Liberty,1
Montana,Lincoln,5
Montana,Madison,13
Montana,Meagher,5
Montana,Missoula,12
Montana,Musselshell,3
Montana,Park,7
Montana,Phillips,4
Montana,Pondera,2
Montana,Powell,4
Montana,Ravalli,1
Montana,Richland,2
Montana,Rosebud,4
Montana,Sanders,3
Montana,Sheridan,3
Montana,Silver Bow,8
Montana,Stillwater,1
Montana,Teton,2
Montana,Toole,2
Montana,Valley,2
Montana,Yellowstone,8
Nebraska,Adams,1
Nebraska,Antelope,4
Nebraska,Blaine,1
Nebraska,Brown,1
Nebraska,Buffalo,7
Nebraska,Butler,2
Nebraska,Cass,11
Nebraska,Cedar,4
Nebraska,Chase,1
Nebraska,Clay,2
Nebraska,Colfax,3
Nebraska,Cuming,4
Nebraska,Custer,4
Nebraska,Dawes,1
Nebraska,Dawson,9
Nebraska,Deuel,1
Nebraska,Dixon,1
Nebraska,Dodge,3
Nebraska,Douglas,6
Nebraska,Dundy,1
Nebraska,Franklin,2
Nebraska,Furnas,1
Nebraska,Gage,4
Nebraska,Garden,1
Nebraska,Garfield,1
Nebraska,Hall,11
Nebraska,Hamilton,1
Nebraska,Harlan,1
Nebraska,Hayes,1
Nebraska,Hitchcock,2
Nebraska,Holt,4
Nebraska,Howard,2
Nebraska,Jefferson,7
Nebraska,Keith,4
Nebraska,Kimball,1
Nebraska,Knox,9
Nebraska,Lancaster,2
Nebraska,Lincoln,7
Nebraska,Loup,1
Nebraska,Madison,7
Nebraska,Merrick,6
Nebraska,Morrill,3
Nebraska,Nance,3
Nebraska,Nemaha,1
Nebraska,Nuckolls,4
Nebraska,Pawnee,2
Nebraska,Perkins,1
Nebraska,Phelps,4
Nebraska,Pierce,3
Nebraska,Platte,5
Nebraska,Polk,2
Nebraska,Red Willow,3
Nebraska,Saline,2
Nebraska,Sarpy,6
Nebraska,Saunders,7
Nebraska,Scotts Bluff,7
Nebraska,Seward,1
Nebraska,Stanton,4
Nebraska,Thayer,6
Nebraska,Thomas,2
Nebraska,Valley,1
Nebraska,Washington,2
Nebraska,Webster,2
Nebraska,York,3
Nevada,Churchill,5
Nevada,Clark,29
Nevada,Douglas,5
Nevada,Elko,19
Nevada,Esmeralda,6
Nevada,Eureka,6
Nevada,Humboldt,10
Nevada,Lander,23
Nevada,Lincoln,7
Nevada,Lyon,18
Nevada,Mineral,13
Nevada,Nye,27
Nevada,Pershing,14
Nevada,Storey,11
Nevada,Washoe,12
Nevada,White Pine,6
New Hampshire,Belknap,4
New Hampshire,Carroll,5
New Hampshire,Cheshire,4
New Hampshire,Coos,4
New Hampshire,Grafton,8
New Hampshire,Hillsborough,11
New Hampshire,Merrimack,9
New Hampshire,Rockingham,11
New Hampshire,Strafford,5
New Hampshire,Sullivan,4
New Jersey,Atlantic,3
New Jersey,Bergen,1
New Jersey,Burlington,3
New Jersey,Camden,4
New Jersey,Cape May,4
New Jersey,Cumberland,13
New Jersey,Essex,3
New Jersey,Gloucester,4
New Jersey,Hunterdon,6
New Jersey,Mercer,1
New Jersey,Middlesex,5
New Jersey,Monmouth,5
New Jersey,Morris,9
New Jersey,Ocean,10
New Jersey,Passaic,10
New Jersey,Salem,1
New Jersey,Somerset,8
New Jersey,Sussex,16
New Jersey,Union,1
New Jersey,Warren,5
New Mexico,Bernalillo,11
New Mexico,Chaves,11
New Mexico,Cibola,9
New Mexico,Colfax,3
New Mexico,Curry,2
New Mexico,De Baca,2
New Mexico,Dona Ana,19
New Mexico,Eddy,18
New Mexico,Grant,14
New Mexico,Guadalupe,2
New Mexico,Lea,7
New Mexico,Lincoln,7
New Mexico,Luna,4
New Mexico,McKinley,28
New Mexico,Mora,1
New Mexico,Otero,7
New Mexico,Quay,1
New Mexico,Rio Arriba,4
New Mexico,San Juan,21
New Mexico,San Miguel,2
New Mexico,Sandoval,8
New Mexico,Santa Fe,15
New Mexico,Sierra,11
New Mexico,Socorro,5
New Mexico,Taos,8
New Mexico,Torrance,2
New Mexico,Union,1
New Mexico,Valencia,5
New York,Albany,12
New York,Allegany,7
New York,Broome,11
New York,Cattaraugus,18
New York,Cayuga,3
New York,Chautauqua,9
New York,Chemung,7
New York,Chenango,7
New York,Clinton,9
New York,Columbia,6
New York,Cortland,7
New York,Delaware,11
New York,Dutchess,29
New York,Erie,14
New York,Essex,22
New York,Franklin,14
New York,Fulton,6
New York,Genesee,8
New York,Greene,5
New York,Hamilton,1
New York,Herkimer,9
New York,Jefferson,13
New York,Lewis,10
New York,Livingston,17
New York,Madison,9
New York,Monroe,15
New York,Montgomery,8
New York,Nassau,1
New York,Niagara,3
New York,Oneida,10
New York,Onondaga,15
New York,Ontario,18
New York,Orange,14
New York,Orleans,6
New York,Oswego,10
New York,Otsego,3
New York,Putnam,3
New York,Rensselaer,10
New York,Rockland,4
New York,Saratoga,9
New York,Schenectady,2
New York,Schoharie,5
New York,Schuyler,4
New York,Seneca,2
New York,St Lawrence,17
New York,Steuben,18
New York,Suffolk,14
New York,Sullivan,12
New York,Tioga,14
New York,Tompkins,7
New York,Ulster,10
New York,Warren,15
New York,Washington,17
New York,Wayne,15
New York,Westchester,5
New York,Wyoming,5
New York,Yates,7
North Carolina,Alamance,3
North Carolina,Anson,2
North Carolina,Ashe,1
North Carolina,Avery,2
North Carolina,Beaufort,4
North Carolina,Bertie,1
North Carolina,Bladen,1
North Carolina,Brunswick,1
North Carolina,Buncombe,9
North Carolina,Burke,3
North Carolina,Cabarrus,8
North Carolina,Caldwell,4
North Carolina,Caswell,1
North Carolina,Catawba,3
North Carolina,Chatham,3
North Carolina,Cherokee,3
North Carolina,Cleveland,12
North Carolina,Columbus,1
North Carolina,Craven,2
North Carolina,Cumberland,9
North Carolina,Dare,1
North Carolina,Davidson,3
North Carolina,Davie,3
North Carolina,Duplin,3
North Carolina,Durham,3
North Carolina,Edgecombe,6
North Carolina,Forsyth,2
North Carolina,Franklin,1
North Carolina,Gaston,4
North Carolina,Greene,1
North Carolina,Guilford,8
North Carolina,Halifax,3
North Carolina,Harnett,7
North Carolina,Haywood,1
North Carolina,Henderson,3
North Carolina,Hertford,2
North Carolina,Hoke,1
North Carolina,Iredell,4
North Carolina,Jackson,6
North Carolina,Johnston,4
North Carolina,Jones,2
North Carolina,Lee,6
North Carolina,Lenoir,2
North Carolina,Lincoln,1
North Carolina,Macon,3
North Carolina,McDowell,4
North Carolina,Mecklenburg,3
North Carolina,Mitchell,18
North Carolina,Montgomery,4
North Carolina,Moore,9
North Carolina,New Hanover,2
North Carolina,Northampton,2
North Carolina,Onslow,1
North Carolina,Orange,2
North Carolina,Pasquotank,1
North Carolina,Pender,4
North Carolina,Pitt,8
North Carolina,Polk,1
North Carolina,Randolph,2
North Carolina,Richmond,4
North Carolina,Robeson,1
North Carolina,Rockingham,8
North Carolina,Rowan,12
North Carolina,Rutherford,4
North Carolina,Sampson,3
North Carolina,Scotland,1
North Carolina,Stanly,2
North Carolina,Stokes,3
North Carolina,Surry,5
North Carolina,Swain,1
North Carolina,Transylvania,2
North Carolina,Union,3
North Carolina,Vance,1
North Carolina,Wake,7
North Carolina,Watauga,4
North Carolina,Wayne,8
North Carolina,Wilkes,3
North Carolina,Wilson,2
North Carolina,Yadkin,1
North Carolina,Yancey,6
North Dakota,Barnes,3
North Dakota,Bottineau,1
North Dakota,Bowman,5
North Dakota,Burke,4
North Dakota,Burleigh,3
North Dakota,Cass,1
North Dakota,Dickey,2
North Dakota,Divide,1
North Dakota,Dunn,2
North Dakota,Eddy,2
North Dakota,Foster,2
North Dakota,Grand Forks,7
North Dakota,Grant,2
North Dakota,Hettinger,2
North Dakota,La Moure,1
North Dakota,McHenry,1
North Dakota,McLean,4
North Dakota,Mercer,4
North Dakota,Morton,2
North Dakota,Oliver,2
North Dakota,Pierce,1
North Dakota,Ramsey,1
North Dakota,Ransom,1
North Dakota,Renville,2
North Dakota,Richland,3
North Dakota,Rolette,1
North Dakota,Stark,7
North Dakota,Stutsman,2
North Dakota,Towner,1
North Dakota,Traill,3
North Dakota,Walsh,10
North Dakota,Ward,5
North Dakota,Wells,3
North Dakota,Williams,8
Ohio,Adams,2
Ohio,Allen,4
Ohio,Ashland,2
Ohio,Ashtabula,4
Ohio,Athens,5
Ohio,Auglaize,5
Ohio,Belmont,32
Ohio,Brown,1
Ohio,Butler,13
Ohio,Carroll,11
Ohio,Champaign,3
Ohio,Clark,6
Ohio,Clermont,1
Ohio,Clinton,1
Ohio,Columbiana,33
Ohio,Coshocton,19
Ohio,Crawford,1
Ohio,Cuyahoga,2
Ohio,Darke,2
Ohio,Delaware,4
Ohio,Erie,4
Ohio,Fairfield,1
Ohio,Fayette,3
Ohio,Franklin,10
Ohio,Gallia,7
Ohio,Geauga,5
Ohio,Greene,8
Ohio,Guernsey,6
Ohio,Hamilton,17
Ohio,Hancock,3
Ohio,Hardin,1
Ohio,Harrison,25
Ohio,Henry,2
Ohio,Highland,2
Ohio,Hocking,8
Ohio,Holmes,10
Ohio,Huron,1
Ohio,Jackson,13
Ohio,Jefferson,22
Ohio,Knox,6
Ohio,Lake,3
Ohio,Lawrence,11
Ohio,Licking,5
Ohio,Logan,7
Ohio,Lorain,1
Ohio,Lucas,6
Ohio,Mahoning,10
Ohio,Marion,6
Ohio,Medina,4
Ohio,Meigs,6
Ohio,Mercer,2
Ohio,Miami,8
Ohio,Monroe,4
Ohio,Montgomery,13
Ohio,Morgan,3
Ohio,Morrow,1
Ohio,Muskingum,22
Ohio,Noble,5
Ohio,Ottawa,5
Ohio,Paulding,3
Ohio,Perry,15
Ohio,Pickaway,2
Ohio,Pike,4
Ohio,Portage,20
Ohio,Preble,3
Ohio,Putnam,4
Ohio,Richland,4
Ohio,Ross,5
Ohio,Sandusky,4
Ohio,Scioto,6
Ohio,Seneca,3
Ohio,Shelby,4
Ohio,Stark,25
Ohio,Summit,7
Ohio,Trumbull,3
Ohio,Tuscarawas,43
Ohio,Union,2
Ohio,Van Wert,3
Ohio,Vinton,9
Ohio,Warren,10
Ohio,Washington,8
Ohio,Wayne,8
Ohio,Williams,2
Ohio,Wood,5
Ohio,Wyandot,7
Oklahoma,Atoka,2
Oklahoma,Beaver,2
Oklahoma,Beckham,1
Oklahoma,Blaine,4
Oklahoma,Bryan,4
Oklahoma,Caddo,7
Oklahoma,Canadian,5
Oklahoma,Carter,2
Oklahoma,Cherokee,1
Oklahoma,Choctaw,5
Oklahoma,Cleveland,13
Oklahoma,Coal,1
Oklahoma,Comanche,2
Oklahoma,Cotton,1
Oklahoma,Craig,11
Oklahoma,Creek,3
Oklahoma,Custer,5
Oklahoma,Delaware,2
Oklahoma,Garvin,1
Oklahoma,Grady,2
Oklahoma,Greer,8
Oklahoma,Haskell,11
Oklahoma,Jackson,3
Oklahoma,Johnston,13
Oklahoma,Kay,7
Oklahoma,Kingfisher,3
Oklahoma,Kiowa,5
Oklahoma,Latimer,1
Oklahoma,Le Flore,7
Oklahoma,Lincoln,1
Oklahoma,Logan,2
Oklahoma,Love,2
Oklahoma,Major,1
Oklahoma,Marshall,1
Oklahoma,Mayes,4
Oklahoma,McClain,2
Oklahoma,McCurtain,4
Oklahoma,McIntosh,4
Oklahoma,Murray,8
Oklahoma,Muskogee,7
Oklahoma,Noble,1
Oklahoma,Nowata,1
Oklahoma,Oklahoma,15
Oklahoma,Okmulgee,2
Oklahoma,Osage,3
Oklahoma,Ottawa,5
Oklahoma,Pawnee,6
Oklahoma,Payne,5
Oklahoma,Pittsburg,9
Oklahoma,Pontotoc,5
Oklahoma,Pottawatomie,9
Oklahoma,Pushmataha,3
Oklahoma,Roger Mills,1
Oklahoma,Rogers,11
Oklahoma,Seminole,8
Oklahoma,Sequoyah,2
Oklahoma,Stephens,3
Oklahoma,Texas,3
Oklahoma,Tillman,2
Oklahoma,Tulsa,26
Oklahoma,Wagoner,8
Oklahoma,Washington,5
Oklahoma,Washita,3
Oklahoma,Woods,1
Oklahoma,Woodward,3
Oregon,Baker,8
Oregon,Benton,6
Oregon,Clackamas,13
Oregon,Clatsop,1
Oregon,Columbia,6
Oregon,Coos,7
Oregon,Crook,3
Oregon,Curry,4
Oregon,Deschutes,4
Oregon,Douglas,12
Oregon,Grant,2
Oregon,Jackson,9
Oregon,Josephine,8
Oregon,Klamath,2
Oregon,Lake,1
Oregon,Lane,14
Oregon,Lincoln,6
Oregon,Linn,7
Oregon,Malheur,5
Oregon,Marion,7
Oregon,Morrow,1
Oregon,Multnomah,9
Oregon,Polk,7
Oregon,Tillamook,3
Oregon,Umatilla,4
Oregon,Washington,5
Oregon,Yamhill,9
Pennsylvania,Adams,5
Pennsylvania,Allegheny,19
Pennsylvania,Armstrong,62
Pennsylvania,Beaver,7
Pennsylvania,Bedford,6
Pennsylvania,Berks,16
Pennsylvania,Blair,5
Pennsylvania,Bradford,4
Pennsylvania,Bucks,19
Pennsylvania,Butler,29
Pennsylvania,Cambria,37
Pennsylvania,Cameron,1
Pennsylvania,Carbon,5
Pennsylvania,Centre,24
Pennsylvania,Chester,10
Pennsylvania,Clarion,25
Pennsylvania,Clearfield,101
Pennsylvania,Clinton,9
Pennsylvania,Columbia,15
Pennsylvania,Crawford,8
Pennsylvania,Cumberland,8
Pennsylvania,Dauphin,16
Pennsylvania,Delaware,3
Pennsylvania,Elk,16
Pennsylvania,Erie,16
Pennsylvania,Fayette,76
Pennsylvania,Forest,2
Pennsylvania,Franklin,4
Pennsylvania,Fulton,4
Pennsylvania,Greene,38
Pennsylvania,Huntingdon,4
Pennsylvania,Indiana,76
Pennsylvania,Jefferson,56
Pennsylvania,Juniata,1
Pennsylvania,Lackawanna,8
Pennsylvania,Lancaster,16
Pennsylvania,Lawrence,21
Pennsylvania,Lebanon,3
Pennsylvania,Lehigh,9
Pennsylvania,Luzerne,54
Pennsylvania,Lycoming,7
Pennsylvania,McKean,1
Pennsylvania,Mercer,13
Pennsylvania,Mifflin,3
Pennsylvania,Monroe,6
Pennsylvania,Montgomery,10
Pennsylvania,Montour,2
Pennsylvania,Northampton,14
Pennsylvania,Northumberland,67
Pennsylvania,Perry,2
Pennsylvania,Pike,2
Pennsylvania,Potter,1
Pennsylvania,Schuylkill,150
Pennsylvania,Snyder,3
Pennsylvania,Somerset,94
Pennsylvania,Sullivan,3
Pennsylvania,Susquehanna,4
Pennsylvania,Tioga,6
Pennsylvania,Union,3
Pennsylvania,Venango,13
Pennsylvania,Warren,8
Pennsylvania,Washington,38
Pennsylvania,Wayne,4
Pennsylvania,Westmoreland,58
Pennsylvania,Wyoming,2
Pennsylvania,York,12
Puerto Rico,72002,3
Puerto Rico,72004,8
Puerto Rico,72006,8
Puerto Rico,72008,2
Puerto Rico,72010,11
Puerto Rico,72012,7
Puerto Rico,Adjuntas,8
Puerto Rico,Aguada,3
Puerto Rico,Aguadilla,9
Puerto Rico,Aguas Buenas,7
Puerto Rico,Aibonito,7
Rhode Island,Kent,3
Rhode Island,Newport,1
Rhode Island,Providence,13
Rhode Island,Washington,3
South Carolina,Abbeville,1
South Carolina,Aiken,14
South Carolina,Anderson,3
South Carolina,Bamberg,2
South Carolina,Berkeley,3
South Carolina,Calhoun,1
South Carolina,Charleston,3
South Carolina,Cherokee,10
South Carolina,Chester,2
South Carolina,Chesterfield,8
South Carolina,Colleton,2
South Carolina,Dillon,1
South Carolina,Dorchester,7
South Carolina,Edgefield,1
South Carolina,Fairfield,2
South Carolina,Florence,2
South Carolina,Georgetown,2
South Carolina,Greenville,3
South Carolina,Greenwood,2
South Carolina,Horry,4
South Carolina,Jasper,3
South Carolina,Kershaw,8
South Carolina,Lancaster,4
South Carolina,Laurens,4
South Carolina,Lee,1
South Carolina,Lexington,14
South Carolina,Marion,1
South Carolina,Marlboro,3
South Carolina,Oconee,1
South Carolina,Orangeburg,5
South Carolina,Pickens,1
South Carolina,Richland,8
South Carolina,Saluda,1
South Carolina,Spartanburg,8
South Carolina,Sumter,4
South Carolina,Union,1
South Carolina,York,3
South Dakota,Brookings,2
South Dakota,Brown,2
South Dakota,Butte,2
South Dakota,Campbell,2
South Dakota,Charles Mix,5
South Dakota,Clay,1
South Dakota,Codington,3
South Dakota,Custer,8
South Dakota,Davison,2
South Dakota,Day,3
South Dakota,Deuel,2
South Dakota,Dewey,1
South Dakota,Douglas,2
South Dakota,Edmunds,2
South Dakota,Fall River,2
South Dakota,Faulk,1
South Dakota,Grant,11
South Dakota,Gregory,2
South Dakota,Hand,1
South Dakota,Hanson,1
South Dakota,Hughes,1
South Dakota,Kingsbury,1
South Dakota,Lake,2
South Dakota,Lawrence,10
South Dakota,Marshall,4
South Dakota,McCook,1
South Dakota,McPherson,3
South Dakota,Meade,1
South Dakota,Minnehaha,10
South Dakota,Moody,1
South Dakota,Pennington,19
South Dakota,Perkins,1
South Dakota,Roberts,2
South Dakota,Spink,3
South Dakota,Stanley,1
South Dakota,Sully,1
South Dakota,Todd,1
South Dakota,Tripp,3
South Dakota,Turner,3
South Dakota,Union,2
South Dakota,Yankton,3
South Dakota,Ziebach,2
Tennessee,Anderson,33
Tennessee,Bedford,1
Tennessee,Benton,7
Tennessee,Bledsoe,2
Tennessee,Blount,3
Tennessee,Bradley,2
Tennessee,Campbell,48
Tennessee,Cannon,1
Tennessee,Carroll,2
Tennessee,Carter,1
Tennessee,Claiborne,13
Tennessee,Clay,1
Tennessee,Cocke,1
Tennessee,Coffee,2
Tennessee,Cumberland,17
Tennessee,Davidson,9
Tennessee,De Kalb,2
Tennessee,Decatur,4
Tennessee,Dickson,1
Tennessee,Dyer,1
Tennessee,Fentress,8
Tennessee,Franklin,3
Tennessee,Gibson,1
Tennessee,Giles,3
Tennessee,Grainger,2
Tennessee,Greene,2
Tennessee,Grundy,4
Tennessee,Hamblen,1
Tennessee,Hamilton,6
Tennessee,Hardeman,1
Tennessee,Hardin,2
Tennessee,Hawkins,1
Tennessee,Henry,9
Tennessee,Hickman,2
Tennessee,Humphreys,2
Tennessee,Jackson,1
Tennessee,Jefferson,14
Tennessee,Johnson,1
Tennessee,Knox,12
Tennessee,Lauderdale,1
Tennessee,Lawrence,1
Tennessee,Lincoln,2
Tennessee,Loudon,2
Tennessee,Macon,1
Tennessee,Madison,3
Tennessee,Marion,15
Tennessee,Marshall,2
Tennessee,Maury,11
Tennessee,McMinn,3
Tennessee,McNairy,1
Tennessee,Meigs,1
Tennessee,Monroe,2
Tennessee,Montgomery,1
Tennessee,Moore,2
Tennessee,Morgan,7
Tennessee,Obion,6
Tennessee,Overton,4
Tennessee,Perry,1
Tennessee,Pickett,1
Tennessee,Polk,9
Tennessee,Putnam,4
Tennessee,Rhea,3
Tennessee,Roane,3
Tennessee,Robertson,2
Tennessee,Rutherford,3
Tennessee,Scott,22
Tennessee,Sequatchie,17
Tennessee,Sevier,3
Tennessee,Shelby,8
Tennessee,Smith,5
Tennessee,Stewart,1
Tennessee,Sullivan,5
Tennessee,Sumner,2
Tennessee,Tipton,4
Tennessee,Unicoi,2
Tennessee,Union,6
Tennessee,Van Buren,1
Tennessee,Warren,2
Tennessee,Washington,4
Tennessee,Wayne,1
Tennessee,Weakley,10
Tennessee,White,1
Tennessee,Williamson,6
Tennessee,Wilson,1
Texas,Anderson,2
Texas,Andrews,1
Texas,Angelina,1
Texas,Atascosa,4
Texas,Bastrop,2
Texas,Bee,1
Texas,Bell,8
Texas,Bexar,35
Texas,Borden,1
Texas,Bosque,3
Texas,Bowie,2
Texas,Brazoria,6
Texas,Brazos,2
Texas,Brewster,2
Texas,Brooks,1
Texas,Brown,1
Texas,Burleson,2
Texas,Burnet,13
Texas,Calhoun,1
Texas,Cameron,5
Texas,Cass,1
Texas,Chambers,2
Texas,Cherokee,2
Texas,Coke,1
Texas,Coleman,2
Texas,Collin,2
Texas,Collingsworth,1
Texas,Colorado,16
Texas,Comal,6
Texas,Comanche,1
Texas,Cooke,2
Texas,Coryell,3
Texas,Crane,1
Texas,Crockett,1
Texas,Crosby,2
Texas,Culberson,4
Texas,Dallas,17
Texas,Denton,4
Texas,Donley,1
Texas,Duval,8
Texas,Eastland,4
Texas,Ector,2
Texas,El Paso,10
Texas,Ellis,4
Texas,Erath,1
Texas,Fayette,9
Texas,Fisher,1
Texas,Floyd,1
Texas,Fort Bend,3
Texas,Freestone,4
Texas,Gaines,1
Texas,Galveston,6
Texas,Garza,1
Texas,Gillespie,5
Texas,Gonzales,2
Texas,Grayson,4
Texas,Gregg,1
Texas,Grimes,1
Texas,Guadalupe,4
Texas,Hale,1
Texas,Hall,1
Texas,Hansford,1
Texas,Hardeman,1
Texas,Hardin,2
Texas,Harris,20
Texas,Harrison,4
Texas,Hays,7
Texas,Henderson,5
Texas,Hidalgo,12
Texas,Hill,1
Texas,Hood,2
Texas,Hopkins,1
Texas,Hudspeth,7
Texas,Hutchinson,3
Texas,Jack,1
Texas,Jasper,1
Texas,Jefferson,2
Texas,Jim Wells,1
Texas,Johnson,6
Texas,Jones,1
Texas,Karnes,2
Texas,Kaufman,3
Texas,Kendall,1
Texas,Kerr,2
Texas,Kimble,1
Texas,Kleberg,1
Texas,Lamb,1
Texas,Lampasas,2
Texas,Liberty,8
Texas,Limestone,7
Texas,Live Oak,6
Texas,Llano,3
Texas,Lubbock,2
Texas,Lynn,1
Texas,Maverick,2
Texas,McCulloch,4
Texas,McLennan,12
Texas,McMullen,2
Texas,Medina,2
Texas,Midland,3
Texas,Milam,2
Texas,Montague,1
Texas,Montgomery,5
Texas,Morris,1
Texas,Motley,2
Texas,Nacogdoches,1
Texas,Navarro,2
Texas,Newton,2
Texas,Nolan,5
Texas,Nueces,6
Texas,Oldham,2
Texas,Orange,8
Texas,Palo Pinto,4
Texas,Panola,1
Texas,Parker,5
Texas,Pecos,1
Texas,Potter,9
Texas,Randall,2
Texas,Reeves,3
Texas,Robertson,1
Texas,Runnels,1
Texas,Rusk,1
Texas,San Patricio,5
Texas,San Saba,1
Texas,Scurry,1
Texas,Smith,2
Texas,Somervell,2
Texas,Starr,2
Texas,Stonewall,1
Texas,Tarrant,7
Texas,Taylor,3
Texas,Throckmorton,1
Texas,Titus,1
Texas,Tom Green,1
Texas,Travis,9
Texas,Uvalde,6
Texas,Val Verde,1
Texas,Van Zandt,2
Texas,Victoria,6
Texas,Walker,5
Texas,Waller,2
Texas,Ward,3
Texas,Webb,12
Texas,Williamson,8
Texas,Wilson,1
Texas,Wise,16
Texas,Wood,1
Texas,Young,2
Utah,Beaver,3
Utah,Box Elder,10
Utah,Cache,5
Utah,Carbon,27
Utah,Davis,7
Utah,Duchesne,1
Utah,Emery,16
Utah,Garfield,4
Utah,Grand,16
Utah,Iron,4
Utah,Juab,9
Utah,Kane,3
Utah,Millard,15
Utah,Morgan,3
Utah,Rich,3
Utah,Salt Lake,42
Utah,San Juan,16
Utah,Sanpete,2
Utah,Sevier,11
Utah,Summit,4
Utah,Tooele,17
Utah,Uintah,32
Utah,Utah,17
Utah,Wasatch,4
Utah,Washington,6
Utah,Wayne,4
Utah,Weber,3
Vermont,Addison,17
Vermont,Bennington,7
Vermont,Caledonia,6
Vermont,Chittenden,17
Vermont,Essex,1
Vermont,Franklin,4
Vermont,Grand Isle,1
Vermont,Lamoille,11
Vermont,Orange,5
Vermont,Orleans,5
Vermont,Rutland,33
Vermont,Washington,18
Vermont,Windsor,15
Virgin Islands of the U.S.,78001,3
Virginia,Albemarle,3
Virginia,Amherst,3
Virginia,Appomattox,1
Virginia,Augusta,4
Virginia,Bath,1
Virginia,Bedford,2
Virginia,Bland,1
Virginia,Botetourt,5
Virginia,Brunswick,2
Virginia,Buchanan,260
Virginia,Buckingham,5
Virginia,Campbell,8
Virginia,Caroline,5
Virginia,Charles City,3
Virginia,Chesapeake City,2
Virginia,Chesterfield,3
Virginia,Clarke,1
Virginia,Craig,1
Virginia,Culpeper,4
Virginia,Dickenson,97
Virginia,Dinwiddie,1
Virginia,Essex,1
Virginia,Fairfax,2
Virginia,Fauquier,4
Virginia,Franklin,1
Virginia,Frederick,6
Virginia,Giles,2
Virginia,Gloucester,1
Virginia,Goochland,3
Virginia,Grayson,1
Virginia,Greene,1
Virginia,Greensville,2
Virginia,Halifax,1
Virginia,Hanover,7
Virginia,Henrico,6
Virginia,Henry,2
Virginia,James City,1
Virginia,King George,4
Virginia,Lee,34
Virginia,Loudoun,5
Virginia,Louisa,2
Virginia,Montgomery,3
Virginia,Nelson,1
Virginia,New Kent,2
Virginia,Norfolk City,1
Virginia,Nottoway,1
Virginia,Orange,1
Virginia,Pittsylvania,4
Virginia,Prince Edward,1
Virginia,Prince George,2
Virginia,Prince William,3
Virginia,Pulaski,3
Virginia,Roanoke,3
Virginia,Rockbridge,4
Virginia,Rockingham,6
Virginia,Russell,39
Virginia,Scott,6
Virginia,Shenandoah,2
Virginia,Smyth,3
Virginia,Southampton,3
Virginia,Spotsylvania,2
Virginia,Stafford,3
Virginia,Suffolk City,1
Virginia,Sussex,1
Virginia,Tazewell,32
Virginia,Virginia Beach City,2
Virginia,Warren,2
Virginia,Washington,3
Virginia,Westmoreland,1
Virginia,Wise,195
Virginia,Wythe,8
Washington,Benton,4
Washington,Chelan,8
Washington,Clallam,9
Washington,Clark,10
Washington,Cowlitz,3
Washington,Douglas,2
Washington,Ferry,7
Washington,Franklin,2
Washington,Garfield,1
Washington,Grant,5
Washington,Grays Harbor,10
Washington,Island,6
Washington,Jefferson,4
Washington,King,29
Washington,Kitsap,9
Washington,Kittitas,3
Washington,Klickitat,5
Washington,Lewis,7
Washington,Mason,4
Washington,Okanogan,10
Washington,Pacific,6
Washington,Pend Oreille,5
Washington,Pierce,18
Washington,San Juan,6
Washington,Skagit,8
Washington,Skamania,3
Washington,Snohomish,17
Washington,Spokane,18
Washington,Stevens,18
Washington,Thurston,11
Washington,Walla Walla,1
Washington,Whatcom,17
Washington,Whitman,1
Washington,Yakima,10
West Virginia,Barbour,15
West Virginia,Berkeley,6
West Virginia,Boone,108
West Virginia,Braxton,13
West Virginia,Brooke,4
West Virginia,Cabell,1
West Virginia,Clay,6
West Virginia,Fayette,62
West Virginia,Gilmer,2
West Virginia,Grant,11
West Virginia,Greenbrier,26
West Virginia,Hampshire,1
West Virginia,Hancock,3
West Virginia,Harrison,35
West Virginia,Kanawha,57
West Virginia,Lewis,8
West Virginia,Lincoln,4
West Virginia,Logan,127
West Virginia,Marion,14
West Virginia,Marshall,4
West Virginia,Mason,4
West Virginia,McDowell,104
West Virginia,Mercer,10
West Virginia,Mineral,11
West Virginia,Mingo,58
West Virginia,Monongalia,48
West Virginia,Nicholas,81
West Virginia,Ohio,2
West Virginia,Pendleton,1
West Virginia,Pocahontas,3
West Virginia,Preston,56
West Virginia,Putnam,1
West Virginia,Raleigh,61
West Virginia,Randolph,28
West Virginia,Summers,1
West Virginia,Taylor,4
West Virginia,Tucker,5
West Virginia,Upshur,16
West Virginia,Wayne,3
West Virginia,Webster,21
West Virginia,Wetzel,1
West Virginia,Wyoming,64
Wisconsin,Adams,2
Wisconsin,Barron,6
Wisconsin,Bayfield,2
Wisconsin,Brown,15
Wisconsin,Buffalo,2
Wisconsin,Burnett,2
Wisconsin,Calumet,3
Wisconsin,Chippewa,9
Wisconsin,Clark,3
Wisconsin,Columbia,8
Wisconsin,Crawford,3
Wisconsin,Dane,26
Wisconsin,Dodge,5
Wisconsin,Door,11
Wisconsin,Douglas,4
Wisconsin,Dunn,5
Wisconsin,Eau Claire,2
Wisconsin,Florence,1
Wisconsin,Fond du Lac,13
Wisconsin,Forest,3
Wisconsin,Grant,9
Wisconsin,Green,4
Wisconsin,Green Lake,7
Wisconsin,Iowa,4
Wisconsin,Iron,2
Wisconsin,Jackson,3
Wisconsin,Jefferson,3
Wisconsin,Juneau,2
Wisconsin,Kenosha,4
Wisconsin,Kewaunee,5
Wisconsin,La Crosse,2
Wisconsin,Lafayette,4
Wisconsin,Langlade,1
Wisconsin,Lincoln,6
Wisconsin,Manitowoc,11
Wisconsin,Marathon,14
Wisconsin,Marinette,10
Wisconsin,Marquette,1
Wisconsin,Milwaukee,3
Wisconsin,Monroe,5
Wisconsin,Oconto,8
Wisconsin,Oneida,5
Wisconsin,Outagamie,6
Wisconsin,Ozaukee,4
Wisconsin,Pepin,1
Wisconsin,Pierce,3
Wisconsin,Polk,6
Wisconsin,Portage,4
Wisconsin,Racine,5
Wisconsin,Richland,3
Wisconsin,Rock,14
Wisconsin,Rusk,2
Wisconsin,Sauk,6
Wisconsin,Sawyer,3
Wisconsin,Shawano,5
Wisconsin,Sheboygan,5
Wisconsin,St Croix,4
Wisconsin,Taylor,5
Wisconsin,Trempealeau,2
Wisconsin,Vernon,1
Wisconsin,Vilas,3
Wisconsin,Walworth,7
Wisconsin,Washburn,2
Wisconsin,Washington,7
Wisconsin,Waukesha,29
Wisconsin,Waupaca,4
Wisconsin,Waushara,2
Wisconsin,Winnebago,5
Wisconsin,Wood,1
Wyoming,Albany,6
Wyoming,Big Horn,13
Wyoming,Campbell,19
Wyoming,Carbon,11
Wyoming,Converse,11
Wyoming,Crook,9
Wyoming,Fremont,21
Wyoming,Goshen,5
Wyoming,Hot Springs,5
Wyoming,Johnson,7
Wyoming,Laramie,10
Wyoming,Lincoln,11
Wyoming,Natrona,11
Wyoming,Niobrara,1
Wyoming,Park,4
Wyoming,Platte,5
Wyoming,Sheridan,9
Wyoming,Sublette,5
Wyoming,Sweetwater,14
Wyoming,Teton,2
Wyoming,Uinta,9
Wyoming,Washakie,4
Wyoming,Weston,3
