State,County,Number of Employees
Alabama,Autauga,11
Alabama,Baldwin,11
Alabama,Barbour,74
Alabama,Bibb,32
Alabama,Blount,57
Alabama,Calhoun,64
Alabama,Cherokee,11
Alabama,Chilton,31
Alabama,Clarke,12
Alabama,Coffee,2
Alabama,Colbert,96
Alabama,Conecuh,29
Alabama,Coosa,13
Alabama,Covington,2
Alabama,Crenshaw,5
Alabama,Cullman,148
Alabama,Dale,10
Alabama,Dallas,58
Alabama,De Kalb,12
Alabama,Elmore,35
Alabama,Escambia,62
Alabama,Etowah,27
Alabama,Fayette,354
Alabama,Franklin,29
Alabama,Geneva,1
Alabama,Greene,6
Alabama,Hale,4
Alabama,Henry,1
Alabama,Houston,6
Alabama,Jackson,31
Alabama,Jefferson,1544
Alabama,Lawrence,12
Alabama,Lee,28
Alabama,Lowndes,34
Alabama,Macon,74
Alabama,Madison,80
Alabama,Marengo,82
Alabama,Marion,79
Alabama,Marshall,46
Alabama,Mobile,174
Alabama,Monroe,9
Alabama,Montgomery,85
Alabama,Morgan,44
Alabama,Pickens,10
Alabama,Russell,31
Alabama,Shelby,649
Alabama,St Clair,186
Alabama,Sumter,57
Alabama,Talladega,410
Alabama,Tuscaloosa,1740
Alabama,Walker,1761
Alabama,Washington,7
Alabama,Winston,88
Alaska,2001,1
Alaska,2002,6
Alaska,2005,3
Alaska,2006,0
Alaska,2007,2
Alaska,2009,1
Alaska,2011,11
Alaska,2012,4
Alaska,2014,102
Alaska,Aleutians East,11
Alaska,Anchorage,65
Alaska,Bethel,10
Alaska,Fairbanks North Star,71
Alaska,Juneau,137
Alaska,Kenai Peninsula,3
Alaska,Ketchikan Gateway,15
Alaska,Matanuska-Susitna,227
Alaska,Nome,82
Alaska,Northwest Arctic,176
Alaska,Sitka,5
Alaska,Southeast Fairbanks,2
Alaska,Valdez-Cordova,2
Alaska,Yukon-Koyukuk,50
Arizona,Apache,27
Arizona,Cochise,217
Arizona,Coconino,87
Arizona,Gila,1370
Arizona,Graham,20
Arizona,Greenlee,2102
Arizona,La Paz,76
Arizona,Maricopa,664
Arizona,Mohave,160
Arizona,Navajo,965
Arizona,Pima,1792
Arizona,Pinal,3405
Arizona,Santa Cruz,15
Arizona,Yavapai,991
Arizona,Yuma,75
Arkansas,Ashley,2
Arkansas,Baxter,31
Arkansas,Benton,77
Arkansas,Boone,42
Arkansas,Bradley,6
Arkansas,Calhoun,32
Arkansas,Carroll,9
Arkansas,Clark,11
Arkansas,Cleburne,14
Arkansas,Conway,2
Arkansas,Craighead,15
Arkansas,Crawford,37
Arkansas,Crittenden,38
Arkansas,Cross,3
Arkansas,Desha,17
Arkansas,Faulkner,20
Arkansas,Franklin,9
Arkansas,Fulton,2
Arkansas,Garland,125
Arkansas,Grant,13
Arkansas,Greene,27
Arkansas,Hempstead,5
Arkansas,Hot Spring,50
Arkansas,Howard,75
Arkansas,Independence,136
Arkansas,Izard,59
Arkansas,Jackson,5
Arkansas,Jefferson,7
Arkansas,Johnson,16
Arkansas,Lawrence,47
Arkansas,Lincoln,29
Arkansas,Little River,204
Arkansas,Logan,45
Arkansas,Marion,29
Arkansas,Miller,1
Arkansas,Montgomery,47
Arkansas,Nevada,7
Arkansas,Ouachita,52
Arkansas,Perry,14
Arkansas,Pike,35
Arkansas,Poinsett,21
Arkansas,Polk,48
Arkansas,Pope,31
Arkansas,Pulaski,442
Arkansas,Saline,649
Arkansas,Scott,2
Arkansas,Sebastian,114
Arkansas,Sevier,23
Arkansas,Sharp,2
Arkansas,St Francis,6
Arkansas,Stone,4
Arkansas,Union,9
Arkansas,Van Buren,9
Arkansas,Washington,39
Arkansas,White,35
Arkansas,Yell,1
California,Alameda,271
California,Amador,155
California,Butte,35
California,Calaveras,149
California,Colusa,0
California,Contra Costa,100
California,Del Norte,22
California,El Dorado,38
California,Fresno,115
California,Glenn,31
California,Humboldt,71
California,Imperial,575
California,Inyo,99
California,Kern,1332
California,Lake,366
California,Lassen,168
California,Los Angeles,434
California,Madera,52
California,Marin,32
California,Mariposa,29
California,Mendocino,44
California,Merced,36
California,Modoc,17
California,Mono,28
California,Monterey,156
California,Napa,37
California,Nevada,58
California,Orange,152
California,Placer,67
California,Plumas,8
California,Riverside,595
California,Sacramento,165
California,San Benito,98
California,San Bernardino,1573
California,San Diego,449
California,San Joaquin,113
California,San Luis Obispo,44
California,San Mateo,35
California,Santa Barbara,528
California,Santa Clara,180
California,Santa Cruz,173
California,Shasta,239
California,Sierra,56
California,Siskiyou,47
California,Solano,45
California,Sonoma,185
California,Stanislaus,48
California,Sutter,13
California,Tehama,18
California,Trinity,4
California,Tulare,64
California,Tuolumne,288
California,Ventura,172
California,Yolo,50
California,Yuba,116
Colorado,Adams,177
Colorado,Alamosa,32
Colorado,Arapahoe,20
Colorado,Archuleta,19
Colorado,Baca,9
Colorado,Bent,2
Colorado,Boulder,182
Colorado,Chaffee,47
Colorado,Cheyenne,5
Colorado,Clear Creek,490
Colorado,Conejos,20
Colorado,Costilla,127
Colorado,Delta,138
Colorado,Denver,6
Colorado,Dolores,4
Colorado,Douglas,31
Colorado,Eagle,25
Colorado,El Paso,108
Colorado,Fremont,266
Colorado,Garfield,44
Colorado,Gilpin,9
Colorado,Grand,12
Colorado,Gunnison,309
Colorado,Hinsdale,3
Colorado,Huerfano,7
Colorado,Jackson,15
Colorado,Jefferson,160
Colorado,Kit Carson,13
Colorado,La Plata,69
Colorado,Lake,179
Colorado,Larimer,423
Colorado,Las Animas,138
Colorado,Lincoln,3
Colorado,Logan,10
Colorado,Mesa,114
Colorado,Mineral,2
Colorado,Moffat,573
Colorado,Montezuma,39
Colorado,Montrose,85
Colorado,Morgan,26
Colorado,Otero,6
Colorado,Ouray,36
Colorado,Park,11
Colorado,Phillips,6
Colorado,Pitkin,0
Colorado,Prowers,17
Colorado,Pueblo,68
Colorado,Rio Blanco,250
Colorado,Rio Grande,7
Colorado,Routt,348
Colorado,Saguache,2
Colorado,San Juan,15
Colorado,San Miguel,9
Colorado,Summit,25
Colorado,Teller,89
Colorado,Weld,115
Colorado,Yuma,0
Connecticut,Fairfield,37
Connecticut,Hartford,139
Connecticut,Litchfield,162
Connecticut,Middlesex,21
Connecticut,New Haven,178
Connecticut,New London,47
Connecticut,Tolland,40
Connecticut,Windham,48
Delaware,Kent,47
Delaware,New Castle,57
Delaware,Sussex,12
Florida,Alachua,35
Florida,Bay,0
Florida,Brevard,17
Florida,Broward,113
Florida,Calhoun,6
Florida,Charlotte,49
Florida,Citrus,107
Florida,Clay,296
Florida,Collier,85
Florida,Columbia,21
Florida,Dade,764
Florida,De Soto,6
Florida,Dixie,3
Florida,Escambia,37
Florida,Gadsden,186
Florida,Glades,30
Florida,Hamilton,324
Florida,Hardee,55
Florida,Hendry,2
Florida,Hernando,469
Florida,Hillsborough,1024
Florida,Indian River,6
Florida,Jackson,39
Florida,Lafayette,3
Florida,Lake,81
Florida,Lee,123
Florida,Leon,8
Florida,Levy,59
Florida,Manatee,21
Florida,Marion,258
Florida,Martin,3
Florida,Monroe,22
Florida,Okaloosa,3
Florida,Okeechobee,18
Florida,Orange,17
Florida,Palm Beach,53
Florida,Pasco,54
Florida,Polk,1627
Florida,Putnam,60
Florida,Santa Rosa,31
Florida,Sarasota,45
Florida,Seminole,13
Florida,St Lucie,35
Florida,Sumter,78
Florida,Suwannee,26
Florida,Taylor,87
Florida,Volusia,2
Florida,Walton,13
Florida,Washington,10
Georgia,Baldwin,6
Georgia,Banks,8
Georgia,Barrow,21
Georgia,Bartow,108
Georgia,Berrien,2
Georgia,Bibb,21
Georgia,Brantley,1
Georgia,Carroll,18
Georgia,Catoosa,13
Georgia,Chatham,22
Georgia,Cherokee,22
Georgia,Clarke,20
Georgia,Clayton,24
Georgia,Cobb,57
Georgia,Columbia,32
Georgia,Cook,3
Georgia,Coweta,14
Georgia,Crawford,30
Georgia,De Kalb,100
Georgia,Decatur,412
Georgia,Dougherty,2
Georgia,Douglas,54
Georgia,Echols,5
Georgia,Effingham,13
Georgia,Elbert,98
Georgia,Evans,2
Georgia,Fayette,47
Georgia,Floyd,52
Georgia,Forsyth,77
Georgia,Fulton,178
Georgia,Gilmer,76
Georgia,Glascock,109
Georgia,Grady,15
Georgia,Greene,10
Georgia,Gwinnett,87
Georgia,Habersham,14
Georgia,Hall,56
Georgia,Hancock,17
Georgia,Harris,16
Georgia,Hart,112
Georgia,Heard,7
Georgia,Henry,34
Georgia,Houston,131
Georgia,Jackson,6
Georgia,Jasper,30
Georgia,Jefferson,242
Georgia,Jones,87
Georgia,Lee,14
Georgia,Long,4
Georgia,Lumpkin,7
Georgia,Macon,35
Georgia,Madison,38
Georgia,Marion,44
Georgia,McIntosh,5
Georgia,Monroe,65
Georgia,Montgomery,5
Georgia,Murray,27
Georgia,Muscogee,50
Georgia,Newton,23
Georgia,Oglethorpe,191
Georgia,Pickens,204
Georgia,Pike,3
Georgia,Polk,13
Georgia,Rabun,11
Georgia,Richmond,113
Georgia,Rockdale,11
Georgia,Spalding,17
Georgia,Stephens,13
Georgia,Sumter,130
Georgia,Talbot,34
Georgia,Taylor,16
Georgia,Thomas,292
Georgia,Towns,6
Georgia,Troup,11
Georgia,Twiggs,738
Georgia,Union,23
Georgia,Walker,23
Georgia,Warren,103
Georgia,Washington,1066
Georgia,Whitfield,84
Georgia,Wilkes,21
Georgia,Wilkinson,1058
Hawaii,Hawaii,79
Hawaii,Honolulu,364
Hawaii,Kauai,39
Hawaii,Maui,70
Idaho,Ada,128
Idaho,Adams,4
Idaho,Bannock,113
Idaho,Bear Lake,10
Idaho,Benewah,67
Idaho,Bingham,74
Idaho,Blaine,15
Idaho,Bonner,13
Idaho,Bonneville,69
Idaho,Boundary,3
Idaho,Butte,7
Idaho,Camas,0
Idaho,Canyon,45
Idaho,Caribou,393
Idaho,Cassia,72
Idaho,Clark,2
Idaho,Clearwater,3
Idaho,Custer,140
Idaho,Elmore,9
Idaho,Franklin,11
Idaho,Fremont,4
Idaho,Gem,17
Idaho,Idaho,49
Idaho,Jefferson,4
Idaho,Kootenai,23
Idaho,Latah,13
Idaho,Lemhi,23
Idaho,Lewis,3
Idaho,Lincoln,5
Idaho,Madison,12
Idaho,Minidoka,12
Idaho,Nez Perce,57
Idaho,Oneida,35
Idaho,Owyhee,116
Idaho,Power,5
Idaho,Shoshone,353
Idaho,Twin Falls,31
Idaho,Valley,26
Idaho,Washington,6
Illinois,Adams,189
Illinois,Alexander,57
Illinois,Bond,10
Illinois,Boone,21
Illinois,Brown,47
Illinois,Bureau,11
Illinois,Calhoun,2
Illinois,Carroll,13
Illinois,Champaign,25
Illinois,Christian,410
Illinois,Clark,29
Illinois,Clinton,188
Illinois,Coles,29
Illinois,Cook,517
Illinois,Crawford,6
Illinois,Cumberland,11
Illinois,De Kalb,31
Illinois,Douglas,11
Illinois,Du Page,44
Illinois,Fayette,14
Illinois,Ford,7
Illinois,Franklin,525
Illinois,Fulton,73
Illinois,Gallatin,410
Illinois,Greene,13
Illinois,Grundy,21
Illinois,Hancock,34
Illinois,Hardin,289
Illinois,Henderson,11
Illinois,Henry,13
Illinois,Iroquois,7
Illinois,Jackson,20
Illinois,Jefferson,532
Illinois,Jersey,11
Illinois,Jo Daviess,27
Illinois,Johnson,44
Illinois,Kane,129
Illinois,Kankakee,54
Illinois,Kendall,23
Illinois,La Salle,505
Illinois,Lake,59
Illinois,Lawrence,13
Illinois,Lee,180
Illinois,Livingston,72
Illinois,Logan,212
Illinois,Macon,14
Illinois,Macoupin,616
Illinois,Madison,76
Illinois,Marshall,15
Illinois,Mason,8
Illinois,Massac,94
Illinois,McDonough,113
Illinois,McHenry,140
Illinois,McLean,58
Illinois,Menard,13
Illinois,Monroe,10
Illinois,Montgomery,159
Illinois,Ogle,89
Illinois,Peoria,34
Illinois,Perry,725
Illinois,Piatt,2
Illinois,Pike,46
Illinois,Pulaski,201
Illinois,Putnam,10
Illinois,Randolph,361
Illinois,Rock Island,48
Illinois,Saline,1078
Illinois,Sangamon,22
Illinois,Scott,9
Illinois,Shelby,5
Illinois,St Clair,159
Illinois,Stephenson,19
Illinois,Tazewell,28
Illinois,Union,36
Illinois,Vermilion,50
Illinois,Wabash,652
Illinois,Warren,20
Illinois,Washington,159
Illinois,White,251
Illinois,Whiteside,11
Illinois,Will,197
Illinois,Williamson,200
Illinois,Winnebago,58
Illinois,Woodford,32
Indiana,Adams,25
Indiana,Allen,86
Indiana,Bartholomew,20
Indiana,Blackford,4
Indiana,Boone,7
Indiana,Carroll,38
Indiana,Cass,118
Indiana,Clark,294
Indiana,Clay,247
Indiana,Crawford,116
Indiana,Daviess,525
Indiana,De Kalb,27
Indiana,Dearborn,9
Indiana,Decatur,17
Indiana,Delaware,20
Indiana,Dubois,74
Indiana,Elkhart,34
Indiana,Fayette,5
Indiana,Floyd,6
Indiana,Franklin,15
Indiana,Fulton,3
Indiana,Gibson,77
Indiana,Grant,47
Indiana,Greene,479
Indiana,Hamilton,122
Indiana,Hancock,7
Indiana,Harrison,42
Indiana,Hendricks,14
Indiana,Henry,9
Indiana,Howard,25
Indiana,Huntington,28
Indiana,Jackson,5
Indiana,Jasper,15
Indiana,Jay,19
Indiana,Jennings,22
Indiana,Johnson,10
Indiana,Knox,215
Indiana,Kosciusko,24
Indiana,La Grange,4
Indiana,La Porte,10
Indiana,Lake,158
Indiana,Lawrence,229
Indiana,Madison,27
Indiana,Marion,111
Indiana,Marshall,11
Indiana,Martin,99
Indiana,Miami,25
Indiana,Monroe,163
Indiana,Montgomery,17
Indiana,Morgan,47
Indiana,Newton,17
Indiana,Noble,8
Indiana,Orange,19
Indiana,Owen,29
Indiana,Perry,0
Indiana,Pike,297
Indiana,Porter,7
Indiana,Posey,5
Indiana,Pulaski,29
Indiana,Putnam,151
Indiana,Randolph,12
Indiana,Ripley,20
Indiana,Rush,8
Indiana,Scott,15
Indiana,Shelby,36
Indiana,Spencer,140
Indiana,St Joseph,22
Indiana,Starke,5
Indiana,Steuben,31
Indiana,Sullivan,210
Indiana,Switzerland,51
Indiana,Tippecanoe,40
Indiana,Vanderburgh,33
Indiana,Vermillion,58
Indiana,Vigo,20
Indiana,Wabash,5
Indiana,Warren,18
Indiana,Warrick,547
Indiana,Washington,10
Indiana,Wayne,28
Indiana,Wells,6
Indiana,White,9
Indiana,Whitley,5
Iowa,Adair,150
Iowa,Allamakee,5
Iowa,Appanoose,29
Iowa,Benton,8
Iowa,Black Hawk,75
Iowa,Buena Vista,5
Iowa,Butler,4
Iowa,Carroll,7
Iowa,Cedar,3
Iowa,Cerro Gordo,251
Iowa,Cherokee,3
Iowa,Chickasaw,4
Iowa,Clay,14
Iowa,Clayton,3
Iowa,Clinton,10
Iowa,Dallas,7
Iowa,Delaware,12
Iowa,Des Moines,134
Iowa,Dickinson,13
Iowa,Dubuque,55
Iowa,Emmet,26
Iowa,Fayette,45
Iowa,Floyd,22
Iowa,Franklin,8
Iowa,Greene,21
Iowa,Grundy,0
Iowa,Guthrie,14
Iowa,Hamilton,21
Iowa,Hancock,8
Iowa,Hardin,109
Iowa,Harrison,22
Iowa,Henry,5
Iowa,Humboldt,15
Iowa,Iowa,3
Iowa,Jackson,3
Iowa,Jasper,20
Iowa,Johnson,56
Iowa,Jones,40
Iowa,Kossuth,6
Iowa,Lee,8
Iowa,Linn,75
Iowa,Louisa,16
Iowa,Lyon,9
Iowa,Madison,4
Iowa,Marion,129
Iowa,Marshall,26
Iowa,Mitchell,43
Iowa,Monroe,1
Iowa,Montgomery,22
Iowa,Muscatine,97
Iowa,O Brien,3
Iowa,Osceola,2
Iowa,Palo Alto,4
Iowa,Plymouth,3
Iowa,Pocahontas,19
Iowa,Polk,238
Iowa,Poweshiek,10
Iowa,Sac,31
Iowa,Scott,204
Iowa,Sioux,23
Iowa,Story,53
Iowa,Tama,4
Iowa,Van Buren,34
Iowa,Wapello,15
Iowa,Washington,3
Iowa,Webster,104
Iowa,Winneshiek,32
Iowa,Woodbury,6
Iowa,Worth,11
Iowa,Wright,5
Kansas,Allen,140
Kansas,Atchison,24
Kansas,Barber,21
Kansas,Barton,17
Kansas,Bourbon,14
Kansas,Butler,25
Kansas,Chase,12
Kansas,Chautauqua,10
Kansas,Cherokee,2
Kansas,Cheyenne,2
Kansas,Clay,2
Kansas,Cloud,7
Kansas,Coffey,0
Kansas,Cowley,51
Kansas,Crawford,166
Kansas,Dickinson,67
Kansas,Doniphan,1
Kansas,Douglas,16
Kansas,Edwards,7
Kansas,Elk,27
Kansas,Ellis,9
Kansas,Ellsworth,68
Kansas,Finney,27
Kansas,Ford,25
Kansas,Franklin,57
Kansas,Geary,5
Kansas,Graham,9
Kansas,Grant,8
Kansas,Gray,2
Kansas,Hamilton,4
Kansas,Harper,1
Kansas,Harvey,2
Kansas,Jefferson,47
Kansas,Jewell,6
Kansas,Johnson,125
Kansas,Kearny,4
Kansas,Kiowa,3
Kansas,Labette,7
Kansas,Leavenworth,13
Kansas,Lincoln,41
Kansas,Linn,31
Kansas,Logan,3
Kansas,Lyon,29
Kansas,Marion,32
Kansas,Marshall,37
Kansas,McPherson,19
Kansas,Montgomery,114
Kansas,Neosho,144
Kansas,Osage,11
Kansas,Ottawa,0
Kansas,Pawnee,6
Kansas,Phillips,3
Kansas,Pottawatomie,2
Kansas,Pratt,6
Kansas,Reno,207
Kansas,Republic,5
Kansas,Rice,158
Kansas,Riley,29
Kansas,Russell,0
Kansas,Saline,8
Kansas,Sedgwick,54
Kansas,Seward,2
Kansas,Shawnee,52
Kansas,Sherman,6
Kansas,Smith,1
Kansas,Sumner,2
Kansas,Thomas,3
Kansas,Trego,4
Kansas,Wabaunsee,4
Kansas,Washington,5
Kansas,Wilson,126
Kansas,Woodson,5
Kansas,Wyandotte,61
Kentucky,Adair,18
Kentucky,Allen,5
Kentucky,Anderson,33
Kentucky,Barren,26
Kentucky,Bell,913
Kentucky,Boone,44
Kentucky,Boyd,180
Kentucky,Boyle,17
Kentucky,Breathitt,338
Kentucky,Breckinridge,27
Kentucky,Bullitt,86
Kentucky,Butler,26
Kentucky,Caldwell,82
Kentucky,Calloway,4
Kentucky,Carlisle,10
Kentucky,Carroll,19
Kentucky,Carter,67
Kentucky,Casey,21
Kentucky,Christian,90
Kentucky,Clay,137
Kentucky,Clinton,17
Kentucky,Crittenden,19
Kentucky,Daviess,341
Kentucky,Edmonson,11
Kentucky,Elliott,0
Kentucky,Estill,52
Kentucky,Fayette,49
Kentucky,Fleming,21
Kentucky,Floyd,1251
Kentucky,Franklin,20
Kentucky,Gallatin,7
Kentucky,Garrard,14
Kentucky,Graves,44
Kentucky,Grayson,17
Kentucky,Green,11
Kentucky,Greenup,54
Kentucky,Hancock,2
Kentucky,Hardin,56
Kentucky,Harlan,2429
Kentucky,Harrison,1
Kentucky,Hart,24
Kentucky,Henderson,343
Kentucky,Henry,15
Kentucky,Hopkins,993
Kentucky,Jackson,77
Kentucky,Jefferson,175
Kentucky,Jessamine,26
Kentucky,Johnson,250
Kentucky,Knott,1815
Kentucky,Knox,310
Kentucky,Laurel,171
Kentucky,Lawrence,25
Kentucky,Lee,32
Kentucky,Leslie,1090
Kentucky,Letcher,1448
Kentucky,Livingston,326
Kentucky,Logan,27
Kentucky,Madison,38
Kentucky,Magoffin,155
Kentucky,Marion,9
Kentucky,Martin,1562
Kentucky,Mason,207
Kentucky,McCreary,24
Kentucky,McLean,58
Kentucky,Meade,77
Kentucky,Menifee,18
Kentucky,Metcalfe,7
Kentucky,Monroe,4
Kentucky,Montgomery,24
Kentucky,Morgan,16
Kentucky,Muhlenberg,345
Kentucky,Nelson,19
Kentucky,Nicholas,8
Kentucky,Ohio,280
Kentucky,Oldham,48
Kentucky,Owsley,39
Kentucky,Pendleton,203
Kentucky,Perry,1942
Kentucky,Pike,5676
Kentucky,Powell,24
Kentucky,Pulaski,36
Kentucky,Rockcastle,20
Kentucky,Scott,33
Kentucky,Simpson,8
Kentucky,Taylor,5
Kentucky,Todd,9
Kentucky,Trigg,17
Kentucky,Trimble,2
Kentucky,Union,890
Kentucky,Warren,27
Kentucky,Washington,7
Kentucky,Wayne,45
Kentucky,Webster,1314
Kentucky,Whitley,452
Kentucky,Wolfe,68
Louisiana,Allen,14
Louisiana,Ascension,232
Louisiana,Assumption,16
Louisiana,Beauregard,33
Louisiana,Bienville,3
Louisiana,Caddo,1
Louisiana,Calcasieu,41
Louisiana,Catahoula,14
Louisiana,De Soto,92
Louisiana,East Baton Rouge,31
Louisiana,East Feliciana,37
Louisiana,Evangeline,8
Louisiana,Grant,7
Louisiana,Iberia,454
Louisiana,Jefferson,4
Louisiana,Jefferson Davis,6
Louisiana,La Salle,21
Louisiana,Lafayette,8
Louisiana,Livingston,21
Louisiana,Orleans,63
Louisiana,Ouachita,20
Louisiana,Pointe Coupee,45
Louisiana,Rapides,60
Louisiana,Red River,25
Louisiana,St Bernard,9
Louisiana,St Helena,110
Louisiana,St James,409
Louisiana,St Landry,1
Louisiana,St Martin,2
Louisiana,St Mary,155
Louisiana,St Tammany,67
Louisiana,Tangipahoa,34
Louisiana,Terrebonne,13
Louisiana,Vermilion,7
Louisiana,Vernon,12
Louisiana,Washington,65
Louisiana,Webster,38
Louisiana,West Feliciana,11
Louisiana,Winn,10
Maine,Androscoggin,32
Maine,Aroostook,75
Maine,Cumberland,62
Maine,Hancock,43
Maine,Kennebec,37
Maine,Knox,105
Maine,Lincoln,10
Maine,Oxford,14
Maine,Penobscot,46
Maine,Piscataquis,19
Maine,Sagadahoc,7
Maine,Somerset,30
Maine,Waldo,23
Maine,Washington,15
Maine,York,70
Maryland,Allegany,196
Maryland,Anne Arundel,53
Maryland,Baltimore,279
Maryland,Carroll,207
Maryland,Cecil,112
Maryland,Charles,88
Maryland,Dorchester,7
Maryland,Frederick,230
Maryland,Garrett,386
Maryland,Harford,67
Maryland,Howard,4
Maryland,Montgomery,57
Maryland,Prince Georges,94
Maryland,Queen Annes,15
Maryland,St Marys,15
Maryland,Talbot,4
Maryland,Washington,167
Maryland,Wicomico,4
Maryland,Worcester,0
Massachusetts,Barnstable,26
Massachusetts,Berkshire,258
Massachusetts,Bristol,78
Massachusetts,Dukes,9
Massachusetts,Essex,68
Massachusetts,Franklin,22
Massachusetts,Hampden,58
Massachusetts,Hampshire,30
Massachusetts,Middlesex,118
Massachusetts,Norfolk,119
Massachusetts,Plymouth,78
Massachusetts,Suffolk,12
Massachusetts,Worcester,142
Michigan,Allegan,49
Michigan,Alpena,236
Michigan,Antrim,16
Michigan,Arenac,11
Michigan,Baraga,7
Michigan,Barry,10
Michigan,Bay,36
Michigan,Benzie,3
Michigan,Berrien,46
Michigan,Branch,6
Michigan,Calhoun,51
Michigan,Cass,16
Michigan,Charlevoix,126
Michigan,Cheboygan,5
Michigan,Chippewa,30
Michigan,Clare,10
Michigan,Clinton,46
Michigan,Delta,21
Michigan,Dickinson,18
Michigan,Eaton,21
Michigan,Emmet,11
Michigan,Gladwin,4
Michigan,Gogebic,10
Michigan,Grand Traverse,32
Michigan,Gratiot,7
Michigan,Hillsdale,19
Michigan,Houghton,9
Michigan,Huron,20
Michigan,Ingham,26
Michigan,Ionia,7
Michigan,Iosco,113
Michigan,Iron,34
Michigan,Isabella,18
Michigan,Jackson,25
Michigan,Kalamazoo,20
Michigan,Kent,81
Michigan,Lake,3
Michigan,Lapeer,32
Michigan,Leelanau,17
Michigan,Lenawee,9
Michigan,Livingston,41
Michigan,Luce,8
Michigan,Mackinac,80
Michigan,Macomb,14
Michigan,Manistee,2
Michigan,Marquette,2096
Michigan,Mason,0
Michigan,Mecosta,4
Michigan,Menominee,8
Michigan,Midland,5
Michigan,Missaukee,7
Michigan,Monroe,235
Michigan,Montcalm,9
Michigan,Muskegon,26
Michigan,Newaygo,10
Michigan,Oakland,178
Michigan,Oceana,14
Michigan,Ogemaw,14
Michigan,Ontonagon,871
Michigan,Osceola,6
Michigan,Otsego,7
Michigan,Ottawa,75
Michigan,Presque Isle,273
Michigan,Roscommon,24
Michigan,Saginaw,2
Michigan,Sanilac,16
Michigan,Schoolcraft,47
Michigan,Shiawassee,13
Michigan,St Clair,5
Michigan,St Joseph,13
Michigan,Tuscola,23
Michigan,Van Buren,5
Michigan,Washtenaw,34
Michigan,Wayne,205
Michigan,Wexford,20
Minnesota,Aitkin,3
Minnesota,Becker,21
Minnesota,Beltrami,13
Minnesota,Benton,16
Minnesota,Big Stone,19
Minnesota,Blue Earth,63
Minnesota,Brown,4
Minnesota,Carlton,32
Minnesota,Carver,40
Minnesota,Cass,5
Minnesota,Chisago,14
Minnesota,Clay,50
Minnesota,Clearwater,1
Minnesota,Cook,4
Minnesota,Cottonwood,9
Minnesota,Crow Wing,24
Minnesota,Dakota,76
Minnesota,Dodge,14
Minnesota,Douglas,13
Minnesota,Faribault,4
Minnesota,Fillmore,19
Minnesota,Freeborn,4
Minnesota,Goodhue,26
Minnesota,Hennepin,65
Minnesota,Houston,54
Minnesota,Hubbard,13
Minnesota,Itasca,18
Minnesota,Jackson,3
Minnesota,Kanabec,18
Minnesota,Kandiyohi,21
Minnesota,Kittson,5
Minnesota,Koochiching,10
Minnesota,Lac qui Parle,5
Minnesota,Lake,281
Minnesota,Le Sueur,77
Minnesota,Lincoln,2
Minnesota,Lyon,12
Minnesota,Mahnomen,0
Minnesota,Marshall,11
Minnesota,Martin,18
Minnesota,McLeod,33
Minnesota,Meeker,5
Minnesota,Mille Lacs,14
Minnesota,Morrison,30
Minnesota,Mower,13
Minnesota,Murray,82
Minnesota,Nicollet,16
Minnesota,Olmsted,109
Minnesota,Otter Tail,40
Minnesota,Pennington,6
Minnesota,Pine,4
Minnesota,Pipestone,0
Minnesota,Polk,14
Minnesota,Pope,15
Minnesota,Ramsey,0
Minnesota,Red Lake,1
Minnesota,Redwood,10
Minnesota,Renville,16
Minnesota,Rice,13
Minnesota,Rock,17
Minnesota,Roseau,2
Minnesota,Scott,42
Minnesota,Sherburne,44
Minnesota,Sibley,3
Minnesota,St Louis,4844
Minnesota,Stearns,107
Minnesota,Steele,13
Minnesota,Stevens,3
Minnesota,Todd,25
Minnesota,Wabasha,9
Minnesota,Wadena,5
Minnesota,Waseca,4
Minnesota,Washington,81
Minnesota,Watonwan,3
Minnesota,Wilkin,2
Minnesota,Winona,12
Minnesota,Wright,18
Minnesota,Yellow Medicine,26
Mississippi,Adams,13
Mississippi,Alcorn,3
Mississippi,Benton,3
Mississippi,Bolivar,10
Mississippi,Carroll,20
Mississippi,Clay,5
Mississippi,Coahoma,15
Mississippi,Copiah,105
Mississippi,De Soto,21
Mississippi,Forrest,60
Mississippi,George,5
Mississippi,Greene,11
Mississippi,Harrison,16
Mississippi,Hinds,126
Mississippi,Holmes,18
Mississippi,Itawamba,21
Mississippi,Jasper,5
Mississippi,Lafayette,3
Mississippi,Lauderdale,2
Mississippi,Lincoln,11
Mississippi,Lowndes,175
Mississippi,Marion,16
Mississippi,Monroe,85
Mississippi,Noxubee,14
Mississippi,Panola,37
Mississippi,Pearl River,43
Mississippi,Perry,28
Mississippi,Pike,13
Mississippi,Quitman,9
Mississippi,Rankin,2
Mississippi,Smith,8
Mississippi,Stone,13
Mississippi,Tate,9
Mississippi,Tippah,218
Mississippi,Tishomingo,26
Mississippi,Walthall,7
Mississippi,Warren,24
Mississippi,Washington,3
Mississippi,Wayne,3
Mississippi,Winston,8
Mississippi,Yalobusha,7
Mississippi,Yazoo,20
Missouri,Andrew,45
Missouri,Audrain,6
Missouri,Barry,31
Missouri,Barton,33
Missouri,Bates,24
Missouri,Benton,30
Missouri,Bollinger,3
Missouri,Boone,65
Missouri,Buchanan,53
Missouri,Butler,20
Missouri,Callaway,88
Missouri,Camden,14
Missouri,Cape Girardeau,197
Missouri,Carroll,5
Missouri,Carter,3
Missouri,Cass,64
Missouri,Cedar,4
Missouri,Christian,40
Missouri,Clark,1
Missouri,Clay,57
Missouri,Clinton,32
Missouri,Cole,30
Missouri,Cooper,18
Missouri,Crawford,23
Missouri,Dade,4
Missouri,Dallas,3
Missouri,Daviess,20
Missouri,Dent,10
Missouri,Douglas,38
Missouri,Franklin,38
Missouri,Gasconade,21
Missouri,Gentry,1
Missouri,Greene,142
Missouri,Grundy,1
Missouri,Harrison,5
Missouri,Henry,11
Missouri,Hickory,3
Missouri,Holt,14
Missouri,Howard,16
Missouri,Howell,30
Missouri,Iron,474
Missouri,Jackson,193
Missouri,Jasper,61
Missouri,Jefferson,256
Missouri,Johnson,8
Missouri,Knox,30
Missouri,Laclede,26
Missouri,Lafayette,9
Missouri,Lawrence,14
Missouri,Lincoln,34
Missouri,Livingston,22
Missouri,Macon,4
Missouri,Marion,13
Missouri,McDonald,18
Missouri,Miller,14
Missouri,Monroe,11
Missouri,Montgomery,67
Missouri,Morgan,21
Missouri,New Madrid,5
Missouri,Newton,29
Missouri,Nodaway,3
Missouri,Oregon,10
Missouri,Osage,8
Missouri,Ozark,4
Missouri,Pemiscot,7
Missouri,Perry,25
Missouri,Pettis,31
Missouri,Phelps,36
Missouri,Pike,167
Missouri,Platte,54
Missouri,Polk,15
Missouri,Pulaski,6
Missouri,Putnam,9
Missouri,Ralls,253
Missouri,Randolph,171
Missouri,Ray,33
Missouri,Reynolds,348
Missouri,Ripley,4
Missouri,Saline,39
Missouri,Scotland,21
Missouri,Scott,73
Missouri,Shannon,4
Missouri,Shelby,17
Missouri,St Charles,42
Missouri,St Francois,86
Missouri,St Louis,285
Missouri,St Louis City,2
Missouri,Ste. Genevieve,892
Missouri,Stoddard,155
Missouri,Stone,18
Missouri,Sullivan,13
Missouri,Taney,131
Missouri,Texas,26
Missouri,Vernon,13
Missouri,Warren,21
Missouri,Washington,93
Missouri,Wayne,27
Missouri,Webster,4
Missouri,Wright,16
Montana,Beaverhead,77
Montana,Big Horn,482
Montana,Blaine,4
Montana,Broadwater,53
Montana,Carbon,14
Montana,Cascade,25
Montana,Chouteau,4
Montana,Custer,1
Montana,Dawson,4
Montana,Deer Lodge,8
Montana,Fergus,130
Montana,Flathead,51
Montana,Gallatin,221
Montana,Glacier,8
Montana,Granite,12
Montana,Hill,10
Montana,Jefferson,560
Montana,Judith Basin,3
Montana,Lake,8
Montana,Lewis and Clark,42
Montana,Lincoln,153
Montana,Madison,157
Montana,Missoula,56
Montana,Musselshell,9
Montana,Park,87
Montana,Phillips,198
Montana,Pondera,4
Montana,Powell,83
Montana,Ravalli,11
Montana,Richland,12
Montana,Roosevelt,0
Montana,Rosebud,397
Montana,Sanders,3
Montana,Sheridan,11
Montana,Silver Bow,415
Montana,Stillwater,391
Montana,Sweet Grass,2
Montana,Teton,1
Montana,Toole,7
Montana,Treasure,4
Montana,Valley,7
Montana,Yellowstone,68
Nebraska,Adams,4
Nebraska,Antelope,11
Nebraska,Boone,2
Nebraska,Boyd,1
Nebraska,Brown,5
Nebraska,Buffalo,29
Nebraska,Butler,4
Nebraska,Cass,369
Nebraska,Cedar,7
Nebraska,Cherry,0
Nebraska,Clay,6
Nebraska,Colfax,5
Nebraska,Cuming,8
Nebraska,Custer,6
Nebraska,Dawes,18
Nebraska,Dawson,20
Nebraska,Dixon,2
Nebraska,Dodge,10
Nebraska,Douglas,45
Nebraska,Dundy,4
Nebraska,Franklin,10
Nebraska,Furnas,2
Nebraska,Gage,16
Nebraska,Garden,1
Nebraska,Garfield,5
Nebraska,Hall,43
Nebraska,Hamilton,5
Nebraska,Harlan,2
Nebraska,Hayes,1
Nebraska,Hitchcock,7
Nebraska,Holt,25
Nebraska,Howard,8
Nebraska,Jefferson,13
Nebraska,Kearney,16
Nebraska,Keith,13
Nebraska,Knox,12
Nebraska,Lancaster,5
Nebraska,Lincoln,25
Nebraska,Loup,5
Nebraska,Madison,17
Nebraska,Merrick,10
Nebraska,Morrill,5
Nebraska,Nance,6
Nebraska,Nemaha,2
Nebraska,Nuckolls,4
Nebraska,Phelps,5
Nebraska,Pierce,3
Nebraska,Platte,32
Nebraska,Polk,5
Nebraska,Red Willow,9
Nebraska,Richardson,0
Nebraska,Sarpy,22
Nebraska,Saunders,35
Nebraska,Scotts Bluff,17
Nebraska,Stanton,11
Nebraska,Thayer,10
Nebraska,Thomas,10
Nebraska,Valley,6
Nebraska,Washington,31
Nebraska,Webster,11
Nebraska,York,2
Nevada,Carson City,6
Nevada,Churchill,64
Nevada,Clark,495
Nevada,Douglas,26
Nevada,Elko,2188
Nevada,Esmeralda,69
Nevada,Eureka,1965
Nevada,Humboldt,1431
Nevada,Lander,1336
Nevada,Lincoln,34
Nevada,Lyon,213
Nevada,Mineral,421
Nevada,Nye,1025
Nevada,Pershing,578
Nevada,Storey,115
Nevada,Washoe,144
Nevada,White Pine,380
New Hampshire,Belknap,19
New Hampshire,Carroll,42
New Hampshire,Cheshire,30
New Hampshire,Coos,17
New Hampshire,Grafton,36
New Hampshire,Hillsborough,53
New Hampshire,Merrimack,91
New Hampshire,Rockingham,50
New Hampshire,Strafford,33
New Hampshire,Sullivan,15
New Jersey,Atlantic,15
New Jersey,Burlington,19
New Jersey,Camden,59
New Jersey,Cape May,36
New Jersey,Cumberland,185
New Jersey,Gloucester,21
New Jersey,Hunterdon,69
New Jersey,Mercer,55
New Jersey,Middlesex,73
New Jersey,Monmouth,13
New Jersey,Morris,181
New Jersey,Ocean,47
New Jersey,Passaic,113
New Jersey,Salem,3
New Jersey,Somerset,230
New Jersey,Sussex,181
New Jersey,Union,1
New Jersey,Warren,52
New Mexico,Bernalillo,252
New Mexico,Catron,5
New Mexico,Chaves,50
New Mexico,Cibola,15
New Mexico,Colfax,420
New Mexico,Curry,9
New Mexico,De Baca,12
New Mexico,Dona Ana,171
New Mexico,Eddy,1456
New Mexico,Grant,1233
New Mexico,Guadalupe,4
New Mexico,Hidalgo,13
New Mexico,Lea,331
New Mexico,Lincoln,8
New Mexico,Luna,17
New Mexico,McKinley,675
New Mexico,Mora,4
New Mexico,Otero,26
New Mexico,Quay,8
New Mexico,Rio Arriba,44
New Mexico,Roosevelt,7
New Mexico,San Juan,939
New Mexico,San Miguel,18
New Mexico,Sandoval,87
New Mexico,Santa Fe,70
New Mexico,Sierra,154
New Mexico,Socorro,37
New Mexico,Taos,117
New Mexico,Torrance,27
New Mexico,Union,14
New Mexico,Valencia,18
New York,Albany,283
New York,Allegany,37
New York,Broome,46
New York,Cattaraugus,108
New York,Cayuga,17
New York,Chautauqua,27
New York,Chemung,48
New York,Chenango,28
New York,Clinton,40
New York,Columbia,48
New York,Cortland,31
New York,Delaware,67
New York,Dutchess,235
New York,Erie,126
New York,Essex,159
New York,Franklin,33
New York,Fulton,19
New York,Genesee,156
New York,Greene,247
New York,Hamilton,36
New York,Herkimer,42
New York,Jefferson,106
New York,Lewis,41
New York,Livingston,305
New York,Madison,55
New York,Monroe,81
New York,Montgomery,57
New York,Niagara,73
New York,Oneida,65
New York,Onondaga,139
New York,Ontario,74
New York,Orange,82
New York,Orleans,42
New York,Oswego,56
New York,Otsego,31
New York,Putnam,54
New York,Rensselaer,59
New York,Rockland,106
New York,Saratoga,74
New York,Schenectady,38
New York,Schoharie,31
New York,Schuyler,9
New York,Seneca,17
New York,St Lawrence,351
New York,Steuben,80
New York,Suffolk,105
New York,Sullivan,54
New York,Tioga,51
New York,Tompkins,233
New York,Ulster,80
New York,Warren,154
New York,Washington,96
New York,Wayne,49
New York,Westchester,8
New York,Wyoming,4
New York,Yates,20
North Carolina,Alamance,46
North Carolina,Anson,117
North Carolina,Ashe,13
North Carolina,Avery,13
North Carolina,Beaufort,409
North Carolina,Bertie,2
North Carolina,Bladen,0
North Carolina,Brunswick,14
North Carolina,Buncombe,101
North Carolina,Burke,23
North Carolina,Cabarrus,60
North Carolina,Caldwell,31
North Carolina,Camden,2
North Carolina,Caswell,25
North Carolina,Catawba,27
North Carolina,Chatham,23
North Carolina,Cherokee,5
North Carolina,Clay,27
North Carolina,Cleveland,154
North Carolina,Craven,40
North Carolina,Cumberland,18
North Carolina,Dare,0
North Carolina,Davidson,47
North Carolina,Davie,25
North Carolina,Duplin,17
North Carolina,Durham,28
North Carolina,Edgecombe,34
North Carolina,Forsyth,121
North Carolina,Franklin,6
North Carolina,Gaston,112
North Carolina,Granville,28
North Carolina,Guilford,91
North Carolina,Halifax,3
North Carolina,Harnett,90
North Carolina,Haywood,24
North Carolina,Henderson,29
North Carolina,Hertford,6
North Carolina,Hoke,11
North Carolina,Iredell,24
North Carolina,Jackson,24
North Carolina,Johnston,55
North Carolina,Lee,70
North Carolina,Lenoir,10
North Carolina,Lincoln,40
North Carolina,Macon,51
North Carolina,Martin,1
North Carolina,McDowell,62
North Carolina,Mecklenburg,93
North Carolina,Mitchell,939
North Carolina,Montgomery,19
North Carolina,Moore,43
North Carolina,Nash,12
North Carolina,New Hanover,37
North Carolina,Northampton,11
North Carolina,Onslow,18
North Carolina,Orange,37
North Carolina,Pender,43
North Carolina,Pitt,51
North Carolina,Polk,13
North Carolina,Randolph,22
North Carolina,Richmond,81
North Carolina,Rockingham,39
North Carolina,Rowan,171
North Carolina,Rutherford,28
North Carolina,Sampson,7
North Carolina,Scotland,5
North Carolina,Stanly,45
North Carolina,Stokes,8
North Carolina,Surry,107
North Carolina,Swain,19
North Carolina,Transylvania,15
North Carolina,Union,24
North Carolina,Vance,21
North Carolina,Wake,153
North Carolina,Watauga,17
North Carolina,Wayne,11
North Carolina,Wilkes,24
North Carolina,Wilson,20
North Carolina,Yadkin,3
North Carolina,Yancey,60
North Dakota,Adams,2
North Dakota,Barnes,9
North Dakota,Bottineau,2
North Dakota,Bowman,60
North Dakota,Burke,3
North Dakota,Burleigh,10
North Dakota,Cavalier,3
North Dakota,Dunn,2
North Dakota,Eddy,12
North Dakota,Grand Forks,21
North Dakota,Grant,7
North Dakota,Hettinger,3
North Dakota,La Moure,6
North Dakota,McHenry,0
North Dakota,McIntosh,2
North Dakota,McLean,245
North Dakota,Mercer,486
North Dakota,Morton,12
North Dakota,Mountrail,13
North Dakota,Oliver,142
North Dakota,Pembina,2
North Dakota,Ransom,8
North Dakota,Renville,1
North Dakota,Richland,11
North Dakota,Rolette,2
North Dakota,Sargent,9
North Dakota,Sheridan,4
North Dakota,Stark,44
North Dakota,Stutsman,21
North Dakota,Traill,7
North Dakota,Walsh,11
North Dakota,Ward,46
North Dakota,Wells,7
North Dakota,Williams,10
Ohio,Adams,58
Ohio,Allen,30
Ohio,Ashland,11
Ohio,Ashtabula,14
Ohio,Athens,14
Ohio,Auglaize,28
Ohio,Belmont,647
Ohio,Butler,109
Ohio,Carroll,80
Ohio,Champaign,25
Ohio,Clark,34
Ohio,Clermont,16
Ohio,Clinton,23
Ohio,Columbiana,221
Ohio,Coshocton,215
Ohio,Crawford,41
Ohio,Cuyahoga,222
Ohio,Darke,13
Ohio,Delaware,66
Ohio,Erie,145
Ohio,Fairfield,6
Ohio,Fayette,10
Ohio,Franklin,205
Ohio,Gallia,13
Ohio,Geauga,94
Ohio,Greene,186
Ohio,Guernsey,51
Ohio,Hamilton,81
Ohio,Hancock,22
Ohio,Hardin,5
Ohio,Harrison,307
Ohio,Henry,5
Ohio,Highland,44
Ohio,Hocking,14
Ohio,Holmes,78
Ohio,Huron,5
Ohio,Jackson,144
Ohio,Jefferson,269
Ohio,Knox,48
Ohio,Lake,181
Ohio,Lawrence,42
Ohio,Licking,33
Ohio,Logan,53
Ohio,Lorain,22
Ohio,Lucas,59
Ohio,Mahoning,35
Ohio,Marion,49
Ohio,Medina,37
Ohio,Meigs,766
Ohio,Mercer,15
Ohio,Miami,56
Ohio,Monroe,142
Ohio,Montgomery,88
Ohio,Morgan,458
Ohio,Morrow,5
Ohio,Muskingum,170
Ohio,Noble,104
Ohio,Ottawa,145
Ohio,Paulding,117
Ohio,Perry,127
Ohio,Pickaway,28
Ohio,Pike,24
Ohio,Portage,121
Ohio,Preble,34
Ohio,Putnam,8
Ohio,Richland,21
Ohio,Ross,42
Ohio,Sandusky,303
Ohio,Scioto,41
Ohio,Seneca,74
Ohio,Shelby,29
Ohio,Stark,144
Ohio,Summit,21
Ohio,Trumbull,13
Ohio,Tuscarawas,405
Ohio,Union,22
Ohio,Van Wert,19
Ohio,Vinton,249
Ohio,Warren,26
Ohio,Washington,18
Ohio,Wayne,34
Ohio,Williams,13
Ohio,Wood,50
Ohio,Wyandot,170
Oklahoma,Adair,1
Oklahoma,Atoka,56
Oklahoma,Beaver,7
Oklahoma,Beckham,5
Oklahoma,Blaine,60
Oklahoma,Bryan,32
Oklahoma,Caddo,44
Oklahoma,Canadian,13
Oklahoma,Carter,25
Oklahoma,Cherokee,17
Oklahoma,Choctaw,66
Oklahoma,Cleveland,11
Oklahoma,Coal,0
Oklahoma,Comanche,103
Oklahoma,Cotton,6
Oklahoma,Craig,27
Oklahoma,Creek,19
Oklahoma,Custer,0
Oklahoma,Dewey,3
Oklahoma,Garvin,2
Oklahoma,Greer,25
Oklahoma,Haskell,26
Oklahoma,Hughes,1
Oklahoma,Jackson,14
Oklahoma,Jefferson,5
Oklahoma,Johnston,156
Oklahoma,Kay,13
Oklahoma,Kingfisher,9
Oklahoma,Kiowa,60
Oklahoma,Latimer,43
Oklahoma,Le Flore,127
Oklahoma,Logan,4
Oklahoma,Love,20
Oklahoma,Major,2
Oklahoma,Marshall,10
Oklahoma,Mayes,123
Oklahoma,McClain,0
Oklahoma,McCurtain,29
Oklahoma,McIntosh,12
Oklahoma,Murray,134
Oklahoma,Muskogee,56
Oklahoma,Nowata,14
Oklahoma,Okfuskee,1
Oklahoma,Oklahoma,51
Oklahoma,Okmulgee,42
Oklahoma,Osage,6
Oklahoma,Ottawa,31
Oklahoma,Pawnee,40
Oklahoma,Payne,13
Oklahoma,Pittsburg,42
Oklahoma,Pontotoc,140
Oklahoma,Pottawatomie,5
Oklahoma,Pushmataha,9
Oklahoma,Rogers,192
Oklahoma,Seminole,40
Oklahoma,Sequoyah,72
Oklahoma,Texas,1
Oklahoma,Tillman,4
Oklahoma,Tulsa,107
Oklahoma,Wagoner,27
Oklahoma,Washington,12
Oklahoma,Washita,12
Oklahoma,Woodward,17
Oregon,Baker,136
Oregon,Benton,26
Oregon,Clackamas,64
Oregon,Clatsop,9
Oregon,Columbia,70
Oregon,Coos,81
Oregon,Crook,18
Oregon,Curry,30
Oregon,Deschutes,66
Oregon,Douglas,238
Oregon,Gilliam,3
Oregon,Grant,8
Oregon,Harney,17
Oregon,Hood River,3
Oregon,Jackson,98
Oregon,Jefferson,11
Oregon,Josephine,31
Oregon,Klamath,37
Oregon,Lake,37
Oregon,Lane,144
Oregon,Lincoln,21
Oregon,Linn,33
Oregon,Malheur,82
Oregon,Marion,104
Oregon,Morrow,19
Oregon,Multnomah,134
Oregon,Polk,40
Oregon,Sherman,3
Oregon,Tillamook,22
Oregon,Umatilla,48
Oregon,Union,8
Oregon,Wallowa,2
Oregon,Wasco,18
Oregon,Washington,125
Oregon,Yamhill,54
Pennsylvania,Adams,241
Pennsylvania,Allegheny,197
Pennsylvania,Armstrong,1219
Pennsylvania,Beaver,42
Pennsylvania,Bedford,42
Pennsylvania,Berks,393
Pennsylvania,Blair,101
Pennsylvania,Bradford,36
Pennsylvania,Bucks,201
Pennsylvania,Butler,358
Pennsylvania,Cambria,964
Pennsylvania,Carbon,46
Pennsylvania,Centre,368
Pennsylvania,Chester,257
Pennsylvania,Clarion,239
Pennsylvania,Clearfield,914
Pennsylvania,Clinton,29
Pennsylvania,Columbia,107
Pennsylvania,Crawford,65
Pennsylvania,Cumberland,96
Pennsylvania,Dauphin,89
Pennsylvania,Delaware,44
Pennsylvania,Elk,60
Pennsylvania,Erie,69
Pennsylvania,Fayette,306
Pennsylvania,Forest,2
Pennsylvania,Franklin,52
Pennsylvania,Fulton,28
Pennsylvania,Greene,2294
Pennsylvania,Huntingdon,92
Pennsylvania,Indiana,1107
Pennsylvania,Jefferson,377
Pennsylvania,Juniata,9
Pennsylvania,Lackawanna,32
Pennsylvania,Lancaster,238
Pennsylvania,Lawrence,553
Pennsylvania,Lebanon,148
Pennsylvania,Lehigh,208
Pennsylvania,Luzerne,450
Pennsylvania,Lycoming,114
Pennsylvania,McKean,7
Pennsylvania,Mercer,73
Pennsylvania,Mifflin,14
Pennsylvania,Monroe,59
Pennsylvania,Montgomery,171
Pennsylvania,Montour,17
Pennsylvania,Northampton,732
Pennsylvania,Northumberland,278
Pennsylvania,Perry,7
Pennsylvania,Pike,16
Pennsylvania,Potter,2
Pennsylvania,Schuylkill,1148
Pennsylvania,Snyder,26
Pennsylvania,Somerset,989
Pennsylvania,Sullivan,5
Pennsylvania,Susquehanna,45
Pennsylvania,Tioga,19
Pennsylvania,Union,34
Pennsylvania,Venango,33
Pennsylvania,Warren,25
Pennsylvania,Washington,931
Pennsylvania,Wayne,41
Pennsylvania,Westmoreland,335
Pennsylvania,Wyoming,20
Pennsylvania,York,420
Puerto Rico,72002,21
Puerto Rico,72004,342
Puerto Rico,72006,65
Puerto Rico,72008,28
Puerto Rico,72010,383
Puerto Rico,72012,50
Puerto Rico,Adjuntas,161
Puerto Rico,Aguada,39
Puerto Rico,Aguadilla,228
Puerto Rico,Aguas Buenas,99
Puerto Rico,Aibonito,149
Puerto Rico,Anasco,12
Rhode Island,Kent,22
Rhode Island,Newport,6
Rhode Island,Providence,107
Rhode Island,Washington,26
South Carolina,Abbeville,1
South Carolina,Aiken,240
South Carolina,Anderson,45
South Carolina,Bamberg,4
South Carolina,Berkeley,38
South Carolina,Charleston,2
South Carolina,Cherokee,66
South Carolina,Chesterfield,84
South Carolina,Clarendon,8
South Carolina,Colleton,7
South Carolina,Darlington,4
South Carolina,Dorchester,315
South Carolina,Edgefield,1
South Carolina,Fairfield,128
South Carolina,Florence,5
South Carolina,Georgetown,19
South Carolina,Greenville,51
South Carolina,Greenwood,20
South Carolina,Horry,24
South Carolina,Jasper,7
South Carolina,Kershaw,49
South Carolina,Lancaster,36
South Carolina,Laurens,125
South Carolina,Lexington,132
South Carolina,Marion,11
South Carolina,Marlboro,41
South Carolina,McCormick,41
South Carolina,Oconee,8
South Carolina,Orangeburg,161
South Carolina,Pickens,34
South Carolina,Richland,82
South Carolina,Spartanburg,96
South Carolina,Sumter,30
South Carolina,Union,5
South Carolina,Williamsburg,2
South Carolina,York,28
South Dakota,Aurora,2
South Dakota,Beadle,6
South Dakota,Bon Homme,1
South Dakota,Brookings,14
South Dakota,Brown,11
South Dakota,Brule,7
South Dakota,Butte,94
South Dakota,Campbell,3
South Dakota,Charles Mix,11
South Dakota,Clark,11
South Dakota,Clay,1
South Dakota,Codington,16
South Dakota,Custer,19
South Dakota,Davison,18
South Dakota,Day,4
South Dakota,Douglas,3
South Dakota,Fall River,7
South Dakota,Grant,106
South Dakota,Haakon,2
South Dakota,Hanson,11
South Dakota,Hughes,3
South Dakota,Kingsbury,4
South Dakota,Lake,7
South Dakota,Lawrence,1313
South Dakota,Marshall,4
South Dakota,McPherson,23
South Dakota,Mellette,12
South Dakota,Miner,2
South Dakota,Minnehaha,113
South Dakota,Moody,1
South Dakota,Pennington,301
South Dakota,Perkins,2
South Dakota,Roberts,17
South Dakota,Spink,2
South Dakota,Stanley,9
South Dakota,Sully,4
South Dakota,Tripp,10
South Dakota,Turner,9
South Dakota,Union,5
South Dakota,Yankton,8
Tennessee,Anderson,81
Tennessee,Bedford,19
Tennessee,Benton,74
Tennessee,Bledsoe,19
Tennessee,Blount,67
Tennessee,Bradley,16
Tennessee,Campbell,320
Tennessee,Cannon,24
Tennessee,Carroll,10
Tennessee,Carter,29
Tennessee,Claiborne,69
Tennessee,Clay,9
Tennessee,Cocke,18
Tennessee,Coffee,20
Tennessee,Cumberland,100
Tennessee,Davidson,121
Tennessee,De Kalb,6
Tennessee,Decatur,79
Tennessee,Dickson,19
Tennessee,Fentress,44
Tennessee,Franklin,59
Tennessee,Gibson,6
Tennessee,Giles,11
Tennessee,Grainger,57
Tennessee,Greene,38
Tennessee,Grundy,15
Tennessee,Hamblen,26
Tennessee,Hamilton,167
Tennessee,Hardeman,76
Tennessee,Hardin,35
Tennessee,Hawkins,38
Tennessee,Henry,71
Tennessee,Humphreys,14
Tennessee,Jefferson,515
Tennessee,Johnson,21
Tennessee,Knox,329
Tennessee,Lauderdale,5
Tennessee,Lawrence,12
Tennessee,Lincoln,12
Tennessee,Loudon,13
Tennessee,Madison,27
Tennessee,Marion,82
Tennessee,Marshall,16
Tennessee,Maury,37
Tennessee,McMinn,15
Tennessee,McNairy,13
Tennessee,Meigs,9
Tennessee,Monroe,15
Tennessee,Montgomery,34
Tennessee,Moore,6
Tennessee,Morgan,46
Tennessee,Obion,9
Tennessee,Overton,23
Tennessee,Perry,9
Tennessee,Pickett,13
Tennessee,Polk,15
Tennessee,Putnam,43
Tennessee,Rhea,17
Tennessee,Roane,16
Tennessee,Robertson,30
Tennessee,Rutherford,67
Tennessee,Scott,60
Tennessee,Sequatchie,198
Tennessee,Sevier,35
Tennessee,Shelby,44
Tennessee,Smith,249
Tennessee,Sullivan,61
Tennessee,Sumner,29
Tennessee,Tipton,13
Tennessee,Unicoi,17
Tennessee,Union,124
Tennessee,Van Buren,8
Tennessee,Warren,20
Tennessee,Washington,17
Tennessee,Weakley,129
Tennessee,White,17
Tennessee,Williamson,38
Tennessee,Wilson,45
Texas,Andrews,1
Texas,Atascosa,150
Texas,Austin,6
Texas,Bandera,6
Texas,Bastrop,1
Texas,Bell,93
Texas,Bexar,579
Texas,Borden,5
Texas,Bosque,108
Texas,Bowie,7
Texas,Brazoria,9
Texas,Brazos,14
Texas,Brewster,9
Texas,Brown,20
Texas,Burleson,5
Texas,Burnet,216
Texas,Calhoun,729
Texas,Callahan,20
Texas,Cameron,15
Texas,Cass,31
Texas,Chambers,3
Texas,Cherokee,23
Texas,Coke,14
Texas,Coleman,5
Texas,Collin,10
Texas,Colorado,202
Texas,Comal,538
Texas,Comanche,2
Texas,Cooke,5
Texas,Coryell,35
Texas,Cottle,0
Texas,Crosby,26
Texas,Culberson,32
Texas,Dallas,142
Texas,De Witt,4
Texas,Deaf Smith,6
Texas,Denton,7
Texas,Dimmit,5
Texas,Duval,51
Texas,Eastland,7
Texas,Ector,85
Texas,El Paso,93
Texas,Ellis,456
Texas,Erath,0
Texas,Fannin,3
Texas,Fayette,79
Texas,Floyd,2
Texas,Fort Bend,71
Texas,Freestone,319
Texas,Galveston,40
Texas,Garza,4
Texas,Gillespie,62
Texas,Glasscock,6
Texas,Gonzales,87
Texas,Grayson,20
Texas,Gregg,4
Texas,Grimes,215
Texas,Guadalupe,13
Texas,Hale,27
Texas,Hansford,14
Texas,Hardeman,16
Texas,Hardin,8
Texas,Harris,195
Texas,Harrison,180
Texas,Haskell,2
Texas,Hays,175
Texas,Henderson,30
Texas,Hidalgo,162
Texas,Hill,7
Texas,Hood,8
Texas,Hopkins,135
Texas,Howard,22
Texas,Hudspeth,61
Texas,Hutchinson,44
Texas,Jack,20
Texas,Jasper,15
Texas,Jeff Davis,0
Texas,Jefferson,4
Texas,Jim Wells,19
Texas,Johnson,94
Texas,Jones,7
Texas,Karnes,5
Texas,Kaufman,53
Texas,Kendall,3
Texas,Kerr,15
Texas,Kimble,11
Texas,Kleberg,10
Texas,Lampasas,19
Texas,Leon,345
Texas,Liberty,40
Texas,Limestone,132
Texas,Live Oak,6
Texas,Llano,33
Texas,Lubbock,12
Texas,Madison,6
Texas,Mason,5
Texas,Maverick,2
Texas,McCulloch,75
Texas,McLennan,158
Texas,McMullen,27
Texas,Medina,16
Texas,Midland,31
Texas,Milam,234
Texas,Montague,8
Texas,Montgomery,55
Texas,Morris,4
Texas,Nacogdoches,2
Texas,Navarro,90
Texas,Newton,5
Texas,Nolan,149
Texas,Nueces,79
Texas,Oldham,50
Texas,Orange,12
Texas,Palo Pinto,37
Texas,Panola,572
Texas,Parker,85
Texas,Pecos,9
Texas,Potter,94
Texas,Reeves,20
Texas,Robertson,79
Texas,Runnels,11
Texas,Rusk,237
Texas,Sabine,21
Texas,San Patricio,787
Texas,San Saba,44
Texas,Shackelford,5
Texas,Smith,3
Texas,Somervell,24
Texas,Starr,11
Texas,Stephens,8
Texas,Stonewall,10
Texas,Tarrant,77
Texas,Taylor,49
Texas,Throckmorton,0
Texas,Titus,596
Texas,Tom Green,6
Texas,Travis,208
Texas,Uvalde,80
Texas,Val Verde,6
Texas,Van Zandt,223
Texas,Victoria,110
Texas,Walker,24
Texas,Ward,4
Texas,Washington,6
Texas,Webb,117
Texas,Williamson,316
Texas,Wise,306
Texas,Wood,3
Texas,Young,16
Texas,Zavala,3
Utah,Box Elder,54
Utah,Cache,16
Utah,Carbon,917
Utah,Davis,28
Utah,Duchesne,10
Utah,Emery,729
Utah,Garfield,8
Utah,Grand,47
Utah,Iron,9
Utah,Juab,92
Utah,Kane,7
Utah,Millard,109
Utah,Morgan,107
Utah,Piute,6
Utah,Salt Lake,1733
Utah,San Juan,31
Utah,Sanpete,12
Utah,Sevier,376
Utah,Summit,36
Utah,Tooele,264
Utah,Uintah,214
Utah,Utah,73
Utah,Wasatch,5
Utah,Washington,153
Utah,Weber,3
Vermont,Addison,40
Vermont,Bennington,24
Vermont,Caledonia,26
Vermont,Chittenden,47
Vermont,Essex,3
Vermont,Franklin,22
Vermont,Grand Isle,3
Vermont,Lamoille,37
Vermont,Orange,19
Vermont,Orleans,18
Vermont,Rutland,405
Vermont,Washington,116
Vermont,Windham,27
Vermont,Windsor,119
Virgin Islands of the U.S.,78001,485
Virginia,Albemarle,29
Virginia,Appomattox,16
Virginia,Augusta,53
Virginia,Bedford,32
Virginia,Bland,8
Virginia,Botetourt,254
Virginia,Brunswick,36
Virginia,Buchanan,3303
Virginia,Buckingham,248
Virginia,Campbell,47
Virginia,Caroline,26
Virginia,Carroll,4
Virginia,Charles City,9
Virginia,Chesapeake City,44
Virginia,Chesterfield,95
Virginia,Clarke,11
Virginia,Craig,5
Virginia,Culpeper,25
Virginia,Danville City,1
Virginia,Dickenson,1663
Virginia,Dinwiddie,41
Virginia,Essex,17
Virginia,Fairfax,63
Virginia,Fauquier,23
Virginia,Franklin,0
Virginia,Frederick,176
Virginia,Giles,276
Virginia,Gloucester,5
Virginia,Goochland,73
Virginia,Grayson,23
Virginia,Greene,11
Virginia,Greensville,36
Virginia,Halifax,24
Virginia,Hanover,83
Virginia,Henrico,121
Virginia,Henry,37
Virginia,Highland,2
Virginia,Isle of Wight,2
Virginia,James City,4
Virginia,King and Queen,53
Virginia,King George,32
Virginia,King William,13
Virginia,Lee,686
Virginia,Loudoun,131
Virginia,Louisa,22
Virginia,Mecklenburg,29
Virginia,Montgomery,40
Virginia,Nelson,9
Virginia,New Kent,10
Virginia,Nottoway,13
Virginia,Orange,3
Virginia,Pittsylvania,41
Virginia,Powhatan,11
Virginia,Prince Edward,14
Virginia,Prince George,41
Virginia,Prince William,44
Virginia,Pulaski,49
Virginia,Roanoke,49
Virginia,Roanoke City,1
Virginia,Rockbridge,23
Virginia,Rockingham,51
Virginia,Russell,441
Virginia,Scott,24
Virginia,Shenandoah,85
Virginia,Smyth,91
Virginia,Southampton,11
Virginia,Spotsylvania,48
Virginia,Stafford,34
Virginia,Sussex,5
Virginia,Tazewell,657
Virginia,Virginia Beach City,5
Virginia,Warren,63
Virginia,Washington,18
Virginia,Westmoreland,2
Virginia,Wise,2676
Virginia,Wythe,96
Washington,Asotin,28
Washington,Benton,5
Washington,Chelan,150
Washington,Clallam,52
Washington,Clark,127
Washington,Columbia,13
Washington,Cowlitz,61
Washington,Douglas,21
Washington,Ferry,186
Washington,Franklin,36
Washington,Garfield,5
Washington,Grant,84
Washington,Grays Harbor,44
Washington,Island,28
Washington,Jefferson,23
Washington,King,415
Washington,Kitsap,33
Washington,Kittitas,32
Washington,Klickitat,29
Washington,Lewis,551
Washington,Lincoln,6
Washington,Mason,20
Washington,Okanogan,46
Washington,Pacific,23
Washington,Pend Oreille,16
Washington,Pierce,175
Washington,San Juan,25
Washington,Skagit,46
Washington,Skamania,3
Washington,Snohomish,246
Washington,Spokane,94
Washington,Stevens,116
Washington,Thurston,107
Washington,Wahkiakum,3
Washington,Walla Walla,7
Washington,Whatcom,102
Washington,Whitman,1
Washington,Yakima,28
West Virginia,Barbour,300
West Virginia,Berkeley,177
West Virginia,Boone,2498
West Virginia,Braxton,145
West Virginia,Brooke,352
West Virginia,Cabell,0
West Virginia,Clay,280
West Virginia,Fayette,818
West Virginia,Gilmer,11
West Virginia,Grant,534
West Virginia,Greenbrier,427
West Virginia,Hampshire,6
West Virginia,Hancock,16
West Virginia,Harrison,423
West Virginia,Jefferson,45
West Virginia,Kanawha,866
West Virginia,Lewis,9
West Virginia,Lincoln,127
West Virginia,Logan,2186
West Virginia,Marion,441
West Virginia,Marshall,565
West Virginia,Mason,39
West Virginia,McDowell,1722
West Virginia,Mercer,33
West Virginia,Mineral,78
West Virginia,Mingo,2881
West Virginia,Monongalia,1553
West Virginia,Morgan,105
West Virginia,Nicholas,954
West Virginia,Ohio,20
West Virginia,Pendleton,106
West Virginia,Pocahontas,14
West Virginia,Preston,391
West Virginia,Putnam,11
West Virginia,Raleigh,1367
West Virginia,Randolph,342
West Virginia,Taylor,3
West Virginia,Tucker,65
West Virginia,Upshur,381
West Virginia,Wayne,301
West Virginia,Webster,610
West Virginia,Wetzel,11
West Virginia,Wyoming,1562
Wisconsin,Adams,2
Wisconsin,Ashland,5
Wisconsin,Barron,11
Wisconsin,Bayfield,11
Wisconsin,Brown,99
Wisconsin,Buffalo,4
Wisconsin,Burnett,5
Wisconsin,Calumet,33
Wisconsin,Chippewa,32
Wisconsin,Clark,25
Wisconsin,Columbia,40
Wisconsin,Crawford,10
Wisconsin,Dane,180
Wisconsin,Dodge,71
Wisconsin,Door,19
Wisconsin,Douglas,51
Wisconsin,Dunn,10
Wisconsin,Eau Claire,23
Wisconsin,Fond du Lac,164
Wisconsin,Forest,2
Wisconsin,Grant,20
Wisconsin,Green,12
Wisconsin,Green Lake,70
Wisconsin,Iowa,9
Wisconsin,Iron,4
Wisconsin,Jackson,66
Wisconsin,Jefferson,7
Wisconsin,Juneau,38
Wisconsin,Kenosha,8
Wisconsin,Kewaunee,12
Wisconsin,La Crosse,10
Wisconsin,Lafayette,9
Wisconsin,Langlade,25
Wisconsin,Lincoln,12
Wisconsin,Manitowoc,75
Wisconsin,Marathon,173
Wisconsin,Marinette,110
Wisconsin,Milwaukee,31
Wisconsin,Monroe,7
Wisconsin,Oconto,21
Wisconsin,Oneida,11
Wisconsin,Outagamie,59
Wisconsin,Ozaukee,18
Wisconsin,Pepin,5
Wisconsin,Pierce,34
Wisconsin,Polk,41
Wisconsin,Portage,26
Wisconsin,Price,11
Wisconsin,Racine,45
Wisconsin,Richland,4
Wisconsin,Rock,56
Wisconsin,Rusk,62
Wisconsin,Sauk,81
Wisconsin,Sawyer,6
Wisconsin,Shawano,25
Wisconsin,Sheboygan,15
Wisconsin,St Croix,7
Wisconsin,Taylor,28
Wisconsin,Trempealeau,4
Wisconsin,Vilas,9
Wisconsin,Walworth,46
Wisconsin,Washburn,3
Wisconsin,Washington,37
Wisconsin,Waukesha,199
Wisconsin,Waupaca,20
Wisconsin,Waushara,2
Wisconsin,Winnebago,9
Wisconsin,Wood,19
Wyoming,Albany,94
Wyoming,Big Horn,178
Wyoming,Campbell,2501
Wyoming,Carbon,277
Wyoming,Converse,323
Wyoming,Crook,175
Wyoming,Fremont,62
Wyoming,Goshen,17
Wyoming,Hot Springs,10
Wyoming,Johnson,48
Wyoming,Laramie,63
Wyoming,Lincoln,390
Wyoming,Natrona,107
Wyoming,Park,43
Wyoming,Platte,46
Wyoming,Sheridan,32
Wyoming,Sublette,2
Wyoming,Sweetwater,3285
Wyoming,Teton,41
Wyoming,Uinta,7
Wyoming,Washakie,37
Wyoming,Weston,60
