State,County,Number of Employees
Alabama,Autauga,8
Alabama,Baldwin,2
Alabama,Barbour,68
Alabama,Bibb,31
Alabama,Blount,33
Alabama,Calhoun,61
Alabama,Cherokee,7
Alabama,Chilton,21
Alabama,Clarke,20
Alabama,Cleburne,3
Alabama,Coffee,2
Alabama,Colbert,77
Alabama,Conecuh,33
Alabama,Coosa,18
Alabama,Covington,2
Alabama,Crenshaw,4
Alabama,Cullman,148
Alabama,Dale,12
Alabama,Dallas,51
Alabama,De Kalb,11
Alabama,Elmore,15
Alabama,Escambia,72
Alabama,Etowah,26
Alabama,Fayette,352
Alabama,Franklin,73
Alabama,Geneva,1
Alabama,Greene,6
Alabama,Hale,4
Alabama,Henry,3
Alabama,Houston,3
Alabama,Jackson,27
Alabama,Jefferson,1611
Alabama,Lawrence,14
Alabama,Lee,28
Alabama,Lowndes,41
Alabama,Macon,57
Alabama,Madison,69
Alabama,Marengo,93
Alabama,Marion,82
Alabama,Marshall,48
Alabama,Mobile,184
Alabama,Monroe,6
Alabama,Montgomery,81
Alabama,Morgan,57
Alabama,Pickens,14
Alabama,Russell,35
Alabama,Shelby,666
Alabama,St Clair,203
Alabama,Sumter,50
Alabama,Talladega,425
Alabama,Tuscaloosa,1985
Alabama,Walker,1750
Alabama,Washington,7
Alabama,Winston,82
Alaska,2001,20
Alaska,2002,9
Alaska,2005,258
Alaska,2006,19
Alaska,2007,3
Alaska,2009,17
Alaska,2011,202
Alaska,2012,64
Alaska,2014,219
Alaska,Aleutians East,271
Arizona,Apache,23
Arizona,Cochise,207
Arizona,Coconino,75
Arizona,Gila,1361
Arizona,Graham,22
Arizona,Greenlee,2010
Arizona,La Paz,154
Arizona,Maricopa,606
Arizona,Mohave,160
Arizona,Navajo,979
Arizona,Pima,2076
Arizona,Pinal,3431
Arizona,Santa Cruz,9
Arizona,Yavapai,1047
Arizona,Yuma,85
Arkansas,Ashley,2
Arkansas,Baxter,27
Arkansas,Benton,98
Arkansas,Boone,67
Arkansas,Bradley,11
Arkansas,Calhoun,32
Arkansas,Carroll,9
Arkansas,Clark,34
Arkansas,Cleburne,13
Arkansas,Conway,14
Arkansas,Craighead,17
Arkansas,Crawford,37
Arkansas,Crittenden,36
Arkansas,Cross,3
Arkansas,Desha,11
Arkansas,Faulkner,17
Arkansas,Franklin,9
Arkansas,Fulton,2
Arkansas,Garland,134
Arkansas,Grant,12
Arkansas,Greene,13
Arkansas,Hempstead,4
Arkansas,Hot Spring,41
Arkansas,Howard,116
Arkansas,Independence,133
Arkansas,Izard,61
Arkansas,Jackson,5
Arkansas,Jefferson,5
Arkansas,Johnson,17
Arkansas,Lawrence,47
Arkansas,Lincoln,7
Arkansas,Little River,195
Arkansas,Logan,33
Arkansas,Marion,36
Arkansas,Miller,1
Arkansas,Montgomery,42
Arkansas,Nevada,11
Arkansas,Ouachita,56
Arkansas,Perry,15
Arkansas,Pike,35
Arkansas,Poinsett,19
Arkansas,Polk,36
Arkansas,Pope,28
Arkansas,Pulaski,409
Arkansas,Saline,495
Arkansas,Scott,2
Arkansas,Sebastian,106
Arkansas,Sevier,37
Arkansas,St Francis,5
Arkansas,Stone,4
Arkansas,Union,10
Arkansas,Van Buren,8
Arkansas,Washington,49
Arkansas,White,30
Arkansas,Yell,1
California,Alameda,265
California,Amador,138
California,Butte,33
California,Calaveras,167
California,Colusa,5
California,Contra Costa,133
California,Del Norte,12
California,El Dorado,37
California,Fresno,117
California,Glenn,31
California,Humboldt,39
California,Imperial,607
California,Inyo,159
California,Kern,1292
California,Lake,362
California,Lassen,163
California,Los Angeles,532
California,Madera,52
California,Marin,35
California,Mariposa,31
California,Mendocino,47
California,Merced,34
California,Modoc,13
California,Mono,29
California,Monterey,178
California,Napa,44
California,Nevada,34
California,Orange,156
California,Placer,117
California,Plumas,9
California,Riverside,623
California,Sacramento,170
California,San Benito,106
California,San Bernardino,1635
California,San Diego,444
California,San Joaquin,117
California,San Luis Obispo,48
California,San Mateo,31
California,Santa Barbara,537
California,Santa Clara,183
California,Santa Cruz,174
California,Shasta,236
California,Sierra,61
California,Siskiyou,20
California,Solano,60
California,Sonoma,179
California,Stanislaus,42
California,Sutter,14
California,Tehama,25
California,Trinity,8
California,Tulare,52
California,Tuolumne,291
California,Ventura,190
California,Yolo,51
California,Yuba,149
Colorado,Adams,164
Colorado,Alamosa,21
Colorado,Arapahoe,20
Colorado,Archuleta,7
Colorado,Baca,6
Colorado,Bent,3
Colorado,Boulder,180
Colorado,Chaffee,47
Colorado,Cheyenne,6
Colorado,Clear Creek,509
Colorado,Costilla,149
Colorado,Delta,132
Colorado,Denver,10
Colorado,Dolores,4
Colorado,Douglas,27
Colorado,Eagle,20
Colorado,El Paso,145
Colorado,Fremont,255
Colorado,Garfield,41
Colorado,Gilpin,14
Colorado,Grand,9
Colorado,Gunnison,277
Colorado,Hinsdale,2
Colorado,Huerfano,6
Colorado,Jackson,21
Colorado,Jefferson,149
Colorado,Kit Carson,16
Colorado,La Plata,72
Colorado,Lake,218
Colorado,Larimer,314
Colorado,Las Animas,89
Colorado,Lincoln,4
Colorado,Logan,10
Colorado,Mesa,105
Colorado,Mineral,4
Colorado,Moffat,569
Colorado,Montezuma,41
Colorado,Montrose,81
Colorado,Morgan,41
Colorado,Otero,11
Colorado,Ouray,21
Colorado,Park,16
Colorado,Phillips,7
Colorado,Pitkin,15
Colorado,Prowers,10
Colorado,Pueblo,54
Colorado,Rio Blanco,245
Colorado,Rio Grande,48
Colorado,Routt,342
Colorado,Saguache,2
Colorado,San Juan,23
Colorado,San Miguel,10
Colorado,Sedgwick,2
Colorado,Summit,20
Colorado,Teller,125
Colorado,Weld,103
Colorado,Yuma,0
Connecticut,Fairfield,47
Connecticut,Hartford,161
Connecticut,Litchfield,177
Connecticut,Middlesex,23
Connecticut,New Haven,208
Connecticut,New London,43
Connecticut,Tolland,48
Connecticut,Windham,35
Delaware,Kent,48
Delaware,New Castle,57
Delaware,Sussex,15
Florida,Alachua,35
Florida,Bay,29
Florida,Brevard,18
Florida,Broward,123
Florida,Calhoun,6
Florida,Charlotte,68
Florida,Citrus,106
Florida,Clay,298
Florida,Collier,75
Florida,Columbia,15
Florida,Dade,781
Florida,De Soto,11
Florida,Dixie,5
Florida,Escambia,35
Florida,Gadsden,209
Florida,Glades,32
Florida,Hamilton,463
Florida,Hardee,54
Florida,Hendry,2
Florida,Hernando,558
Florida,Hillsborough,736
Florida,Indian River,10
Florida,Jackson,62
Florida,Lafayette,3
Florida,Lake,86
Florida,Lee,118
Florida,Leon,7
Florida,Levy,46
Florida,Manatee,113
Florida,Marion,263
Florida,Martin,8
Florida,Monroe,20
Florida,Okaloosa,8
Florida,Okeechobee,10
Florida,Orange,33
Florida,Palm Beach,51
Florida,Pasco,47
Florida,Polk,2146
Florida,Putnam,61
Florida,Santa Rosa,27
Florida,Sarasota,46
Florida,St Lucie,30
Florida,Sumter,62
Florida,Suwannee,28
Florida,Taylor,74
Florida,Volusia,3
Florida,Walton,23
Florida,Washington,14
Georgia,Baldwin,2
Georgia,Banks,8
Georgia,Barrow,18
Georgia,Bartow,109
Georgia,Berrien,3
Georgia,Bibb,21
Georgia,Brantley,7
Georgia,Carroll,19
Georgia,Catoosa,12
Georgia,Cherokee,23
Georgia,Clarke,24
Georgia,Clayton,23
Georgia,Cobb,51
Georgia,Columbia,29
Georgia,Cook,4
Georgia,Coweta,14
Georgia,Crawford,29
Georgia,De Kalb,113
Georgia,Decatur,453
Georgia,Dougherty,2
Georgia,Douglas,55
Georgia,Echols,4
Georgia,Effingham,13
Georgia,Elbert,98
Georgia,Evans,2
Georgia,Fayette,47
Georgia,Floyd,61
Georgia,Forsyth,67
Georgia,Fulton,170
Georgia,Gilmer,69
Georgia,Glascock,102
Georgia,Grady,6
Georgia,Greene,12
Georgia,Gwinnett,88
Georgia,Habersham,13
Georgia,Hall,55
Georgia,Hancock,11
Georgia,Harris,13
Georgia,Hart,108
Georgia,Heard,6
Georgia,Henry,33
Georgia,Houston,120
Georgia,Jackson,7
Georgia,Jasper,31
Georgia,Jefferson,247
Georgia,Jones,83
Georgia,Lee,14
Georgia,Long,3
Georgia,Lumpkin,5
Georgia,Macon,35
Georgia,Madison,17
Georgia,Marion,42
Georgia,McIntosh,5
Georgia,Monroe,68
Georgia,Montgomery,5
Georgia,Murray,30
Georgia,Muscogee,45
Georgia,Newton,30
Georgia,Oglethorpe,214
Georgia,Pickens,206
Georgia,Pike,1
Georgia,Polk,19
Georgia,Rabun,11
Georgia,Richmond,130
Georgia,Rockdale,10
Georgia,Spalding,18
Georgia,Stephens,11
Georgia,Sumter,126
Georgia,Talbot,31
Georgia,Taylor,15
Georgia,Thomas,300
Georgia,Towns,7
Georgia,Troup,11
Georgia,Twiggs,762
Georgia,Union,27
Georgia,Walker,31
Georgia,Warren,105
Georgia,Washington,1084
Georgia,Whitfield,78
Georgia,Wilkes,22
Georgia,Wilkinson,1299
Hawaii,Hawaii,89
Hawaii,Honolulu,344
Hawaii,Kauai,52
Hawaii,Maui,57
Idaho,Ada,109
Idaho,Adams,2
Idaho,Bannock,83
Idaho,Bear Lake,7
Idaho,Benewah,61
Idaho,Bingham,75
Idaho,Blaine,15
Idaho,Bonner,11
Idaho,Bonneville,62
Idaho,Boundary,3
Idaho,Butte,47
Idaho,Camas,0
Idaho,Canyon,42
Idaho,Caribou,446
Idaho,Cassia,54
Idaho,Clark,2
Idaho,Clearwater,3
Idaho,Custer,226
Idaho,Elmore,11
Idaho,Franklin,11
Idaho,Fremont,5
Idaho,Gem,17
Idaho,Idaho,49
Idaho,Kootenai,19
Idaho,Latah,30
Idaho,Lemhi,21
Idaho,Lewis,3
Idaho,Lincoln,4
Idaho,Madison,10
Idaho,Minidoka,14
Idaho,Nez Perce,39
Idaho,Oneida,36
Idaho,Owyhee,136
Idaho,Payette,0
Idaho,Power,8
Idaho,Shoshone,453
Idaho,Twin Falls,31
Idaho,Valley,35
Idaho,Washington,5
Illinois,Adams,179
Illinois,Alexander,55
Illinois,Bond,16
Illinois,Boone,21
Illinois,Brown,46
Illinois,Bureau,11
Illinois,Calhoun,5
Illinois,Carroll,9
Illinois,Champaign,26
Illinois,Christian,495
Illinois,Clark,31
Illinois,Clinton,429
Illinois,Coles,28
Illinois,Cook,541
Illinois,Crawford,10
Illinois,Cumberland,12
Illinois,De Kalb,27
Illinois,Douglas,11
Illinois,Du Page,43
Illinois,Fayette,15
Illinois,Ford,7
Illinois,Franklin,774
Illinois,Fulton,76
Illinois,Gallatin,557
Illinois,Greene,17
Illinois,Grundy,23
Illinois,Hancock,40
Illinois,Hardin,277
Illinois,Henderson,12
Illinois,Henry,12
Illinois,Iroquois,6
Illinois,Jackson,39
Illinois,Jefferson,740
Illinois,Jersey,8
Illinois,Jo Daviess,26
Illinois,Johnson,43
Illinois,Kane,136
Illinois,Kankakee,54
Illinois,Kendall,25
Illinois,La Salle,529
Illinois,Lake,58
Illinois,Lawrence,11
Illinois,Lee,179
Illinois,Livingston,76
Illinois,Logan,208
Illinois,Macon,13
Illinois,Macoupin,602
Illinois,Madison,68
Illinois,Marshall,20
Illinois,Mason,9
Illinois,Massac,96
Illinois,McDonough,112
Illinois,McHenry,143
Illinois,McLean,29
Illinois,Menard,28
Illinois,Monroe,19
Illinois,Montgomery,157
Illinois,Ogle,89
Illinois,Peoria,30
Illinois,Perry,1220
Illinois,Piatt,2
Illinois,Pike,36
Illinois,Pulaski,196
Illinois,Putnam,14
Illinois,Randolph,806
Illinois,Rock Island,51
Illinois,Saline,1237
Illinois,Sangamon,20
Illinois,Scott,8
Illinois,Shelby,6
Illinois,St Clair,219
Illinois,Stephenson,16
Illinois,Tazewell,23
Illinois,Union,35
Illinois,Vermilion,55
Illinois,Wabash,572
Illinois,Warren,20
Illinois,Washington,300
Illinois,White,256
Illinois,Whiteside,17
Illinois,Will,183
Illinois,Williamson,268
Illinois,Winnebago,59
Illinois,Woodford,35
Indiana,Adams,25
Indiana,Allen,81
Indiana,Bartholomew,20
Indiana,Blackford,4
Indiana,Boone,10
Indiana,Carroll,33
Indiana,Cass,119
Indiana,Clark,297
Indiana,Clay,202
Indiana,Crawford,119
Indiana,Daviess,561
Indiana,De Kalb,28
Indiana,Dearborn,10
Indiana,Decatur,15
Indiana,Delaware,20
Indiana,Dubois,74
Indiana,Elkhart,35
Indiana,Fayette,4
Indiana,Floyd,5
Indiana,Franklin,18
Indiana,Fulton,6
Indiana,Gibson,72
Indiana,Grant,52
Indiana,Greene,588
Indiana,Hamilton,129
Indiana,Hancock,8
Indiana,Harrison,37
Indiana,Hendricks,10
Indiana,Henry,8
Indiana,Howard,23
Indiana,Huntington,25
Indiana,Jackson,7
Indiana,Jasper,20
Indiana,Jay,18
Indiana,Jennings,23
Indiana,Johnson,13
Indiana,Knox,103
Indiana,Kosciusko,23
Indiana,La Grange,4
Indiana,La Porte,7
Indiana,Lake,136
Indiana,Lawrence,219
Indiana,Madison,26
Indiana,Marion,116
Indiana,Marshall,9
Indiana,Martin,130
Indiana,Miami,23
Indiana,Monroe,185
Indiana,Montgomery,14
Indiana,Morgan,52
Indiana,Newton,18
Indiana,Noble,9
Indiana,Orange,18
Indiana,Owen,14
Indiana,Perry,0
Indiana,Pike,575
Indiana,Porter,13
Indiana,Posey,5
Indiana,Pulaski,25
Indiana,Putnam,163
Indiana,Randolph,12
Indiana,Ripley,18
Indiana,Rush,8
Indiana,Scott,15
Indiana,Shelby,41
Indiana,Spencer,111
Indiana,St Joseph,23
Indiana,Starke,5
Indiana,Steuben,35
Indiana,Sullivan,282
Indiana,Switzerland,46
Indiana,Tippecanoe,47
Indiana,Union,0
Indiana,Vanderburgh,28
Indiana,Vermillion,114
Indiana,Vigo,33
Indiana,Wabash,4
Indiana,Warren,17
Indiana,Warrick,787
Indiana,Washington,9
Indiana,Wayne,26
Indiana,Wells,7
Indiana,White,10
Indiana,Whitley,5
Iowa,Adair,144
Iowa,Allamakee,5
Iowa,Appanoose,25
Iowa,Benton,8
Iowa,Black Hawk,67
Iowa,Buena Vista,11
Iowa,Butler,5
Iowa,Carroll,8
Iowa,Cedar,3
Iowa,Cerro Gordo,257
Iowa,Cherokee,3
Iowa,Chickasaw,4
Iowa,Clay,13
Iowa,Clayton,3
Iowa,Clinton,11
Iowa,Dallas,6
Iowa,Delaware,13
Iowa,Des Moines,138
Iowa,Dickinson,10
Iowa,Dubuque,51
Iowa,Emmet,20
Iowa,Fayette,39
Iowa,Floyd,23
Iowa,Franklin,9
Iowa,Greene,18
Iowa,Grundy,1
Iowa,Guthrie,15
Iowa,Hamilton,18
Iowa,Hancock,8
Iowa,Hardin,134
Iowa,Harrison,26
Iowa,Henry,5
Iowa,Humboldt,1
Iowa,Iowa,3
Iowa,Jackson,3
Iowa,Jasper,20
Iowa,Johnson,53
Iowa,Jones,40
Iowa,Kossuth,8
Iowa,Lee,5
Iowa,Linn,97
Iowa,Louisa,16
Iowa,Lyon,11
Iowa,Madison,0
Iowa,Marion,133
Iowa,Marshall,28
Iowa,Mitchell,42
Iowa,Monona,6
Iowa,Monroe,4
Iowa,Montgomery,24
Iowa,Muscatine,103
Iowa,O Brien,3
Iowa,Osceola,2
Iowa,Palo Alto,3
Iowa,Plymouth,5
Iowa,Pocahontas,49
Iowa,Polk,252
Iowa,Poweshiek,14
Iowa,Sac,25
Iowa,Scott,204
Iowa,Sioux,25
Iowa,Story,55
Iowa,Tama,4
Iowa,Van Buren,36
Iowa,Wapello,19
Iowa,Washington,1
Iowa,Webster,113
Iowa,Winneshiek,32
Iowa,Woodbury,6
Iowa,Worth,10
Iowa,Wright,7
Kansas,Allen,143
Kansas,Atchison,22
Kansas,Barber,22
Kansas,Barton,15
Kansas,Bourbon,7
Kansas,Butler,17
Kansas,Chase,12
Kansas,Chautauqua,6
Kansas,Cherokee,2
Kansas,Cheyenne,2
Kansas,Clay,8
Kansas,Cloud,8
Kansas,Coffey,5
Kansas,Cowley,46
Kansas,Crawford,133
Kansas,Dickinson,77
Kansas,Doniphan,0
Kansas,Douglas,15
Kansas,Edwards,5
Kansas,Elk,31
Kansas,Ellis,17
Kansas,Ellsworth,57
Kansas,Finney,15
Kansas,Ford,23
Kansas,Franklin,53
Kansas,Geary,7
Kansas,Graham,9
Kansas,Grant,8
Kansas,Gray,2
Kansas,Hamilton,4
Kansas,Harper,1
Kansas,Harvey,3
Kansas,Jefferson,41
Kansas,Johnson,143
Kansas,Kearny,5
Kansas,Kiowa,7
Kansas,Labette,0
Kansas,Leavenworth,26
Kansas,Lincoln,48
Kansas,Linn,32
Kansas,Logan,3
Kansas,Lyon,21
Kansas,Marion,17
Kansas,Marshall,42
Kansas,McPherson,20
Kansas,Miami,12
Kansas,Montgomery,108
Kansas,Neosho,151
Kansas,Osage,8
Kansas,Ottawa,2
Kansas,Pawnee,7
Kansas,Phillips,3
Kansas,Pottawatomie,5
Kansas,Pratt,6
Kansas,Reno,189
Kansas,Republic,9
Kansas,Rice,169
Kansas,Riley,26
Kansas,Saline,8
Kansas,Sedgwick,65
Kansas,Seward,2
Kansas,Shawnee,56
Kansas,Sherman,6
Kansas,Smith,2
Kansas,Sumner,2
Kansas,Thomas,3
Kansas,Trego,4
Kansas,Wabaunsee,3
Kansas,Washington,4
Kansas,Wilson,126
Kansas,Woodson,5
Kansas,Wyandotte,62
Kentucky,Adair,13
Kentucky,Allen,5
Kentucky,Anderson,25
Kentucky,Barren,16
Kentucky,Bell,895
Kentucky,Boone,41
Kentucky,Bourbon,8
Kentucky,Boyd,144
Kentucky,Boyle,14
Kentucky,Breathitt,325
Kentucky,Breckinridge,29
Kentucky,Bullitt,74
Kentucky,Butler,22
Kentucky,Caldwell,77
Kentucky,Calloway,2
Kentucky,Carlisle,10
Kentucky,Carroll,16
Kentucky,Carter,61
Kentucky,Casey,22
Kentucky,Christian,106
Kentucky,Clay,247
Kentucky,Clinton,18
Kentucky,Crittenden,15
Kentucky,Daviess,235
Kentucky,Edmonson,10
Kentucky,Elliott,11
Kentucky,Estill,79
Kentucky,Fayette,42
Kentucky,Fleming,20
Kentucky,Floyd,1155
Kentucky,Franklin,23
Kentucky,Gallatin,4
Kentucky,Garrard,12
Kentucky,Graves,44
Kentucky,Grayson,22
Kentucky,Green,8
Kentucky,Greenup,161
Kentucky,Hancock,13
Kentucky,Hardin,50
Kentucky,Harlan,2650
Kentucky,Harrison,10
Kentucky,Hart,45
Kentucky,Henderson,352
Kentucky,Henry,14
Kentucky,Hopkins,984
Kentucky,Jackson,57
Kentucky,Jefferson,177
Kentucky,Jessamine,27
Kentucky,Johnson,315
Kentucky,Knott,1429
Kentucky,Knox,492
Kentucky,Laurel,211
Kentucky,Lawrence,34
Kentucky,Lee,56
Kentucky,Leslie,1153
Kentucky,Letcher,1533
Kentucky,Livingston,314
Kentucky,Logan,13
Kentucky,Madison,36
Kentucky,Magoffin,235
Kentucky,Marion,13
Kentucky,Martin,1495
Kentucky,Mason,206
Kentucky,McCreary,24
Kentucky,McLean,22
Kentucky,Meade,70
Kentucky,Menifee,15
Kentucky,Mercer,13
Kentucky,Metcalfe,7
Kentucky,Monroe,4
Kentucky,Montgomery,23
Kentucky,Morgan,25
Kentucky,Muhlenberg,506
Kentucky,Nelson,24
Kentucky,Nicholas,7
Kentucky,Ohio,354
Kentucky,Oldham,47
Kentucky,Owsley,34
Kentucky,Pendleton,195
Kentucky,Perry,2217
Kentucky,Pike,5902
Kentucky,Powell,25
Kentucky,Pulaski,29
Kentucky,Rockcastle,22
Kentucky,Scott,35
Kentucky,Simpson,8
Kentucky,Taylor,7
Kentucky,Todd,12
Kentucky,Trigg,14
Kentucky,Trimble,2
Kentucky,Union,1501
Kentucky,Warren,38
Kentucky,Washington,8
Kentucky,Wayne,36
Kentucky,Webster,1332
Kentucky,Whitley,554
Kentucky,Wolfe,90
Louisiana,Allen,9
Louisiana,Ascension,239
Louisiana,Assumption,6
Louisiana,Beauregard,39
Louisiana,Bienville,2
Louisiana,Caddo,0
Louisiana,Calcasieu,27
Louisiana,Catahoula,10
Louisiana,De Soto,71
Louisiana,East Baton Rouge,33
Louisiana,East Feliciana,35
Louisiana,Evangeline,9
Louisiana,Grant,6
Louisiana,Iberia,475
Louisiana,Jefferson Davis,9
Louisiana,La Salle,17
Louisiana,Lafayette,10
Louisiana,Livingston,29
Louisiana,Orleans,58
Louisiana,Ouachita,19
Louisiana,Pointe Coupee,47
Louisiana,Rapides,52
Louisiana,Red River,22
Louisiana,St Bernard,10
Louisiana,St Helena,101
Louisiana,St James,412
Louisiana,St Landry,0
Louisiana,St Martin,3
Louisiana,St Mary,153
Louisiana,St Tammany,63
Louisiana,Tangipahoa,33
Louisiana,Terrebonne,16
Louisiana,Vermilion,4
Louisiana,Vernon,10
Louisiana,Washington,62
Louisiana,Webster,65
Louisiana,West Feliciana,18
Louisiana,Winn,10
Maine,Androscoggin,45
Maine,Aroostook,90
Maine,Cumberland,57
Maine,Hancock,37
Maine,Kennebec,34
Maine,Knox,98
Maine,Lincoln,9
Maine,Oxford,12
Maine,Penobscot,47
Maine,Piscataquis,17
Maine,Sagadahoc,7
Maine,Somerset,25
Maine,Waldo,18
Maine,Washington,18
Maine,York,58
Maryland,Allegany,220
Maryland,Anne Arundel,58
Maryland,Baltimore,333
Maryland,Carroll,207
Maryland,Cecil,114
Maryland,Charles,69
Maryland,Dorchester,15
Maryland,Frederick,217
Maryland,Garrett,400
Maryland,Harford,73
Maryland,Howard,4
Maryland,Montgomery,68
Maryland,Prince Georges,83
Maryland,Queen Annes,20
Maryland,St Marys,18
Maryland,Talbot,3
Maryland,Washington,175
Maryland,Wicomico,4
Maryland,Worcester,5
Massachusetts,Barnstable,22
Massachusetts,Berkshire,264
Massachusetts,Bristol,69
Massachusetts,Dukes,10
Massachusetts,Essex,46
Massachusetts,Franklin,25
Massachusetts,Hampden,54
Massachusetts,Hampshire,38
Massachusetts,Middlesex,121
Massachusetts,Norfolk,104
Massachusetts,Plymouth,69
Massachusetts,Suffolk,9
Massachusetts,Worcester,108
Michigan,Allegan,45
Michigan,Alpena,217
Michigan,Antrim,8
Michigan,Arenac,12
Michigan,Baraga,10
Michigan,Barry,15
Michigan,Bay,31
Michigan,Benzie,4
Michigan,Berrien,44
Michigan,Branch,5
Michigan,Calhoun,50
Michigan,Cass,18
Michigan,Charlevoix,127
Michigan,Cheboygan,6
Michigan,Chippewa,28
Michigan,Clare,10
Michigan,Clinton,44
Michigan,Delta,18
Michigan,Dickinson,17
Michigan,Eaton,24
Michigan,Emmet,7
Michigan,Gladwin,0
Michigan,Gogebic,12
Michigan,Grand Traverse,34
Michigan,Gratiot,9
Michigan,Hillsdale,19
Michigan,Houghton,20
Michigan,Huron,20
Michigan,Ingham,26
Michigan,Ionia,9
Michigan,Iosco,107
Michigan,Iron,34
Michigan,Isabella,17
Michigan,Jackson,21
Michigan,Kalamazoo,22
Michigan,Kent,88
Michigan,Lake,2
Michigan,Lapeer,31
Michigan,Leelanau,13
Michigan,Lenawee,11
Michigan,Livingston,30
Michigan,Luce,7
Michigan,Mackinac,108
Michigan,Macomb,14
Michigan,Manistee,2
Michigan,Marquette,2699
Michigan,Mason,2
Michigan,Mecosta,5
Michigan,Menominee,4
Michigan,Midland,5
Michigan,Missaukee,7
Michigan,Monroe,213
Michigan,Montcalm,9
Michigan,Muskegon,24
Michigan,Newaygo,7
Michigan,Oakland,179
Michigan,Oceana,12
Michigan,Ogemaw,14
Michigan,Ontonagon,887
Michigan,Osceola,5
Michigan,Otsego,11
Michigan,Ottawa,77
Michigan,Presque Isle,335
Michigan,Roscommon,27
Michigan,Sanilac,15
Michigan,Schoolcraft,38
Michigan,Shiawassee,18
Michigan,St Clair,5
Michigan,St Joseph,12
Michigan,Tuscola,21
Michigan,Van Buren,6
Michigan,Washtenaw,30
Michigan,Wayne,201
Michigan,Wexford,23
Minnesota,Aitkin,3
Minnesota,Becker,24
Minnesota,Beltrami,13
Minnesota,Benton,16
Minnesota,Big Stone,25
Minnesota,Blue Earth,61
Minnesota,Brown,4
Minnesota,Carlton,38
Minnesota,Carver,36
Minnesota,Cass,4
Minnesota,Chisago,11
Minnesota,Clay,60
Minnesota,Clearwater,1
Minnesota,Cook,5
Minnesota,Cottonwood,8
Minnesota,Crow Wing,34
Minnesota,Dakota,82
Minnesota,Dodge,14
Minnesota,Douglas,10
Minnesota,Faribault,4
Minnesota,Fillmore,12
Minnesota,Freeborn,2
Minnesota,Goodhue,25
Minnesota,Hennepin,51
Minnesota,Houston,59
Minnesota,Hubbard,15
Minnesota,Itasca,16
Minnesota,Jackson,3
Minnesota,Kanabec,21
Minnesota,Kandiyohi,21
Minnesota,Kittson,6
Minnesota,Koochiching,8
Minnesota,Lac qui Parle,6
Minnesota,Lake,220
Minnesota,Le Sueur,83
Minnesota,Lincoln,2
Minnesota,Lyon,8
Minnesota,Mahnomen,2
Minnesota,Marshall,10
Minnesota,Martin,15
Minnesota,McLeod,26
Minnesota,Meeker,7
Minnesota,Mille Lacs,15
Minnesota,Morrison,23
Minnesota,Mower,13
Minnesota,Murray,42
Minnesota,Nicollet,14
Minnesota,Olmsted,100
Minnesota,Otter Tail,43
Minnesota,Pennington,5
Minnesota,Pine,5
Minnesota,Pipestone,2
Minnesota,Polk,18
Minnesota,Pope,14
Minnesota,Ramsey,0
Minnesota,Red Lake,1
Minnesota,Redwood,10
Minnesota,Renville,15
Minnesota,Rice,14
Minnesota,Rock,16
Minnesota,Roseau,2
Minnesota,Scott,45
Minnesota,Sherburne,46
Minnesota,Sibley,6
Minnesota,St Louis,5140
Minnesota,Stearns,121
Minnesota,Steele,9
Minnesota,Stevens,3
Minnesota,Todd,25
Minnesota,Wabasha,9
Minnesota,Wadena,5
Minnesota,Waseca,5
Minnesota,Washington,78
Minnesota,Watonwan,4
Minnesota,Wilkin,3
Minnesota,Winona,12
Minnesota,Wright,17
Minnesota,Yellow Medicine,25
Mississippi,Adams,15
Mississippi,Alcorn,2
Mississippi,Benton,5
Mississippi,Bolivar,8
Mississippi,Carroll,20
Mississippi,Clay,5
Mississippi,Coahoma,10
Mississippi,Copiah,110
Mississippi,De Soto,23
Mississippi,Forrest,71
Mississippi,George,4
Mississippi,Harrison,17
Mississippi,Hinds,173
Mississippi,Holmes,16
Mississippi,Itawamba,21
Mississippi,Jasper,4
Mississippi,Lafayette,3
Mississippi,Lauderdale,2
Mississippi,Lincoln,10
Mississippi,Lowndes,155
Mississippi,Marion,18
Mississippi,Monroe,89
Mississippi,Noxubee,13
Mississippi,Panola,38
Mississippi,Pearl River,34
Mississippi,Perry,16
Mississippi,Pike,14
Mississippi,Quitman,4
Mississippi,Rankin,2
Mississippi,Smith,2
Mississippi,Stone,16
Mississippi,Tate,5
Mississippi,Tippah,228
Mississippi,Tishomingo,25
Mississippi,Warren,22
Mississippi,Washington,2
Mississippi,Wayne,4
Mississippi,Winston,8
Mississippi,Yalobusha,10
Mississippi,Yazoo,19
Missouri,Adair,4
Missouri,Andrew,29
Missouri,Audrain,7
Missouri,Barry,18
Missouri,Barton,43
Missouri,Bates,20
Missouri,Benton,24
Missouri,Bollinger,3
Missouri,Boone,63
Missouri,Buchanan,37
Missouri,Butler,23
Missouri,Callaway,97
Missouri,Camden,12
Missouri,Cape Girardeau,191
Missouri,Carroll,0
Missouri,Cass,52
Missouri,Cedar,5
Missouri,Christian,42
Missouri,Clark,1
Missouri,Clay,80
Missouri,Clinton,34
Missouri,Cole,22
Missouri,Cooper,20
Missouri,Crawford,18
Missouri,Dade,4
Missouri,Dallas,3
Missouri,Daviess,8
Missouri,Dent,12
Missouri,Douglas,38
Missouri,Franklin,35
Missouri,Gasconade,23
Missouri,Gentry,1
Missouri,Greene,155
Missouri,Grundy,1
Missouri,Harrison,3
Missouri,Henry,12
Missouri,Hickory,3
Missouri,Holt,12
Missouri,Howard,16
Missouri,Howell,32
Missouri,Iron,511
Missouri,Jackson,166
Missouri,Jasper,90
Missouri,Jefferson,255
Missouri,Johnson,8
Missouri,Knox,29
Missouri,Laclede,22
Missouri,Lafayette,9
Missouri,Lawrence,12
Missouri,Lewis,1
Missouri,Lincoln,41
Missouri,Livingston,22
Missouri,Macon,3
Missouri,Marion,3
Missouri,McDonald,16
Missouri,Miller,14
Missouri,Monroe,11
Missouri,Montgomery,66
Missouri,Morgan,20
Missouri,New Madrid,6
Missouri,Newton,29
Missouri,Nodaway,2
Missouri,Oregon,9
Missouri,Osage,8
Missouri,Ozark,4
Missouri,Pemiscot,6
Missouri,Perry,21
Missouri,Pettis,32
Missouri,Phelps,36
Missouri,Pike,172
Missouri,Platte,53
Missouri,Polk,15
Missouri,Pulaski,11
Missouri,Putnam,5
Missouri,Ralls,229
Missouri,Randolph,477
Missouri,Ray,22
Missouri,Reynolds,355
Missouri,Ripley,3
Missouri,Saline,35
Missouri,Scotland,16
Missouri,Scott,57
Missouri,Shannon,4
Missouri,Shelby,19
Missouri,St Charles,55
Missouri,St Francois,95
Missouri,St Louis,300
Missouri,St Louis City,2
Missouri,Ste. Genevieve,918
Missouri,Stoddard,146
Missouri,Stone,15
Missouri,Sullivan,16
Missouri,Taney,55
Missouri,Texas,24
Missouri,Vernon,10
Missouri,Warren,22
Missouri,Washington,90
Missouri,Wayne,35
Missouri,Webster,3
Missouri,Wright,16
Montana,Beaverhead,68
Montana,Big Horn,515
Montana,Broadwater,54
Montana,Carbon,13
Montana,Cascade,28
Montana,Chouteau,2
Montana,Custer,1
Montana,Dawson,5
Montana,Deer Lodge,12
Montana,Fergus,111
Montana,Flathead,36
Montana,Gallatin,207
Montana,Glacier,6
Montana,Granite,18
Montana,Hill,6
Montana,Jefferson,499
Montana,Judith Basin,9
Montana,Lake,6
Montana,Lewis and Clark,42
Montana,Lincoln,331
Montana,Madison,151
Montana,Meagher,1
Montana,Missoula,60
Montana,Musselshell,6
Montana,Park,83
Montana,Phillips,176
Montana,Pondera,4
Montana,Powell,125
Montana,Ravalli,9
Montana,Richland,12
Montana,Roosevelt,1
Montana,Rosebud,433
Montana,Sanders,2
Montana,Sheridan,10
Montana,Silver Bow,384
Montana,Stillwater,352
Montana,Sweet Grass,1
Montana,Teton,0
Montana,Toole,4
Montana,Treasure,3
Montana,Valley,9
Montana,Yellowstone,101
Nebraska,Adams,2
Nebraska,Antelope,11
Nebraska,Blaine,3
Nebraska,Boone,2
Nebraska,Boyd,1
Nebraska,Brown,5
Nebraska,Buffalo,42
Nebraska,Butler,3
Nebraska,Cass,365
Nebraska,Cedar,9
Nebraska,Cherry,2
Nebraska,Cheyenne,2
Nebraska,Clay,5
Nebraska,Colfax,6
Nebraska,Cuming,8
Nebraska,Custer,5
Nebraska,Dawes,15
Nebraska,Dawson,18
Nebraska,Dixon,3
Nebraska,Dodge,10
Nebraska,Douglas,42
Nebraska,Dundy,6
Nebraska,Franklin,11
Nebraska,Furnas,2
Nebraska,Gage,21
Nebraska,Garden,3
Nebraska,Garfield,6
Nebraska,Hall,40
Nebraska,Hamilton,4
Nebraska,Harlan,1
Nebraska,Hayes,1
Nebraska,Hitchcock,11
Nebraska,Holt,20
Nebraska,Howard,9
Nebraska,Jefferson,14
Nebraska,Kearney,12
Nebraska,Keith,4
Nebraska,Knox,9
Nebraska,Lancaster,6
Nebraska,Lincoln,27
Nebraska,Loup,7
Nebraska,Madison,15
Nebraska,Merrick,10
Nebraska,Morrill,5
Nebraska,Nance,5
Nebraska,Nemaha,2
Nebraska,Nuckolls,3
Nebraska,Phelps,4
Nebraska,Pierce,2
Nebraska,Platte,28
Nebraska,Polk,6
Nebraska,Red Willow,8
Nebraska,Sarpy,18
Nebraska,Saunders,34
Nebraska,Scotts Bluff,10
Nebraska,Seward,1
Nebraska,Stanton,10
Nebraska,Thayer,8
Nebraska,Thomas,6
Nebraska,Valley,5
Nebraska,Washington,28
Nebraska,Webster,8
Nebraska,York,3
Nevada,Carson City,6
Nevada,Churchill,47
Nevada,Clark,497
Nevada,Douglas,28
Nevada,Elko,958
Nevada,Esmeralda,107
Nevada,Eureka,2900
Nevada,Humboldt,1486
Nevada,Lander,1041
Nevada,Lincoln,18
Nevada,Lyon,236
Nevada,Mineral,451
Nevada,Nye,949
Nevada,Pershing,597
Nevada,Storey,124
Nevada,Washoe,294
Nevada,White Pine,355
New Hampshire,Belknap,25
New Hampshire,Carroll,43
New Hampshire,Cheshire,34
New Hampshire,Coos,13
New Hampshire,Grafton,35
New Hampshire,Hillsborough,60
New Hampshire,Merrimack,99
New Hampshire,Rockingham,46
New Hampshire,Strafford,27
New Hampshire,Sullivan,15
New Jersey,Atlantic,17
New Jersey,Burlington,17
New Jersey,Camden,53
New Jersey,Cape May,40
New Jersey,Cumberland,188
New Jersey,Gloucester,21
New Jersey,Hunterdon,73
New Jersey,Mercer,50
New Jersey,Middlesex,75
New Jersey,Monmouth,713
New Jersey,Morris,190
New Jersey,Ocean,65
New Jersey,Passaic,121
New Jersey,Salem,3
New Jersey,Somerset,211
New Jersey,Sussex,168
New Jersey,Union,1
New Jersey,Warren,48
New Mexico,Bernalillo,237
New Mexico,Catron,10
New Mexico,Chaves,46
New Mexico,Cibola,15
New Mexico,Colfax,284
New Mexico,Curry,7
New Mexico,De Baca,12
New Mexico,Dona Ana,154
New Mexico,Eddy,1667
New Mexico,Grant,1112
New Mexico,Guadalupe,5
New Mexico,Hidalgo,22
New Mexico,Lea,302
New Mexico,Lincoln,7
New Mexico,Luna,18
New Mexico,McKinley,673
New Mexico,Mora,5
New Mexico,Otero,19
New Mexico,Quay,9
New Mexico,Rio Arriba,48
New Mexico,Roosevelt,6
New Mexico,San Juan,896
New Mexico,San Miguel,13
New Mexico,Sandoval,70
New Mexico,Santa Fe,74
New Mexico,Sierra,56
New Mexico,Socorro,52
New Mexico,Taos,325
New Mexico,Torrance,24
New Mexico,Union,14
New Mexico,Valencia,13
New York,Albany,297
New York,Allegany,37
New York,Broome,42
New York,Cattaraugus,99
New York,Cayuga,15
New York,Chautauqua,30
New York,Chemung,58
New York,Chenango,58
New York,Clinton,36
New York,Columbia,47
New York,Cortland,28
New York,Delaware,66
New York,Dutchess,241
New York,Erie,119
New York,Essex,166
New York,Franklin,27
New York,Fulton,16
New York,Genesee,158
New York,Greene,241
New York,Hamilton,35
New York,Herkimer,40
New York,Jefferson,110
New York,Lewis,49
New York,Livingston,278
New York,Madison,43
New York,Monroe,78
New York,Montgomery,50
New York,Niagara,73
New York,Oneida,70
New York,Onondaga,137
New York,Ontario,91
New York,Orange,77
New York,Orleans,42
New York,Oswego,62
New York,Otsego,37
New York,Putnam,27
New York,Rensselaer,62
New York,Rockland,106
New York,Saratoga,72
New York,Schenectady,37
New York,Schoharie,30
New York,Schuyler,9
New York,Seneca,24
New York,St Lawrence,377
New York,Steuben,84
New York,Suffolk,94
New York,Sullivan,62
New York,Tioga,58
New York,Tompkins,156
New York,Ulster,82
New York,Warren,159
New York,Washington,84
New York,Wayne,56
New York,Westchester,3
New York,Wyoming,10
New York,Yates,26
North Carolina,Alamance,54
North Carolina,Anson,118
North Carolina,Ashe,13
North Carolina,Avery,11
North Carolina,Beaufort,440
North Carolina,Bertie,2
North Carolina,Bladen,2
North Carolina,Brunswick,12
North Carolina,Buncombe,110
North Carolina,Burke,18
North Carolina,Cabarrus,63
North Carolina,Caldwell,30
North Carolina,Caswell,25
North Carolina,Catawba,27
North Carolina,Chatham,19
North Carolina,Cherokee,3
North Carolina,Clay,28
North Carolina,Cleveland,160
North Carolina,Craven,46
North Carolina,Cumberland,18
North Carolina,Dare,3
North Carolina,Davidson,48
North Carolina,Davie,22
North Carolina,Duplin,14
North Carolina,Durham,32
North Carolina,Edgecombe,35
North Carolina,Forsyth,125
North Carolina,Franklin,6
North Carolina,Gaston,122
North Carolina,Granville,33
North Carolina,Guilford,97
North Carolina,Halifax,4
North Carolina,Harnett,87
North Carolina,Haywood,24
North Carolina,Henderson,26
North Carolina,Hertford,4
North Carolina,Hoke,10
North Carolina,Iredell,22
North Carolina,Jackson,24
North Carolina,Johnston,55
North Carolina,Lee,65
North Carolina,Lenoir,9
North Carolina,Lincoln,37
North Carolina,Macon,50
North Carolina,Martin,3
North Carolina,McDowell,53
North Carolina,Mecklenburg,99
North Carolina,Mitchell,286
North Carolina,Montgomery,16
North Carolina,Moore,41
North Carolina,Nash,9
North Carolina,New Hanover,42
North Carolina,Northampton,12
North Carolina,Onslow,20
North Carolina,Orange,38
North Carolina,Pender,42
North Carolina,Pitt,53
North Carolina,Polk,10
North Carolina,Randolph,23
North Carolina,Richmond,77
North Carolina,Rockingham,40
North Carolina,Rowan,164
North Carolina,Rutherford,26
North Carolina,Sampson,9
North Carolina,Scotland,5
North Carolina,Stanly,40
North Carolina,Stokes,8
North Carolina,Surry,118
North Carolina,Swain,19
North Carolina,Transylvania,16
North Carolina,Union,23
North Carolina,Vance,18
North Carolina,Wake,165
North Carolina,Watauga,17
North Carolina,Wayne,13
North Carolina,Wilkes,26
North Carolina,Wilson,31
North Carolina,Yadkin,3
North Carolina,Yancey,61
North Dakota,Adams,0
North Dakota,Barnes,9
North Dakota,Bowman,59
North Dakota,Burke,3
North Dakota,Burleigh,10
North Dakota,Dunn,2
North Dakota,Eddy,11
North Dakota,Grand Forks,8
North Dakota,Grant,6
North Dakota,Hettinger,3
North Dakota,La Moure,4
North Dakota,McHenry,0
North Dakota,McIntosh,2
North Dakota,McLean,244
North Dakota,Mercer,473
North Dakota,Morton,13
North Dakota,Mountrail,12
North Dakota,Oliver,140
North Dakota,Pembina,2
North Dakota,Ransom,7
North Dakota,Renville,3
North Dakota,Richland,13
North Dakota,Rolette,8
North Dakota,Sargent,8
North Dakota,Sheridan,3
North Dakota,Stark,51
North Dakota,Stutsman,9
North Dakota,Traill,9
North Dakota,Walsh,22
North Dakota,Ward,52
North Dakota,Wells,8
North Dakota,Williams,13
Ohio,Adams,61
Ohio,Allen,29
Ohio,Ashland,11
Ohio,Ashtabula,12
Ohio,Athens,20
Ohio,Auglaize,26
Ohio,Belmont,663
Ohio,Butler,81
Ohio,Carroll,97
Ohio,Champaign,23
Ohio,Clark,36
Ohio,Clermont,14
Ohio,Clinton,20
Ohio,Columbiana,223
Ohio,Coshocton,232
Ohio,Crawford,44
Ohio,Cuyahoga,206
Ohio,Darke,11
Ohio,Delaware,60
Ohio,Erie,144
Ohio,Fairfield,8
Ohio,Fayette,6
Ohio,Franklin,209
Ohio,Gallia,11
Ohio,Geauga,88
Ohio,Greene,195
Ohio,Guernsey,77
Ohio,Hamilton,80
Ohio,Hancock,22
Ohio,Hardin,5
Ohio,Harrison,336
Ohio,Henry,6
Ohio,Highland,34
Ohio,Hocking,42
Ohio,Holmes,67
Ohio,Huron,6
Ohio,Jackson,146
Ohio,Jefferson,282
Ohio,Knox,53
Ohio,Lake,133
Ohio,Lawrence,77
Ohio,Licking,41
Ohio,Logan,44
Ohio,Lorain,22
Ohio,Lucas,45
Ohio,Mahoning,28
Ohio,Marion,49
Ohio,Medina,37
Ohio,Meigs,946
Ohio,Mercer,11
Ohio,Miami,57
Ohio,Monroe,259
Ohio,Montgomery,85
Ohio,Morgan,540
Ohio,Morrow,6
Ohio,Muskingum,258
Ohio,Noble,105
Ohio,Ottawa,137
Ohio,Paulding,138
Ohio,Perry,116
Ohio,Pickaway,28
Ohio,Pike,27
Ohio,Portage,123
Ohio,Preble,24
Ohio,Putnam,9
Ohio,Richland,20
Ohio,Ross,44
Ohio,Sandusky,305
Ohio,Scioto,41
Ohio,Seneca,67
Ohio,Shelby,29
Ohio,Stark,134
Ohio,Summit,147
Ohio,Trumbull,16
Ohio,Tuscarawas,401
Ohio,Union,26
Ohio,Van Wert,22
Ohio,Vinton,262
Ohio,Warren,28
Ohio,Washington,23
Ohio,Wayne,40
Ohio,Williams,15
Ohio,Wood,45
Ohio,Wyandot,169
Oklahoma,Adair,5
Oklahoma,Atoka,59
Oklahoma,Beaver,6
Oklahoma,Beckham,4
Oklahoma,Blaine,117
Oklahoma,Bryan,30
Oklahoma,Caddo,44
Oklahoma,Canadian,9
Oklahoma,Carter,23
Oklahoma,Cherokee,14
Oklahoma,Choctaw,62
Oklahoma,Cleveland,28
Oklahoma,Coal,0
Oklahoma,Comanche,92
Oklahoma,Cotton,6
Oklahoma,Craig,48
Oklahoma,Creek,19
Oklahoma,Custer,0
Oklahoma,Delaware,0
Oklahoma,Dewey,2
Oklahoma,Ellis,0
Oklahoma,Garvin,2
Oklahoma,Greer,19
Oklahoma,Harper,0
Oklahoma,Haskell,103
Oklahoma,Hughes,1
Oklahoma,Jackson,11
Oklahoma,Jefferson,5
Oklahoma,Johnston,166
Oklahoma,Kay,14
Oklahoma,Kingfisher,8
Oklahoma,Kiowa,64
Oklahoma,Latimer,47
Oklahoma,Le Flore,94
Oklahoma,Logan,4
Oklahoma,Love,17
Oklahoma,Major,2
Oklahoma,Marshall,9
Oklahoma,Mayes,124
Oklahoma,McClain,1
Oklahoma,McCurtain,27
Oklahoma,McIntosh,12
Oklahoma,Murray,114
Oklahoma,Muskogee,87
Oklahoma,Nowata,32
Oklahoma,Oklahoma,72
Oklahoma,Okmulgee,28
Oklahoma,Osage,7
Oklahoma,Ottawa,27
Oklahoma,Pawnee,38
Oklahoma,Payne,11
Oklahoma,Pittsburg,32
Oklahoma,Pontotoc,124
Oklahoma,Pottawatomie,9
Oklahoma,Pushmataha,3
Oklahoma,Rogers,178
Oklahoma,Seminole,33
Oklahoma,Sequoyah,68
Oklahoma,Texas,1
Oklahoma,Tillman,4
Oklahoma,Tulsa,116
Oklahoma,Wagoner,20
Oklahoma,Washington,11
Oklahoma,Washita,11
Oklahoma,Woodward,16
Oregon,Baker,115
Oregon,Benton,25
Oregon,Clackamas,83
Oregon,Clatsop,10
Oregon,Columbia,68
Oregon,Coos,46
Oregon,Crook,17
Oregon,Curry,28
Oregon,Deschutes,58
Oregon,Douglas,235
Oregon,Grant,4
Oregon,Harney,24
Oregon,Hood River,3
Oregon,Jackson,81
Oregon,Jefferson,7
Oregon,Josephine,28
Oregon,Klamath,22
Oregon,Lake,31
Oregon,Lane,139
Oregon,Lincoln,20
Oregon,Linn,26
Oregon,Malheur,60
Oregon,Marion,87
Oregon,Morrow,19
Oregon,Multnomah,142
Oregon,Polk,44
Oregon,Sherman,4
Oregon,Tillamook,20
Oregon,Umatilla,58
Oregon,Union,12
Oregon,Wallowa,2
Oregon,Wasco,16
Oregon,Washington,113
Oregon,Yamhill,53
Pennsylvania,Adams,232
Pennsylvania,Allegheny,278
Pennsylvania,Armstrong,1393
Pennsylvania,Beaver,53
Pennsylvania,Bedford,40
Pennsylvania,Berks,412
Pennsylvania,Blair,71
Pennsylvania,Bradford,42
Pennsylvania,Bucks,240
Pennsylvania,Butler,423
Pennsylvania,Cambria,1411
Pennsylvania,Carbon,38
Pennsylvania,Centre,382
Pennsylvania,Chester,256
Pennsylvania,Clarion,274
Pennsylvania,Clearfield,989
Pennsylvania,Clinton,34
Pennsylvania,Columbia,120
Pennsylvania,Crawford,48
Pennsylvania,Cumberland,96
Pennsylvania,Dauphin,87
Pennsylvania,Delaware,67
Pennsylvania,Elk,64
Pennsylvania,Erie,75
Pennsylvania,Fayette,376
Pennsylvania,Forest,3
Pennsylvania,Franklin,50
Pennsylvania,Fulton,33
Pennsylvania,Greene,2575
Pennsylvania,Huntingdon,95
Pennsylvania,Indiana,1611
Pennsylvania,Jefferson,354
Pennsylvania,Juniata,8
Pennsylvania,Lackawanna,28
Pennsylvania,Lancaster,245
Pennsylvania,Lawrence,576
Pennsylvania,Lebanon,176
Pennsylvania,Lehigh,217
Pennsylvania,Luzerne,434
Pennsylvania,Lycoming,112
Pennsylvania,McKean,9
Pennsylvania,Mercer,131
Pennsylvania,Mifflin,14
Pennsylvania,Monroe,62
Pennsylvania,Montgomery,173
Pennsylvania,Montour,15
Pennsylvania,Northampton,733
Pennsylvania,Northumberland,330
Pennsylvania,Perry,8
Pennsylvania,Pike,17
Pennsylvania,Potter,2
Pennsylvania,Schuylkill,1289
Pennsylvania,Snyder,28
Pennsylvania,Somerset,1069
Pennsylvania,Sullivan,28
Pennsylvania,Susquehanna,57
Pennsylvania,Tioga,32
Pennsylvania,Union,29
Pennsylvania,Venango,40
Pennsylvania,Warren,26
Pennsylvania,Washington,1071
Pennsylvania,Wayne,47
Pennsylvania,Westmoreland,348
Pennsylvania,Wyoming,21
Pennsylvania,York,395
Puerto Rico,72002,29
Puerto Rico,72004,367
Puerto Rico,72006,61
Puerto Rico,72008,24
Puerto Rico,72010,407
Puerto Rico,72012,53
Puerto Rico,Adjuntas,142
Puerto Rico,Aguada,67
Puerto Rico,Aguadilla,225
Puerto Rico,Aguas Buenas,136
Puerto Rico,Aibonito,148
Puerto Rico,Anasco,17
Rhode Island,Kent,21
Rhode Island,Newport,3
Rhode Island,Providence,75
Rhode Island,Washington,23
South Carolina,Abbeville,1
South Carolina,Aiken,244
South Carolina,Anderson,42
South Carolina,Bamberg,1
South Carolina,Berkeley,44
South Carolina,Charleston,4
South Carolina,Cherokee,57
South Carolina,Chesterfield,144
South Carolina,Clarendon,10
South Carolina,Colleton,5
South Carolina,Darlington,2
South Carolina,Dorchester,340
South Carolina,Edgefield,1
South Carolina,Fairfield,130
South Carolina,Florence,8
South Carolina,Georgetown,20
South Carolina,Greenville,51
South Carolina,Greenwood,20
South Carolina,Horry,25
South Carolina,Jasper,10
South Carolina,Kershaw,51
South Carolina,Lancaster,20
South Carolina,Laurens,108
South Carolina,Lexington,134
South Carolina,Marion,9
South Carolina,Marlboro,46
South Carolina,McCormick,24
South Carolina,Oconee,7
South Carolina,Orangeburg,159
South Carolina,Pickens,37
South Carolina,Richland,85
South Carolina,Spartanburg,98
South Carolina,Sumter,31
South Carolina,Union,5
South Carolina,Williamsburg,2
South Carolina,York,27
South Dakota,Beadle,5
South Dakota,Brookings,12
South Dakota,Brown,17
South Dakota,Brule,8
South Dakota,Butte,74
South Dakota,Campbell,3
South Dakota,Charles Mix,11
South Dakota,Clark,10
South Dakota,Clay,1
South Dakota,Codington,18
South Dakota,Custer,16
South Dakota,Davison,11
South Dakota,Day,8
South Dakota,Douglas,4
South Dakota,Fall River,8
South Dakota,Grant,167
South Dakota,Haakon,0
South Dakota,Hanson,11
South Dakota,Hughes,5
South Dakota,Hutchinson,1
South Dakota,Kingsbury,3
South Dakota,Lake,10
South Dakota,Lawrence,1472
South Dakota,Marshall,4
South Dakota,McPherson,15
South Dakota,Meade,0
South Dakota,Mellette,15
South Dakota,Miner,4
South Dakota,Minnehaha,101
South Dakota,Moody,2
South Dakota,Pennington,338
South Dakota,Perkins,2
South Dakota,Roberts,16
South Dakota,Spink,2
South Dakota,Stanley,4
South Dakota,Sully,3
South Dakota,Tripp,6
South Dakota,Turner,8
South Dakota,Union,3
South Dakota,Walworth,0
South Dakota,Yankton,11
Tennessee,Anderson,188
Tennessee,Bedford,18
Tennessee,Benton,72
Tennessee,Bledsoe,23
Tennessee,Blount,70
Tennessee,Bradley,17
Tennessee,Campbell,297
Tennessee,Cannon,13
Tennessee,Carroll,10
Tennessee,Carter,29
Tennessee,Claiborne,74
Tennessee,Clay,9
Tennessee,Cocke,15
Tennessee,Coffee,20
Tennessee,Cumberland,123
Tennessee,Davidson,108
Tennessee,De Kalb,10
Tennessee,Decatur,70
Tennessee,Dickson,15
Tennessee,Fentress,40
Tennessee,Franklin,62
Tennessee,Gibson,5
Tennessee,Giles,9
Tennessee,Grainger,52
Tennessee,Greene,29
Tennessee,Grundy,15
Tennessee,Hamblen,17
Tennessee,Hamilton,166
Tennessee,Hardeman,79
Tennessee,Hardin,28
Tennessee,Hawkins,31
Tennessee,Henry,65
Tennessee,Humphreys,15
Tennessee,Jefferson,562
Tennessee,Johnson,18
Tennessee,Knox,324
Tennessee,Lauderdale,10
Tennessee,Lawrence,8
Tennessee,Lincoln,11
Tennessee,Loudon,6
Tennessee,Madison,24
Tennessee,Marion,107
Tennessee,Marshall,17
Tennessee,Maury,49
Tennessee,McMinn,17
Tennessee,McNairy,15
Tennessee,Meigs,8
Tennessee,Monroe,16
Tennessee,Montgomery,24
Tennessee,Moore,9
Tennessee,Morgan,43
Tennessee,Obion,7
Tennessee,Overton,17
Tennessee,Perry,9
Tennessee,Pickett,9
Tennessee,Polk,20
Tennessee,Putnam,34
Tennessee,Rhea,23
Tennessee,Roane,20
Tennessee,Robertson,30
Tennessee,Rutherford,60
Tennessee,Scott,112
Tennessee,Sequatchie,234
Tennessee,Sevier,31
Tennessee,Shelby,50
Tennessee,Smith,253
Tennessee,Sullivan,55
Tennessee,Sumner,25
Tennessee,Tipton,19
Tennessee,Unicoi,18
Tennessee,Union,133
Tennessee,Van Buren,7
Tennessee,Warren,20
Tennessee,Washington,19
Tennessee,Weakley,126
Tennessee,White,19
Tennessee,Williamson,33
Tennessee,Wilson,19
Texas,Andrews,1
Texas,Atascosa,153
Texas,Austin,4
Texas,Bandera,3
Texas,Bastrop,2
Texas,Bell,87
Texas,Bexar,587
Texas,Borden,6
Texas,Bosque,105
Texas,Bowie,8
Texas,Brazoria,9
Texas,Brazos,14
Texas,Brewster,29
Texas,Brown,21
Texas,Burleson,9
Texas,Burnet,229
Texas,Calhoun,737
Texas,Callahan,25
Texas,Cameron,18
Texas,Cass,16
Texas,Chambers,6
Texas,Cherokee,25
Texas,Coke,15
Texas,Coleman,4
Texas,Collin,8
Texas,Colorado,222
Texas,Comal,526
Texas,Comanche,1
Texas,Cooke,5
Texas,Coryell,22
Texas,Crosby,27
Texas,Culberson,28
Texas,Dallas,138
Texas,De Witt,4
Texas,Deaf Smith,5
Texas,Denton,6
Texas,Dimmit,6
Texas,Duval,54
Texas,Eastland,10
Texas,Ector,172
Texas,El Paso,86
Texas,Ellis,431
Texas,Fannin,1
Texas,Fayette,71
Texas,Floyd,2
Texas,Fort Bend,69
Texas,Freestone,383
Texas,Galveston,41
Texas,Garza,4
Texas,Gillespie,48
Texas,Glasscock,3
Texas,Gonzales,86
Texas,Grayson,17
Texas,Gregg,4
Texas,Grimes,234
Texas,Guadalupe,17
Texas,Hale,18
Texas,Hansford,24
Texas,Hardeman,16
Texas,Hardin,12
Texas,Harris,170
Texas,Harrison,185
Texas,Haskell,2
Texas,Hays,173
Texas,Henderson,27
Texas,Hidalgo,150
Texas,Hill,5
Texas,Hood,7
Texas,Hopkins,140
Texas,Houston,0
Texas,Howard,17
Texas,Hudspeth,68
Texas,Hutchinson,51
Texas,Jack,15
Texas,Jasper,21
Texas,Jeff Davis,2
Texas,Jefferson,4
Texas,Jim Wells,19
Texas,Johnson,91
Texas,Jones,4
Texas,Karnes,5
Texas,Kaufman,54
Texas,Kendall,3
Texas,Kerr,8
Texas,Kimble,11
Texas,Kleberg,8
Texas,Lamar,0
Texas,Lampasas,24
Texas,Leon,345
Texas,Liberty,33
Texas,Limestone,128
Texas,Live Oak,50
Texas,Llano,38
Texas,Lubbock,10
Texas,Madison,5
Texas,Maverick,9
Texas,McCulloch,75
Texas,McLennan,155
Texas,McMullen,26
Texas,Medina,20
Texas,Midland,34
Texas,Milam,220
Texas,Montague,8
Texas,Montgomery,56
Texas,Morris,6
Texas,Nacogdoches,2
Texas,Navarro,81
Texas,Newton,4
Texas,Nolan,133
Texas,Nueces,73
Texas,Oldham,46
Texas,Orange,17
Texas,Palo Pinto,28
Texas,Panola,713
Texas,Parker,79
Texas,Pecos,10
Texas,Potter,87
Texas,Reeves,33
Texas,Robertson,65
Texas,Runnels,7
Texas,Rusk,245
Texas,Sabine,17
Texas,San Patricio,691
Texas,San Saba,50
Texas,Shackelford,3
Texas,Smith,3
Texas,Somervell,22
Texas,Starr,15
Texas,Stephens,11
Texas,Stonewall,10
Texas,Tarrant,66
Texas,Taylor,46
Texas,Throckmorton,3
Texas,Titus,663
Texas,Tom Green,6
Texas,Travis,194
Texas,Trinity,0
Texas,Upshur,0
Texas,Uvalde,77
Texas,Val Verde,7
Texas,Van Zandt,208
Texas,Victoria,101
Texas,Walker,21
Texas,Ward,4
Texas,Washington,5
Texas,Webb,105
Texas,Wichita,0
Texas,Williamson,304
Texas,Wise,314
Texas,Wood,4
Texas,Young,17
Texas,Zavala,3
Utah,Box Elder,47
Utah,Cache,16
Utah,Carbon,881
Utah,Davis,28
Utah,Duchesne,9
Utah,Emery,793
Utah,Garfield,10
Utah,Grand,48
Utah,Iron,18
Utah,Juab,103
Utah,Kane,5
Utah,Millard,116
Utah,Morgan,107
Utah,Piute,4
Utah,Salt Lake,1656
Utah,San Juan,37
Utah,Sanpete,8
Utah,Sevier,350
Utah,Summit,34
Utah,Tooele,240
Utah,Uintah,252
Utah,Utah,83
Utah,Wasatch,13
Utah,Washington,88
Utah,Wayne,0
Utah,Weber,3
Vermont,Addison,73
Vermont,Bennington,19
Vermont,Caledonia,23
Vermont,Chittenden,39
Vermont,Essex,4
Vermont,Franklin,24
Vermont,Grand Isle,5
Vermont,Lamoille,38
Vermont,Orange,14
Vermont,Orleans,36
Vermont,Rutland,400
Vermont,Washington,139
Vermont,Windham,28
Vermont,Windsor,128
Virgin Islands of the U.S.,78001,441
Virginia,Albemarle,35
Virginia,Appomattox,19
Virginia,Augusta,54
Virginia,Bedford,33
Virginia,Bland,6
Virginia,Botetourt,319
Virginia,Brunswick,38
Virginia,Buchanan,3935
Virginia,Buckingham,252
Virginia,Campbell,46
Virginia,Caroline,26
Virginia,Carroll,7
Virginia,Charles City,9
Virginia,Chesapeake City,46
Virginia,Chesterfield,96
Virginia,Clarke,11
Virginia,Craig,8
Virginia,Culpeper,27
Virginia,Danville City,1
Virginia,Dickenson,1914
Virginia,Dinwiddie,46
Virginia,Essex,17
Virginia,Fairfax,59
Virginia,Fauquier,25
Virginia,Franklin,10
Virginia,Frederick,187
Virginia,Giles,197
Virginia,Gloucester,5
Virginia,Goochland,86
Virginia,Grayson,24
Virginia,Greene,14
Virginia,Greensville,40
Virginia,Halifax,24
Virginia,Hanover,84
Virginia,Henrico,128
Virginia,Henry,42
Virginia,Highland,2
Virginia,Isle of Wight,2
Virginia,James City,4
Virginia,King and Queen,46
Virginia,King George,27
Virginia,King William,15
Virginia,Lee,647
Virginia,Loudoun,114
Virginia,Louisa,23
Virginia,Mecklenburg,38
Virginia,Montgomery,35
Virginia,Nelson,30
Virginia,New Kent,10
Virginia,Nottoway,15
Virginia,Orange,3
Virginia,Pittsylvania,33
Virginia,Powhatan,13
Virginia,Prince Edward,15
Virginia,Prince George,38
Virginia,Prince William,44
Virginia,Pulaski,48
Virginia,Roanoke,54
Virginia,Roanoke City,1
Virginia,Rockbridge,26
Virginia,Rockingham,58
Virginia,Russell,450
Virginia,Scott,19
Virginia,Shenandoah,85
Virginia,Smyth,98
Virginia,Southampton,14
Virginia,Spotsylvania,48
Virginia,Stafford,40
Virginia,Sussex,2
Virginia,Tazewell,762
Virginia,Virginia Beach City,3
Virginia,Warren,68
Virginia,Washington,18
Virginia,Westmoreland,2
Virginia,Wise,2769
Virginia,Wythe,92
Washington,Adams,16
Washington,Benton,5
Washington,Chelan,179
Washington,Clallam,52
Washington,Clark,115
Washington,Columbia,10
Washington,Cowlitz,50
Washington,Douglas,7
Washington,Ferry,272
Washington,Franklin,22
Washington,Garfield,5
Washington,Grant,103
Washington,Grays Harbor,39
Washington,Island,23
Washington,Jefferson,29
Washington,King,393
Washington,Kitsap,34
Washington,Kittitas,31
Washington,Klickitat,26
Washington,Lewis,575
Washington,Lincoln,6
Washington,Mason,16
Washington,Okanogan,54
Washington,Pacific,26
Washington,Pend Oreille,17
Washington,Pierce,144
Washington,San Juan,40
Washington,Skagit,56
Washington,Skamania,5
Washington,Snohomish,205
Washington,Spokane,90
Washington,Stevens,119
Washington,Thurston,88
Washington,Walla Walla,15
Washington,Whatcom,84
Washington,Yakima,27
West Virginia,Barbour,337
West Virginia,Berkeley,173
West Virginia,Boone,3665
West Virginia,Braxton,167
West Virginia,Brooke,358
West Virginia,Cabell,3
West Virginia,Clay,212
West Virginia,Fayette,824
West Virginia,Gilmer,10
West Virginia,Grant,819
West Virginia,Greenbrier,326
West Virginia,Hampshire,6
West Virginia,Hancock,18
West Virginia,Harrison,684
West Virginia,Jefferson,48
West Virginia,Kanawha,1021
West Virginia,Lewis,43
West Virginia,Lincoln,118
West Virginia,Logan,2970
West Virginia,Marion,558
West Virginia,Marshall,904
West Virginia,Mason,32
West Virginia,McDowell,1631
West Virginia,Mercer,38
West Virginia,Mineral,114
West Virginia,Mingo,2976
West Virginia,Monongalia,2375
West Virginia,Morgan,106
West Virginia,Nicholas,1369
West Virginia,Ohio,24
West Virginia,Pendleton,83
West Virginia,Pocahontas,13
West Virginia,Preston,425
West Virginia,Putnam,10
West Virginia,Raleigh,1675
West Virginia,Randolph,304
West Virginia,Taylor,10
West Virginia,Tucker,67
West Virginia,Upshur,388
West Virginia,Wayne,269
West Virginia,Webster,585
West Virginia,Wetzel,11
West Virginia,Wyoming,1772
Wisconsin,Adams,2
Wisconsin,Ashland,5
Wisconsin,Barron,11
Wisconsin,Bayfield,14
Wisconsin,Brown,90
Wisconsin,Buffalo,5
Wisconsin,Burnett,7
Wisconsin,Calumet,23
Wisconsin,Chippewa,33
Wisconsin,Clark,23
Wisconsin,Columbia,38
Wisconsin,Crawford,12
Wisconsin,Dane,119
Wisconsin,Dodge,72
Wisconsin,Door,20
Wisconsin,Douglas,46
Wisconsin,Dunn,9
Wisconsin,Eau Claire,26
Wisconsin,Fond du Lac,168
Wisconsin,Forest,2
Wisconsin,Grant,23
Wisconsin,Green,9
Wisconsin,Green Lake,67
Wisconsin,Iowa,9
Wisconsin,Iron,4
Wisconsin,Jackson,53
Wisconsin,Jefferson,7
Wisconsin,Juneau,55
Wisconsin,Kenosha,7
Wisconsin,Kewaunee,8
Wisconsin,La Crosse,14
Wisconsin,Lafayette,9
Wisconsin,Langlade,23
Wisconsin,Lincoln,12
Wisconsin,Manitowoc,74
Wisconsin,Marathon,147
Wisconsin,Marinette,134
Wisconsin,Milwaukee,38
Wisconsin,Monroe,6
Wisconsin,Oconto,26
Wisconsin,Oneida,10
Wisconsin,Outagamie,44
Wisconsin,Ozaukee,19
Wisconsin,Pepin,5
Wisconsin,Pierce,27
Wisconsin,Polk,36
Wisconsin,Portage,25
Wisconsin,Price,6
Wisconsin,Racine,39
Wisconsin,Richland,4
Wisconsin,Rock,60
Wisconsin,Rusk,10
Wisconsin,Sauk,75
Wisconsin,Sawyer,8
Wisconsin,Shawano,26
Wisconsin,Sheboygan,15
Wisconsin,St Croix,7
Wisconsin,Taylor,23
Wisconsin,Trempealeau,5
Wisconsin,Vilas,9
Wisconsin,Walworth,37
Wisconsin,Washburn,1
Wisconsin,Washington,38
Wisconsin,Waukesha,197
Wisconsin,Waupaca,21
Wisconsin,Waushara,2
Wisconsin,Winnebago,7
Wisconsin,Wood,0
Wyoming,Albany,96
Wyoming,Big Horn,159
Wyoming,Campbell,2529
Wyoming,Carbon,392
Wyoming,Converse,303
Wyoming,Crook,177
Wyoming,Fremont,58
Wyoming,Goshen,14
Wyoming,Hot Springs,8
Wyoming,Johnson,40
Wyoming,Laramie,77
Wyoming,Lincoln,400
Wyoming,Natrona,91
Wyoming,Park,18
Wyoming,Platte,40
Wyoming,Sheridan,33
Wyoming,Sublette,2
Wyoming,Sweetwater,3457
Wyoming,Teton,30
Wyoming,Uinta,7
Wyoming,Washakie,37
Wyoming,Weston,67
