State,County,Number of Employees
Alabama,Autauga,16
Alabama,Baldwin,18
Alabama,Barbour,61
Alabama,Bibb,18
Alabama,Blount,82
Alabama,Calhoun,35
Alabama,Cherokee,2
Alabama,Chilton,28
Alabama,Choctaw,4
Alabama,Clarke,18
Alabama,Coffee,0
Alabama,Colbert,101
Alabama,Conecuh,13
Alabama,Coosa,14
Alabama,Covington,0
Alabama,Cullman,16
Alabama,Dale,5
Alabama,Dallas,39
Alabama,De Kalb,18
Alabama,Elmore,50
Alabama,Escambia,70
Alabama,Etowah,27
Alabama,Fayette,16
Alabama,Franklin,44
Alabama,Geneva,3
Alabama,Hale,3
Alabama,Houston,5
Alabama,Jackson,23
Alabama,Jefferson,1437
Alabama,Lawrence,18
Alabama,Lee,41
Alabama,Limestone,11
Alabama,Lowndes,41
Alabama,Macon,46
Alabama,Madison,62
Alabama,Marengo,81
Alabama,Marion,33
Alabama,Marshall,38
Alabama,Mobile,186
Alabama,Monroe,10
Alabama,Montgomery,96
Alabama,Morgan,56
Alabama,Pickens,5
Alabama,Randolph,4
Alabama,Russell,22
Alabama,Shelby,745
Alabama,St Clair,177
Alabama,Sumter,70
Alabama,Talladega,468
Alabama,Tuscaloosa,1719
Alabama,Walker,334
Alabama,Washington,8
Alabama,Winston,36
Alaska,2010,8
Alaska,2011,0
Alaska,2012,0
Alaska,2014,0
Alaska,Aleutians West,0
Alaska,Anchorage,45
Alaska,Bethel,23
Alaska,Denali,0
Alaska,Fairbanks North Star,366
Alaska,Haines,0
Alaska,Juneau,288
Alaska,Kenai Peninsula,27
Alaska,Ketchikan Gateway,5
Alaska,Matanuska-Susitna,85
Alaska,Nome,2
Alaska,North Slope,2
Alaska,Northwest Arctic,177
Alaska,Prince of Wales-Outer Ketchikan,0
Alaska,Sitka,21
Alaska,Skagway-Hoonah-Angoon,8
Alaska,Southeast Fairbanks,11
Alaska,Valdez-Cordova,18
Alaska,Yukon-Koyukuk,152
Arizona,Apache,35
Arizona,Cochise,155
Arizona,Coconino,468
Arizona,Gila,436
Arizona,Graham,14
Arizona,Greenlee,2335
Arizona,La Paz,40
Arizona,Maricopa,923
Arizona,Mohave,211
Arizona,Navajo,882
Arizona,Pima,1963
Arizona,Pinal,1340
Arizona,Santa Cruz,21
Arizona,Yavapai,993
Arizona,Yuma,62
Arkansas,Arkansas,6
Arkansas,Baxter,33
Arkansas,Benton,75
Arkansas,Bradley,17
Arkansas,Calhoun,17
Arkansas,Carroll,17
Arkansas,Clark,5
Arkansas,Cleburne,28
Arkansas,Conway,18
Arkansas,Craighead,34
Arkansas,Crawford,45
Arkansas,Crittenden,46
Arkansas,Cross,16
Arkansas,Desha,5
Arkansas,Faulkner,28
Arkansas,Franklin,25
Arkansas,Garland,100
Arkansas,Grant,18
Arkansas,Greene,9
Arkansas,Hempstead,0
Arkansas,Hot Spring,86
Arkansas,Howard,6
Arkansas,Independence,122
Arkansas,Izard,59
Arkansas,Jackson,1
Arkansas,Jefferson,3
Arkansas,Johnson,14
Arkansas,Lawrence,81
Arkansas,Lincoln,10
Arkansas,Little River,202
Arkansas,Logan,87
Arkansas,Madison,0
Arkansas,Marion,2
Arkansas,Montgomery,43
Arkansas,Nevada,24
Arkansas,Ouachita,45
Arkansas,Perry,2
Arkansas,Pike,19
Arkansas,Poinsett,29
Arkansas,Polk,63
Arkansas,Pope,57
Arkansas,Pulaski,458
Arkansas,Randolph,6
Arkansas,Saline,310
Arkansas,Searcy,5
Arkansas,Sebastian,163
Arkansas,Sevier,16
Arkansas,Sharp,6
Arkansas,Stone,87
Arkansas,Van Buren,41
Arkansas,Washington,34
Arkansas,White,32
California,Alameda,250
California,Alpine,2
California,Amador,90
California,Butte,71
California,Calaveras,25
California,Colusa,8
California,Contra Costa,184
California,Del Norte,27
California,El Dorado,57
California,Fresno,101
California,Glenn,36
California,Humboldt,83
California,Imperial,203
California,Inyo,214
California,Kern,1608
California,Lake,133
California,Lassen,44
California,Los Angeles,478
California,Madera,41
California,Marin,45
California,Mariposa,19
California,Mendocino,62
California,Merced,53
California,Modoc,47
California,Mono,42
California,Monterey,133
California,Napa,78
California,Nevada,64
California,Orange,123
California,Placer,84
California,Plumas,21
California,Riverside,491
California,Sacramento,341
California,San Benito,160
California,San Bernardino,1393
California,San Diego,368
California,San Francisco,5
California,San Joaquin,222
California,San Luis Obispo,51
California,San Mateo,31
California,Santa Barbara,395
California,Santa Clara,242
California,Santa Cruz,199
California,Shasta,240
California,Sierra,15
California,Siskiyou,37
California,Solano,78
California,Sonoma,149
California,Stanislaus,54
California,Sutter,14
California,Tehama,41
California,Trinity,7
California,Tulare,80
California,Tuolumne,69
California,Ventura,188
California,Yolo,88
California,Yuba,99
Colorado,Adams,173
Colorado,Alamosa,77
Colorado,Arapahoe,20
Colorado,Archuleta,26
Colorado,Baca,4
Colorado,Boulder,158
Colorado,Chaffee,40
Colorado,Clear Creek,309
Colorado,Conejos,10
Colorado,Custer,4
Colorado,Delta,209
Colorado,Denver,15
Colorado,Dolores,3
Colorado,Douglas,16
Colorado,Eagle,17
Colorado,El Paso,80
Colorado,Elbert,1
Colorado,Fremont,355
Colorado,Garfield,61
Colorado,Grand,15
Colorado,Gunnison,556
Colorado,Hinsdale,4
Colorado,Huerfano,4
Colorado,Jackson,3
Colorado,Jefferson,197
Colorado,Kit Carson,4
Colorado,La Plata,75
Colorado,Lake,33
Colorado,Larimer,361
Colorado,Las Animas,43
Colorado,Logan,5
Colorado,Mesa,101
Colorado,Moffat,429
Colorado,Montezuma,51
Colorado,Montrose,54
Colorado,Morgan,21
Colorado,Otero,20
Colorado,Ouray,2
Colorado,Park,14
Colorado,Phillips,2
Colorado,Prowers,41
Colorado,Pueblo,73
Colorado,Rio Blanco,201
Colorado,Rio Grande,9
Colorado,Routt,441
Colorado,Saguache,2
Colorado,San Juan,4
Colorado,San Miguel,3
Colorado,Sedgwick,2
Colorado,Summit,24
Colorado,Teller,232
Colorado,Weld,184
Connecticut,Fairfield,41
Connecticut,Hartford,137
Connecticut,Litchfield,163
Connecticut,Middlesex,24
Connecticut,New Haven,255
Connecticut,New London,32
Connecticut,Tolland,64
Connecticut,Windham,91
Delaware,Kent,21
Delaware,New Castle,66
Delaware,Sussex,17
Florida,Alachua,116
Florida,Brevard,33
Florida,Broward,17
Florida,Calhoun,2
Florida,Charlotte,67
Florida,Citrus,97
Florida,Clay,271
Florida,Collier,65
Florida,Columbia,4
Florida,Dade,1016
Florida,De Soto,8
Florida,Dixie,4
Florida,Duval,7
Florida,Escambia,20
Florida,Franklin,0
Florida,Gadsden,132
Florida,Gilchrist,2
Florida,Glades,43
Florida,Hamilton,216
Florida,Hardee,151
Florida,Hernando,531
Florida,Hillsborough,167
Florida,Indian River,8
Florida,Jackson,71
Florida,Jefferson,2
Florida,Lafayette,9
Florida,Lake,120
Florida,Lee,188
Florida,Leon,1
Florida,Levy,41
Florida,Manatee,20
Florida,Marion,185
Florida,Martin,9
Florida,Monroe,12
Florida,Okaloosa,12
Florida,Okeechobee,15
Florida,Orange,22
Florida,Palm Beach,89
Florida,Pasco,46
Florida,Polk,1543
Florida,Putnam,65
Florida,Santa Rosa,36
Florida,Sarasota,47
Florida,St Lucie,34
Florida,Sumter,103
Florida,Suwannee,36
Florida,Taylor,91
Florida,Volusia,3
Florida,Walton,13
Florida,Washington,11
Georgia,Baldwin,9
Georgia,Banks,3
Georgia,Barrow,21
Georgia,Bartow,122
Georgia,Berrien,3
Georgia,Bibb,45
Georgia,Carroll,25
Georgia,Catoosa,16
Georgia,Chatham,64
Georgia,Cherokee,30
Georgia,Clarke,22
Georgia,Clayton,40
Georgia,Cobb,70
Georgia,Columbia,26
Georgia,Cook,4
Georgia,Coweta,16
Georgia,Crawford,44
Georgia,De Kalb,72
Georgia,Decatur,261
Georgia,Dougherty,5
Georgia,Douglas,58
Georgia,Early,4
Georgia,Echols,6
Georgia,Effingham,14
Georgia,Elbert,151
Georgia,Evans,2
Georgia,Fayette,47
Georgia,Floyd,41
Georgia,Forsyth,73
Georgia,Fulton,178
Georgia,Gilmer,48
Georgia,Glascock,117
Georgia,Greene,20
Georgia,Gwinnett,129
Georgia,Habersham,12
Georgia,Hall,48
Georgia,Hancock,9
Georgia,Haralson,4
Georgia,Harris,15
Georgia,Hart,66
Georgia,Heard,10
Georgia,Henry,37
Georgia,Houston,121
Georgia,Jackson,24
Georgia,Jasper,33
Georgia,Jefferson,173
Georgia,Jones,104
Georgia,Lee,13
Georgia,Long,8
Georgia,Lumpkin,14
Georgia,Macon,18
Georgia,Madison,3
Georgia,Marion,33
Georgia,Monroe,57
Georgia,Montgomery,4
Georgia,Morgan,10
Georgia,Murray,59
Georgia,Muscogee,54
Georgia,Newton,16
Georgia,Oglethorpe,177
Georgia,Paulding,23
Georgia,Pickens,293
Georgia,Polk,25
Georgia,Rabun,17
Georgia,Richmond,107
Georgia,Rockdale,3
Georgia,Spalding,20
Georgia,Stephens,11
Georgia,Sumter,170
Georgia,Talbot,66
Georgia,Taylor,33
Georgia,Thomas,288
Georgia,Toombs,2
Georgia,Towns,12
Georgia,Troup,15
Georgia,Twiggs,464
Georgia,Union,16
Georgia,Walker,18
Georgia,Warren,144
Georgia,Washington,883
Georgia,White,6
Georgia,Whitfield,78
Georgia,Wilkes,12
Georgia,Wilkinson,840
Hawaii,Hawaii,108
Hawaii,Honolulu,176
Hawaii,Kauai,22
Hawaii,Maui,46
Idaho,Ada,210
Idaho,Adams,0
Idaho,Bannock,81
Idaho,Bear Lake,10
Idaho,Benewah,52
Idaho,Bingham,18
Idaho,Blaine,18
Idaho,Boise,0
Idaho,Bonner,27
Idaho,Bonneville,57
Idaho,Boundary,4
Idaho,Butte,0
Idaho,Canyon,69
Idaho,Caribou,391
Idaho,Cassia,102
Idaho,Clark,8
Idaho,Custer,116
Idaho,Elmore,9
Idaho,Franklin,25
Idaho,Fremont,8
Idaho,Gem,18
Idaho,Gooding,0
Idaho,Idaho,48
Idaho,Jefferson,5
Idaho,Kootenai,33
Idaho,Latah,6
Idaho,Lemhi,21
Idaho,Lewis,2
Idaho,Lincoln,6
Idaho,Madison,24
Idaho,Minidoka,18
Idaho,Nez Perce,47
Idaho,Oneida,58
Idaho,Owyhee,17
Idaho,Payette,7
Idaho,Power,9
Idaho,Shoshone,399
Idaho,Teton,3
Idaho,Twin Falls,37
Idaho,Valley,14
Idaho,Washington,6
Illinois,Adams,154
Illinois,Alexander,44
Illinois,Bond,17
Illinois,Boone,24
Illinois,Bureau,9
Illinois,Carroll,10
Illinois,Champaign,14
Illinois,Christian,17
Illinois,Clark,36
Illinois,Clinton,0
Illinois,Coles,23
Illinois,Cook,425
Illinois,Crawford,9
Illinois,Cumberland,16
Illinois,De Kalb,41
Illinois,Douglas,11
Illinois,Du Page,4
Illinois,Fayette,7
Illinois,Ford,6
Illinois,Franklin,9
Illinois,Fulton,10
Illinois,Gallatin,423
Illinois,Greene,16
Illinois,Grundy,26
Illinois,Hancock,26
Illinois,Hardin,171
Illinois,Henderson,11
Illinois,Henry,15
Illinois,Iroquois,9
Illinois,Jackson,66
Illinois,Jefferson,376
Illinois,Jersey,16
Illinois,Jo Daviess,20
Illinois,Johnson,40
Illinois,Kane,134
Illinois,Kankakee,67
Illinois,Kendall,35
Illinois,Knox,2
Illinois,La Salle,470
Illinois,Lake,68
Illinois,Lawrence,16
Illinois,Lee,169
Illinois,Livingston,59
Illinois,Logan,23
Illinois,Macon,5
Illinois,Macoupin,491
Illinois,Madison,71
Illinois,Marshall,20
Illinois,Mason,5
Illinois,Massac,87
Illinois,McDonough,97
Illinois,McHenry,164
Illinois,McLean,40
Illinois,Menard,15
Illinois,Monroe,12
Illinois,Montgomery,261
Illinois,Ogle,82
Illinois,Peoria,17
Illinois,Perry,83
Illinois,Piatt,4
Illinois,Pike,40
Illinois,Pope,9
Illinois,Pulaski,59
Illinois,Putnam,11
Illinois,Randolph,191
Illinois,Rock Island,51
Illinois,Saline,759
Illinois,Sangamon,227
Illinois,Schuyler,0
Illinois,Scott,9
Illinois,Shelby,17
Illinois,St Clair,110
Illinois,Stephenson,16
Illinois,Tazewell,36
Illinois,Union,36
Illinois,Vermilion,147
Illinois,Wabash,185
Illinois,Warren,15
Illinois,Washington,1
Illinois,White,245
Illinois,Whiteside,12
Illinois,Will,250
Illinois,Williamson,26
Illinois,Winnebago,62
Illinois,Woodford,25
Indiana,Adams,22
Indiana,Allen,97
Indiana,Bartholomew,24
Indiana,Blackford,12
Indiana,Boone,9
Indiana,Carroll,38
Indiana,Cass,113
Indiana,Clark,305
Indiana,Clay,83
Indiana,Crawford,134
Indiana,Daviess,259
Indiana,De Kalb,20
Indiana,Dearborn,7
Indiana,Decatur,16
Indiana,Delaware,27
Indiana,Dubois,11
Indiana,Elkhart,45
Indiana,Fayette,8
Indiana,Floyd,10
Indiana,Franklin,21
Indiana,Fulton,4
Indiana,Gibson,649
Indiana,Grant,50
Indiana,Greene,88
Indiana,Hamilton,169
Indiana,Hancock,10
Indiana,Harrison,95
Indiana,Hendricks,12
Indiana,Henry,8
Indiana,Howard,24
Indiana,Huntington,26
Indiana,Jackson,6
Indiana,Jasper,14
Indiana,Jay,24
Indiana,Jennings,21
Indiana,Johnson,16
Indiana,Knox,563
Indiana,Kosciusko,23
Indiana,La Grange,3
Indiana,La Porte,6
Indiana,Lake,77
Indiana,Lawrence,221
Indiana,Madison,40
Indiana,Marion,140
Indiana,Marshall,9
Indiana,Martin,75
Indiana,Miami,31
Indiana,Monroe,167
Indiana,Montgomery,10
Indiana,Morgan,80
Indiana,Newton,15
Indiana,Noble,14
Indiana,Ohio,1
Indiana,Orange,33
Indiana,Owen,36
Indiana,Parke,35
Indiana,Pike,407
Indiana,Porter,12
Indiana,Posey,7
Indiana,Pulaski,32
Indiana,Putnam,189
Indiana,Randolph,13
Indiana,Ripley,20
Indiana,Rush,6
Indiana,Scott,26
Indiana,Shelby,41
Indiana,Spencer,76
Indiana,St Joseph,16
Indiana,Starke,4
Indiana,Steuben,19
Indiana,Sullivan,120
Indiana,Switzerland,53
Indiana,Tippecanoe,32
Indiana,Vanderburgh,24
Indiana,Vermillion,17
Indiana,Vigo,248
Indiana,Wabash,6
Indiana,Warren,14
Indiana,Warrick,103
Indiana,Washington,10
Indiana,Wayne,27
Indiana,Wells,12
Indiana,White,13
Indiana,Whitley,11
Iowa,Adair,203
Iowa,Appanoose,16
Iowa,Benton,15
Iowa,Black Hawk,46
Iowa,Buena Vista,5
Iowa,Butler,5
Iowa,Carroll,5
Iowa,Cedar,4
Iowa,Cerro Gordo,242
Iowa,Cherokee,6
Iowa,Chickasaw,4
Iowa,Clarke,0
Iowa,Clay,14
Iowa,Clinton,60
Iowa,Dallas,7
Iowa,Decatur,9
Iowa,Delaware,15
Iowa,Des Moines,121
Iowa,Dickinson,18
Iowa,Dubuque,23
Iowa,Emmet,16
Iowa,Fayette,58
Iowa,Floyd,31
Iowa,Greene,9
Iowa,Guthrie,10
Iowa,Hamilton,19
Iowa,Hancock,3
Iowa,Hardin,111
Iowa,Harrison,11
Iowa,Henry,8
Iowa,Humboldt,9
Iowa,Iowa,4
Iowa,Jackson,7
Iowa,Jasper,25
Iowa,Johnson,63
Iowa,Jones,61
Iowa,Keokuk,14
Iowa,Kossuth,9
Iowa,Lee,5
Iowa,Linn,52
Iowa,Louisa,20
Iowa,Lyon,7
Iowa,Madison,5
Iowa,Marion,70
Iowa,Marshall,19
Iowa,Mitchell,61
Iowa,Muscatine,69
Iowa,O Brien,3
Iowa,Osceola,1
Iowa,Palo Alto,4
Iowa,Plymouth,6
Iowa,Pocahontas,46
Iowa,Polk,178
Iowa,Poweshiek,10
Iowa,Sac,17
Iowa,Scott,189
Iowa,Sioux,21
Iowa,Story,59
Iowa,Tama,3
Iowa,Van Buren,33
Iowa,Wapello,21
Iowa,Webster,107
Iowa,Winneshiek,36
Iowa,Woodbury,12
Iowa,Worth,6
Iowa,Wright,6
Kansas,Allen,161
Kansas,Atchison,25
Kansas,Barber,22
Kansas,Barton,10
Kansas,Bourbon,18
Kansas,Butler,24
Kansas,Chase,53
Kansas,Cherokee,3
Kansas,Clay,0
Kansas,Cloud,8
Kansas,Cowley,21
Kansas,Crawford,71
Kansas,Dickinson,47
Kansas,Doniphan,16
Kansas,Douglas,17
Kansas,Edwards,4
Kansas,Ellis,10
Kansas,Ellsworth,56
Kansas,Finney,22
Kansas,Ford,21
Kansas,Franklin,26
Kansas,Geary,4
Kansas,Gray,2
Kansas,Greenwood,2
Kansas,Hamilton,6
Kansas,Harper,3
Kansas,Jefferson,42
Kansas,Jewell,4
Kansas,Johnson,185
Kansas,Kearny,3
Kansas,Kiowa,1
Kansas,Labette,7
Kansas,Lincoln,36
Kansas,Linn,38
Kansas,Lyon,16
Kansas,Marion,24
Kansas,Marshall,37
Kansas,McPherson,26
Kansas,Miami,35
Kansas,Montgomery,94
Kansas,Nemaha,4
Kansas,Neosho,109
Kansas,Norton,2
Kansas,Osage,10
Kansas,Pawnee,3
Kansas,Phillips,2
Kansas,Pottawatomie,4
Kansas,Pratt,7
Kansas,Reno,59
Kansas,Republic,3
Kansas,Rice,45
Kansas,Riley,29
Kansas,Saline,9
Kansas,Sedgwick,41
Kansas,Seward,4
Kansas,Shawnee,60
Kansas,Sherman,1
Kansas,Smith,3
Kansas,Sumner,9
Kansas,Thomas,5
Kansas,Trego,1
Kansas,Wabaunsee,4
Kansas,Washington,3
Kansas,Wilson,106
Kansas,Wyandotte,81
Kentucky,Adair,27
Kentucky,Allen,4
Kentucky,Anderson,16
Kentucky,Barren,5
Kentucky,Bell,534
Kentucky,Boone,34
Kentucky,Bourbon,30
Kentucky,Boyd,138
Kentucky,Boyle,13
Kentucky,Breathitt,171
Kentucky,Breckinridge,27
Kentucky,Bullitt,80
Kentucky,Butler,0
Kentucky,Caldwell,49
Kentucky,Calloway,4
Kentucky,Campbell,4
Kentucky,Carlisle,16
Kentucky,Carroll,20
Kentucky,Carter,65
Kentucky,Casey,24
Kentucky,Christian,57
Kentucky,Clay,125
Kentucky,Clinton,17
Kentucky,Crittenden,16
Kentucky,Daviess,24
Kentucky,Elliott,0
Kentucky,Estill,43
Kentucky,Fayette,40
Kentucky,Fleming,24
Kentucky,Floyd,745
Kentucky,Franklin,20
Kentucky,Gallatin,47
Kentucky,Garrard,29
Kentucky,Graves,55
Kentucky,Grayson,32
Kentucky,Green,14
Kentucky,Hancock,9
Kentucky,Hardin,43
Kentucky,Harlan,1857
Kentucky,Hart,22
Kentucky,Henderson,81
Kentucky,Henry,25
Kentucky,Hopkins,644
Kentucky,Jackson,32
Kentucky,Jefferson,238
Kentucky,Jessamine,26
Kentucky,Johnson,91
Kentucky,Knott,1582
Kentucky,Knox,149
Kentucky,Laurel,24
Kentucky,Lawrence,92
Kentucky,Lee,13
Kentucky,Leslie,818
Kentucky,Letcher,1558
Kentucky,Lewis,2
Kentucky,Livingston,421
Kentucky,Logan,14
Kentucky,Madison,41
Kentucky,Magoffin,0
Kentucky,Marion,7
Kentucky,Martin,1061
Kentucky,Mason,221
Kentucky,McCracken,9
Kentucky,McCreary,0
Kentucky,McLean,2
Kentucky,Meade,100
Kentucky,Menifee,17
Kentucky,Mercer,14
Kentucky,Metcalfe,0
Kentucky,Monroe,2
Kentucky,Montgomery,12
Kentucky,Morgan,18
Kentucky,Muhlenberg,375
Kentucky,Nelson,23
Kentucky,Ohio,26
Kentucky,Oldham,46
Kentucky,Owsley,6
Kentucky,Pendleton,220
Kentucky,Perry,1644
Kentucky,Pike,4262
Kentucky,Powell,37
Kentucky,Pulaski,140
Kentucky,Rockcastle,16
Kentucky,Scott,46
Kentucky,Simpson,11
Kentucky,Taylor,8
Kentucky,Todd,12
Kentucky,Trigg,9
Kentucky,Trimble,5
Kentucky,Union,485
Kentucky,Warren,46
Kentucky,Washington,6
Kentucky,Wayne,20
Kentucky,Webster,808
Kentucky,Whitley,93
Kentucky,Wolfe,0
Louisiana,Allen,8
Louisiana,Ascension,207
Louisiana,Assumption,16
Louisiana,Beauregard,7
Louisiana,Bienville,0
Louisiana,Bossier,0
Louisiana,Caddo,1
Louisiana,Calcasieu,57
Louisiana,Cameron,8
Louisiana,Catahoula,8
Louisiana,De Soto,142
Louisiana,East Baton Rouge,67
Louisiana,East Feliciana,12
Louisiana,Evangeline,4
Louisiana,Grant,1
Louisiana,Iberia,367
Louisiana,Jefferson,48
Louisiana,Jefferson Davis,33
Louisiana,La Salle,27
Louisiana,Lafayette,9
Louisiana,Livingston,47
Louisiana,Orleans,260
Louisiana,Ouachita,20
Louisiana,Plaquemines,1
Louisiana,Pointe Coupee,48
Louisiana,Rapides,28
Louisiana,Red River,32
Louisiana,St Bernard,9
Louisiana,St Charles,2
Louisiana,St Helena,87
Louisiana,St James,347
Louisiana,St John the Baptist,1
Louisiana,St Martin,5
Louisiana,St Mary,15
Louisiana,St Tammany,48
Louisiana,Tangipahoa,53
Louisiana,Terrebonne,18
Louisiana,Vermilion,3
Louisiana,Vernon,6
Louisiana,Washington,100
Louisiana,Webster,23
Louisiana,West Baton Rouge,1
Louisiana,West Feliciana,10
Louisiana,Winn,8
Maine,Androscoggin,39
Maine,Aroostook,68
Maine,Cumberland,84
Maine,Franklin,3
Maine,Hancock,41
Maine,Kennebec,38
Maine,Knox,108
Maine,Lincoln,16
Maine,Oxford,10
Maine,Penobscot,43
Maine,Piscataquis,27
Maine,Sagadahoc,28
Maine,Somerset,40
Maine,Waldo,38
Maine,Washington,14
Maine,York,100
Maryland,Allegany,174
Maryland,Anne Arundel,38
Maryland,Baltimore,165
Maryland,Caroline,26
Maryland,Carroll,219
Maryland,Cecil,126
Maryland,Charles,87
Maryland,Dorchester,7
Maryland,Frederick,238
Maryland,Garrett,380
Maryland,Harford,98
Maryland,Kent,8
Maryland,Montgomery,93
Maryland,Prince Georges,91
Maryland,Queen Annes,16
Maryland,St Marys,22
Maryland,Talbot,5
Maryland,Washington,159
Maryland,Wicomico,4
Massachusetts,Barnstable,55
Massachusetts,Berkshire,239
Massachusetts,Bristol,89
Massachusetts,Dukes,7
Massachusetts,Essex,58
Massachusetts,Franklin,47
Massachusetts,Hampden,72
Massachusetts,Hampshire,46
Massachusetts,Middlesex,155
Massachusetts,Norfolk,108
Massachusetts,Plymouth,184
Massachusetts,Suffolk,27
Massachusetts,Worcester,163
Michigan,Allegan,82
Michigan,Alpena,273
Michigan,Antrim,9
Michigan,Arenac,1
Michigan,Baraga,10
Michigan,Barry,21
Michigan,Bay,44
Michigan,Benzie,2
Michigan,Berrien,26
Michigan,Branch,14
Michigan,Calhoun,69
Michigan,Cass,34
Michigan,Charlevoix,149
Michigan,Cheboygan,3
Michigan,Chippewa,41
Michigan,Clare,11
Michigan,Clinton,43
Michigan,Delta,27
Michigan,Dickinson,8
Michigan,Eaton,22
Michigan,Emmet,28
Michigan,Genesee,0
Michigan,Gladwin,3
Michigan,Gogebic,2
Michigan,Grand Traverse,15
Michigan,Gratiot,8
Michigan,Hillsdale,38
Michigan,Houghton,9
Michigan,Huron,34
Michigan,Ingham,22
Michigan,Ionia,13
Michigan,Iosco,88
Michigan,Iron,19
Michigan,Isabella,14
Michigan,Jackson,34
Michigan,Kalamazoo,51
Michigan,Kent,67
Michigan,Lake,2
Michigan,Lapeer,54
Michigan,Leelanau,22
Michigan,Lenawee,28
Michigan,Livingston,76
Michigan,Luce,3
Michigan,Mackinac,83
Michigan,Macomb,22
Michigan,Manistee,3
Michigan,Marquette,1443
Michigan,Mecosta,10
Michigan,Menominee,6
Michigan,Midland,6
Michigan,Missaukee,10
Michigan,Monroe,306
Michigan,Montcalm,20
Michigan,Montmorency,3
Michigan,Muskegon,33
Michigan,Newaygo,11
Michigan,Oakland,216
Michigan,Oceana,8
Michigan,Ogemaw,18
Michigan,Ontonagon,7
Michigan,Osceola,5
Michigan,Oscoda,2
Michigan,Otsego,7
Michigan,Ottawa,63
Michigan,Presque Isle,227
Michigan,Roscommon,44
Michigan,Saginaw,3
Michigan,Sanilac,23
Michigan,Schoolcraft,85
Michigan,Shiawassee,31
Michigan,St Clair,23
Michigan,St Joseph,11
Michigan,Tuscola,35
Michigan,Van Buren,3
Michigan,Washtenaw,58
Michigan,Wayne,200
Michigan,Wexford,16
Minnesota,Aitkin,1
Minnesota,Anoka,4
Minnesota,Becker,36
Minnesota,Beltrami,15
Minnesota,Benton,26
Minnesota,Big Stone,37
Minnesota,Blue Earth,73
Minnesota,Brown,23
Minnesota,Carlton,36
Minnesota,Carver,14
Minnesota,Cass,8
Minnesota,Chippewa,8
Minnesota,Chisago,12
Minnesota,Clay,56
Minnesota,Clearwater,7
Minnesota,Cook,10
Minnesota,Cottonwood,12
Minnesota,Crow Wing,11
Minnesota,Dakota,101
Minnesota,Dodge,13
Minnesota,Douglas,29
Minnesota,Faribault,0
Minnesota,Fillmore,16
Minnesota,Freeborn,13
Minnesota,Goodhue,31
Minnesota,Hennepin,70
Minnesota,Houston,59
Minnesota,Hubbard,14
Minnesota,Isanti,2
Minnesota,Itasca,20
Minnesota,Jackson,3
Minnesota,Kanabec,9
Minnesota,Kandiyohi,31
Minnesota,Kittson,6
Minnesota,Koochiching,6
Minnesota,Lac qui Parle,6
Minnesota,Lake,332
Minnesota,Le Sueur,78
Minnesota,Lincoln,5
Minnesota,Lyon,3
Minnesota,Marshall,18
Minnesota,Martin,12
Minnesota,McLeod,11
Minnesota,Meeker,10
Minnesota,Mille Lacs,17
Minnesota,Morrison,29
Minnesota,Mower,9
Minnesota,Murray,18
Minnesota,Nicollet,11
Minnesota,Nobles,2
Minnesota,Olmsted,63
Minnesota,Otter Tail,32
Minnesota,Pennington,19
Minnesota,Pine,2
Minnesota,Pipestone,2
Minnesota,Polk,17
Minnesota,Pope,8
Minnesota,Ramsey,2
Minnesota,Red Lake,2
Minnesota,Redwood,15
Minnesota,Renville,16
Minnesota,Rice,11
Minnesota,Rock,20
Minnesota,Roseau,13
Minnesota,Scott,65
Minnesota,Sherburne,53
Minnesota,Sibley,10
Minnesota,St Louis,3493
Minnesota,Stearns,125
Minnesota,Steele,14
Minnesota,Stevens,6
Minnesota,Swift,9
Minnesota,Todd,7
Minnesota,Traverse,2
Minnesota,Wabasha,8
Minnesota,Wadena,9
Minnesota,Waseca,1
Minnesota,Washington,79
Minnesota,Watonwan,1
Minnesota,Wilkin,4
Minnesota,Winona,12
Minnesota,Wright,19
Minnesota,Yellow Medicine,25
Mississippi,Adams,12
Mississippi,Benton,6
Mississippi,Carroll,35
Mississippi,Choctaw,96
Mississippi,Claiborne,12
Mississippi,Clarke,10
Mississippi,Clay,6
Mississippi,Coahoma,11
Mississippi,Copiah,88
Mississippi,Covington,6
Mississippi,De Soto,31
Mississippi,Forrest,20
Mississippi,George,3
Mississippi,Greene,0
Mississippi,Grenada,9
Mississippi,Hancock,4
Mississippi,Harrison,10
Mississippi,Hinds,130
Mississippi,Holmes,13
Mississippi,Itawamba,17
Mississippi,Jackson,1
Mississippi,Jasper,6
Mississippi,Jefferson Davis,6
Mississippi,Lafayette,5
Mississippi,Lauderdale,3
Mississippi,Lawrence,5
Mississippi,Leake,3
Mississippi,Lincoln,28
Mississippi,Lowndes,62
Mississippi,Marion,27
Mississippi,Monroe,71
Mississippi,Noxubee,6
Mississippi,Panola,51
Mississippi,Pearl River,57
Mississippi,Perry,11
Mississippi,Pike,2
Mississippi,Quitman,0
Mississippi,Smith,0
Mississippi,Stone,120
Mississippi,Tallahatchie,0
Mississippi,Tate,3
Mississippi,Tippah,234
Mississippi,Tishomingo,9
Mississippi,Walthall,13
Mississippi,Warren,14
Mississippi,Washington,2
Mississippi,Wayne,4
Mississippi,Winston,9
Mississippi,Yalobusha,9
Mississippi,Yazoo,20
Missouri,Adair,3
Missouri,Andrew,27
Missouri,Audrain,3
Missouri,Barry,19
Missouri,Barton,8
Missouri,Bates,67
Missouri,Benton,37
Missouri,Bollinger,16
Missouri,Boone,58
Missouri,Buchanan,28
Missouri,Butler,15
Missouri,Caldwell,5
Missouri,Callaway,84
Missouri,Camden,8
Missouri,Cape Girardeau,235
Missouri,Carter,4
Missouri,Cass,96
Missouri,Cedar,9
Missouri,Christian,46
Missouri,Clark,12
Missouri,Clay,84
Missouri,Cole,28
Missouri,Cooper,16
Missouri,Crawford,13
Missouri,Dade,5
Missouri,Dallas,1
Missouri,Daviess,29
Missouri,De Kalb,20
Missouri,Dent,19
Missouri,Douglas,7
Missouri,Franklin,39
Missouri,Gasconade,16
Missouri,Gentry,1
Missouri,Greene,197
Missouri,Grundy,9
Missouri,Harrison,3
Missouri,Henry,31
Missouri,Hickory,3
Missouri,Holt,2
Missouri,Howard,8
Missouri,Howell,35
Missouri,Iron,366
Missouri,Jackson,209
Missouri,Jasper,81
Missouri,Jefferson,271
Missouri,Johnson,24
Missouri,Knox,24
Missouri,Laclede,13
Missouri,Lafayette,8
Missouri,Lawrence,19
Missouri,Lincoln,54
Missouri,Livingston,17
Missouri,Macon,2
Missouri,Marion,6
Missouri,McDonald,36
Missouri,Mercer,12
Missouri,Miller,25
Missouri,Monroe,7
Missouri,Montgomery,56
Missouri,Morgan,15
Missouri,Newton,21
Missouri,Nodaway,28
Missouri,Oregon,13
Missouri,Osage,10
Missouri,Ozark,1
Missouri,Pemiscot,4
Missouri,Perry,23
Missouri,Pettis,21
Missouri,Phelps,38
Missouri,Pike,195
Missouri,Platte,87
Missouri,Polk,7
Missouri,Pulaski,36
Missouri,Ralls,206
Missouri,Randolph,25
Missouri,Ray,26
Missouri,Reynolds,415
Missouri,Ripley,3
Missouri,Saline,30
Missouri,Scott,26
Missouri,Shannon,6
Missouri,Shelby,21
Missouri,St Charles,54
Missouri,St Francois,73
Missouri,St Louis,314
Missouri,St Louis City,2
Missouri,Ste. Genevieve,992
Missouri,Stoddard,136
Missouri,Stone,96
Missouri,Sullivan,0
Missouri,Taney,84
Missouri,Texas,25
Missouri,Vernon,2
Missouri,Warren,21
Missouri,Washington,103
Missouri,Wayne,57
Missouri,Webster,9
Missouri,Worth,10
Missouri,Wright,14
Montana,Beaverhead,102
Montana,Big Horn,417
Montana,Blaine,4
Montana,Broadwater,23
Montana,Carbon,17
Montana,Carter,0
Montana,Cascade,34
Montana,Chouteau,3
Montana,Custer,4
Montana,Dawson,15
Montana,Deer Lodge,5
Montana,Fallon,3
Montana,Fergus,24
Montana,Flathead,126
Montana,Gallatin,187
Montana,Glacier,2
Montana,Granite,1
Montana,Hill,11
Montana,Jefferson,375
Montana,Judith Basin,14
Montana,Lake,31
Montana,Lewis and Clark,28
Montana,Lincoln,34
Montana,Madison,99
Montana,Meagher,0
Montana,Mineral,3
Montana,Missoula,49
Montana,Park,18
Montana,Phillips,2
Montana,Pondera,3
Montana,Powell,3
Montana,Ravalli,24
Montana,Richland,15
Montana,Roosevelt,4
Montana,Rosebud,332
Montana,Sanders,46
Montana,Sheridan,9
Montana,Silver Bow,24
Montana,Stillwater,1094
Montana,Sweet Grass,261
Montana,Teton,1
Montana,Toole,8
Montana,Treasure,4
Montana,Valley,4
Montana,Yellowstone,77
Nebraska,Adams,2
Nebraska,Antelope,8
Nebraska,Boone,5
Nebraska,Boyd,1
Nebraska,Brown,5
Nebraska,Buffalo,29
Nebraska,Butler,5
Nebraska,Cass,296
Nebraska,Cedar,15
Nebraska,Cheyenne,3
Nebraska,Clay,3
Nebraska,Colfax,8
Nebraska,Cuming,10
Nebraska,Custer,6
Nebraska,Dakota,1
Nebraska,Dawes,37
Nebraska,Dawson,19
Nebraska,Dodge,9
Nebraska,Douglas,31
Nebraska,Dundy,2
Nebraska,Franklin,10
Nebraska,Furnas,3
Nebraska,Gage,6
Nebraska,Garden,2
Nebraska,Garfield,5
Nebraska,Hall,19
Nebraska,Hamilton,7
Nebraska,Hitchcock,5
Nebraska,Holt,16
Nebraska,Howard,14
Nebraska,Jefferson,12
Nebraska,Kearney,5
Nebraska,Keith,12
Nebraska,Knox,5
Nebraska,Lancaster,7
Nebraska,Lincoln,20
Nebraska,Madison,11
Nebraska,Merrick,4
Nebraska,Morrill,7
Nebraska,Nuckolls,3
Nebraska,Pawnee,10
Nebraska,Phelps,2
Nebraska,Pierce,4
Nebraska,Platte,34
Nebraska,Polk,3
Nebraska,Red Willow,13
Nebraska,Sarpy,29
Nebraska,Saunders,43
Nebraska,Scotts Bluff,17
Nebraska,Seward,1
Nebraska,Sheridan,2
Nebraska,Stanton,11
Nebraska,Thayer,18
Nebraska,Thomas,10
Nebraska,Valley,5
Nebraska,Washington,45
Nebraska,Webster,3
Nebraska,York,6
Nevada,Carson City,7
Nevada,Churchill,75
Nevada,Clark,908
Nevada,Douglas,13
Nevada,Elko,669
Nevada,Esmeralda,59
Nevada,Eureka,2837
Nevada,Humboldt,1211
Nevada,Lander,579
Nevada,Lincoln,18
Nevada,Lyon,157
Nevada,Mineral,147
Nevada,Nye,803
Nevada,Pershing,535
Nevada,Storey,115
Nevada,Washoe,124
Nevada,White Pine,131
New Hampshire,Belknap,30
New Hampshire,Carroll,59
New Hampshire,Cheshire,22
New Hampshire,Coos,19
New Hampshire,Grafton,45
New Hampshire,Hillsborough,76
New Hampshire,Merrimack,163
New Hampshire,Rockingham,63
New Hampshire,Strafford,41
New Hampshire,Sullivan,22
New Jersey,Atlantic,10
New Jersey,Burlington,25
New Jersey,Camden,36
New Jersey,Cape May,40
New Jersey,Cumberland,185
New Jersey,Gloucester,26
New Jersey,Hunterdon,81
New Jersey,Mercer,60
New Jersey,Middlesex,49
New Jersey,Monmouth,2
New Jersey,Morris,216
New Jersey,Ocean,94
New Jersey,Passaic,139
New Jersey,Somerset,232
New Jersey,Sussex,143
New Jersey,Warren,75
New Mexico,Bernalillo,222
New Mexico,Catron,7
New Mexico,Chaves,78
New Mexico,Cibola,3
New Mexico,Colfax,135
New Mexico,Curry,8
New Mexico,De Baca,21
New Mexico,Dona Ana,113
New Mexico,Eddy,775
New Mexico,Grant,924
New Mexico,Guadalupe,13
New Mexico,Hidalgo,3
New Mexico,Lea,325
New Mexico,Lincoln,25
New Mexico,Luna,16
New Mexico,McKinley,732
New Mexico,Mora,4
New Mexico,Otero,97
New Mexico,Quay,8
New Mexico,Rio Arriba,82
New Mexico,Roosevelt,77
New Mexico,San Juan,915
New Mexico,San Miguel,24
New Mexico,Sandoval,68
New Mexico,Santa Fe,57
New Mexico,Sierra,33
New Mexico,Socorro,54
New Mexico,Taos,299
New Mexico,Torrance,23
New Mexico,Union,40
New Mexico,Valencia,28
New York,Albany,278
New York,Allegany,21
New York,Broome,46
New York,Cattaraugus,92
New York,Cayuga,11
New York,Chautauqua,15
New York,Chemung,52
New York,Chenango,28
New York,Clinton,47
New York,Columbia,39
New York,Cortland,20
New York,Delaware,118
New York,Dutchess,251
New York,Erie,128
New York,Essex,99
New York,Franklin,27
New York,Fulton,16
New York,Genesee,52
New York,Greene,157
New York,Hamilton,41
New York,Herkimer,47
New York,Jefferson,74
New York,Kings,4
New York,Lewis,36
New York,Livingston,156
New York,Madison,40
New York,Monroe,49
New York,Montgomery,54
New York,Nassau,3
New York,Niagara,47
New York,Oneida,52
New York,Onondaga,93
New York,Ontario,80
New York,Orange,67
New York,Orleans,37
New York,Oswego,42
New York,Otsego,33
New York,Putnam,14
New York,Rensselaer,76
New York,Rockland,195
New York,Saratoga,66
New York,Schenectady,14
New York,Schoharie,50
New York,Schuyler,11
New York,Seneca,20
New York,St Lawrence,269
New York,Steuben,97
New York,Suffolk,98
New York,Sullivan,66
New York,Tioga,44
New York,Tompkins,207
New York,Ulster,73
New York,Warren,172
New York,Washington,151
New York,Wayne,41
New York,Westchester,3
New York,Wyoming,9
New York,Yates,9
North Carolina,Alamance,61
North Carolina,Alexander,2
North Carolina,Anson,112
North Carolina,Ashe,16
North Carolina,Avery,4
North Carolina,Beaufort,444
North Carolina,Bertie,6
North Carolina,Brunswick,39
North Carolina,Buncombe,112
North Carolina,Burke,23
North Carolina,Cabarrus,51
North Carolina,Caldwell,16
North Carolina,Camden,3
North Carolina,Caswell,31
North Carolina,Catawba,28
North Carolina,Chatham,58
North Carolina,Cherokee,29
North Carolina,Clay,35
North Carolina,Cleveland,107
North Carolina,Craven,44
North Carolina,Cumberland,23
North Carolina,Davidson,38
North Carolina,Davie,14
North Carolina,Duplin,7
North Carolina,Durham,29
North Carolina,Edgecombe,47
North Carolina,Forsyth,174
North Carolina,Franklin,17
North Carolina,Gaston,15
North Carolina,Graham,5
North Carolina,Granville,35
North Carolina,Guilford,87
North Carolina,Halifax,5
North Carolina,Harnett,83
North Carolina,Haywood,27
North Carolina,Henderson,30
North Carolina,Hertford,12
North Carolina,Hoke,2
North Carolina,Iredell,20
North Carolina,Jackson,27
North Carolina,Johnston,44
North Carolina,Lee,74
North Carolina,Lenoir,26
North Carolina,Lincoln,46
North Carolina,Macon,27
North Carolina,Madison,16
North Carolina,McDowell,94
North Carolina,Mecklenburg,125
North Carolina,Mitchell,279
North Carolina,Montgomery,32
North Carolina,Moore,40
North Carolina,Nash,20
North Carolina,New Hanover,29
North Carolina,Northampton,13
North Carolina,Onslow,30
North Carolina,Orange,33
North Carolina,Pasquotank,4
North Carolina,Pender,23
North Carolina,Pitt,47
North Carolina,Polk,3
North Carolina,Randolph,26
North Carolina,Richmond,113
North Carolina,Robeson,1
North Carolina,Rockingham,31
North Carolina,Rowan,250
North Carolina,Rutherford,27
North Carolina,Sampson,17
North Carolina,Scotland,2
North Carolina,Stanly,22
North Carolina,Stokes,11
North Carolina,Surry,149
North Carolina,Swain,18
North Carolina,Transylvania,26
North Carolina,Union,30
North Carolina,Vance,22
North Carolina,Wake,184
North Carolina,Watauga,19
North Carolina,Wayne,15
North Carolina,Wilkes,25
North Carolina,Wilson,32
North Carolina,Yadkin,3
North Carolina,Yancey,33
North Dakota,Barnes,14
North Dakota,Bottineau,14
North Dakota,Bowman,14
North Dakota,Burke,3
North Dakota,Burleigh,37
North Dakota,Cavalier,28
North Dakota,Dickey,3
North Dakota,Dunn,0
North Dakota,Eddy,8
North Dakota,Foster,1
North Dakota,Grand Forks,24
North Dakota,Grant,8
North Dakota,Griggs,0
North Dakota,Hettinger,0
North Dakota,La Moure,5
North Dakota,McHenry,3
North Dakota,McLean,241
North Dakota,Mercer,540
North Dakota,Morton,19
North Dakota,Mountrail,1
North Dakota,Oliver,131
North Dakota,Pembina,5
North Dakota,Ransom,10
North Dakota,Renville,0
North Dakota,Richland,17
North Dakota,Sargent,7
North Dakota,Stark,84
North Dakota,Steele,2
North Dakota,Traill,5
North Dakota,Walsh,9
North Dakota,Ward,68
North Dakota,Wells,14
North Dakota,Williams,16
Ohio,Adams,50
Ohio,Allen,30
Ohio,Ashland,17
Ohio,Ashtabula,16
Ohio,Athens,78
Ohio,Auglaize,19
Ohio,Belmont,723
Ohio,Brown,35
Ohio,Butler,118
Ohio,Carroll,21
Ohio,Champaign,16
Ohio,Clark,39
Ohio,Clermont,11
Ohio,Clinton,29
Ohio,Columbiana,72
Ohio,Coshocton,70
Ohio,Crawford,34
Ohio,Cuyahoga,231
Ohio,Darke,17
Ohio,Delaware,90
Ohio,Erie,177
Ohio,Fairfield,6
Ohio,Fayette,6
Ohio,Franklin,243
Ohio,Gallia,32
Ohio,Geauga,89
Ohio,Greene,152
Ohio,Guernsey,141
Ohio,Hamilton,105
Ohio,Hancock,19
Ohio,Hardin,7
Ohio,Harrison,348
Ohio,Henry,3
Ohio,Highland,72
Ohio,Hocking,7
Ohio,Holmes,88
Ohio,Jackson,186
Ohio,Jefferson,170
Ohio,Knox,41
Ohio,Lake,187
Ohio,Lawrence,1
Ohio,Licking,29
Ohio,Logan,44
Ohio,Lorain,76
Ohio,Lucas,49
Ohio,Madison,4
Ohio,Mahoning,46
Ohio,Marion,44
Ohio,Medina,33
Ohio,Meigs,542
Ohio,Mercer,14
Ohio,Miami,58
Ohio,Monroe,134
Ohio,Montgomery,63
Ohio,Morgan,2
Ohio,Morrow,8
Ohio,Muskingum,139
Ohio,Noble,54
Ohio,Ottawa,160
Ohio,Paulding,93
Ohio,Perry,118
Ohio,Pickaway,25
Ohio,Pike,43
Ohio,Portage,132
Ohio,Preble,34
Ohio,Putnam,9
Ohio,Richland,32
Ohio,Ross,33
Ohio,Sandusky,228
Ohio,Scioto,67
Ohio,Seneca,141
Ohio,Shelby,30
Ohio,Stark,135
Ohio,Summit,3
Ohio,Trumbull,10
Ohio,Tuscarawas,221
Ohio,Union,37
Ohio,Van Wert,21
Ohio,Vinton,155
Ohio,Warren,31
Ohio,Washington,32
Ohio,Wayne,33
Ohio,Williams,15
Ohio,Wood,58
Ohio,Wyandot,168
Oklahoma,Adair,2
Oklahoma,Alfalfa,0
Oklahoma,Atoka,86
Oklahoma,Beaver,14
Oklahoma,Beckham,12
Oklahoma,Blaine,72
Oklahoma,Bryan,27
Oklahoma,Caddo,50
Oklahoma,Canadian,12
Oklahoma,Carter,23
Oklahoma,Cherokee,33
Oklahoma,Choctaw,91
Oklahoma,Cimarron,53
Oklahoma,Cleveland,13
Oklahoma,Comanche,112
Oklahoma,Cotton,5
Oklahoma,Craig,44
Oklahoma,Creek,21
Oklahoma,Custer,0
Oklahoma,Delaware,2
Oklahoma,Dewey,5
Oklahoma,Ellis,0
Oklahoma,Garfield,8
Oklahoma,Grady,2
Oklahoma,Grant,4
Oklahoma,Greer,11
Oklahoma,Harper,3
Oklahoma,Haskell,134
Oklahoma,Jackson,30
Oklahoma,Jefferson,16
Oklahoma,Johnston,213
Oklahoma,Kay,21
Oklahoma,Kingfisher,11
Oklahoma,Kiowa,66
Oklahoma,Latimer,18
Oklahoma,Le Flore,197
Oklahoma,Lincoln,6
Oklahoma,Logan,5
Oklahoma,Love,36
Oklahoma,Major,13
Oklahoma,Marshall,12
Oklahoma,Mayes,144
Oklahoma,McClain,8
Oklahoma,McCurtain,24
Oklahoma,McIntosh,10
Oklahoma,Murray,163
Oklahoma,Muskogee,32
Oklahoma,Nowata,12
Oklahoma,Oklahoma,61
Oklahoma,Okmulgee,2
Oklahoma,Osage,14
Oklahoma,Ottawa,37
Oklahoma,Pawnee,33
Oklahoma,Payne,22
Oklahoma,Pittsburg,44
Oklahoma,Pontotoc,127
Oklahoma,Pottawatomie,4
Oklahoma,Pushmataha,3
Oklahoma,Roger Mills,3
Oklahoma,Rogers,78
Oklahoma,Seminole,16
Oklahoma,Sequoyah,92
Oklahoma,Texas,9
Oklahoma,Tillman,5
Oklahoma,Tulsa,234
Oklahoma,Wagoner,32
Oklahoma,Washington,21
Oklahoma,Washita,11
Oklahoma,Woodward,6
Oregon,Baker,96
Oregon,Benton,31
Oregon,Clackamas,66
Oregon,Clatsop,16
Oregon,Columbia,65
Oregon,Coos,47
Oregon,Crook,20
Oregon,Curry,36
Oregon,Deschutes,65
Oregon,Douglas,76
Oregon,Gilliam,3
Oregon,Grant,0
Oregon,Harney,17
Oregon,Hood River,4
Oregon,Jackson,109
Oregon,Jefferson,7
Oregon,Josephine,47
Oregon,Klamath,33
Oregon,Lake,44
Oregon,Lane,141
Oregon,Lincoln,38
Oregon,Linn,32
Oregon,Malheur,70
Oregon,Marion,121
Oregon,Morrow,26
Oregon,Multnomah,109
Oregon,Polk,39
Oregon,Sherman,3
Oregon,Tillamook,30
Oregon,Umatilla,46
Oregon,Union,15
Oregon,Wallowa,1
Oregon,Wasco,14
Oregon,Washington,112
Oregon,Yamhill,59
Pennsylvania,Adams,205
Pennsylvania,Allegheny,115
Pennsylvania,Armstrong,627
Pennsylvania,Beaver,75
Pennsylvania,Bedford,37
Pennsylvania,Berks,366
Pennsylvania,Blair,88
Pennsylvania,Bradford,143
Pennsylvania,Bucks,212
Pennsylvania,Butler,258
Pennsylvania,Cambria,259
Pennsylvania,Carbon,24
Pennsylvania,Centre,319
Pennsylvania,Chester,157
Pennsylvania,Clarion,84
Pennsylvania,Clearfield,560
Pennsylvania,Clinton,11
Pennsylvania,Columbia,124
Pennsylvania,Crawford,37
Pennsylvania,Cumberland,102
Pennsylvania,Dauphin,82
Pennsylvania,Delaware,58
Pennsylvania,Elk,61
Pennsylvania,Erie,78
Pennsylvania,Fayette,282
Pennsylvania,Franklin,58
Pennsylvania,Fulton,42
Pennsylvania,Greene,2506
Pennsylvania,Huntingdon,82
Pennsylvania,Indiana,392
Pennsylvania,Jefferson,211
Pennsylvania,Juniata,8
Pennsylvania,Lackawanna,100
Pennsylvania,Lancaster,270
Pennsylvania,Lawrence,356
Pennsylvania,Lebanon,151
Pennsylvania,Lehigh,172
Pennsylvania,Luzerne,418
Pennsylvania,Lycoming,124
Pennsylvania,McKean,6
Pennsylvania,Mercer,33
Pennsylvania,Mifflin,25
Pennsylvania,Monroe,71
Pennsylvania,Montgomery,143
Pennsylvania,Montour,14
Pennsylvania,Northampton,607
Pennsylvania,Northumberland,186
Pennsylvania,Perry,8
Pennsylvania,Pike,21
Pennsylvania,Potter,3
Pennsylvania,Schuylkill,597
Pennsylvania,Snyder,32
Pennsylvania,Somerset,736
Pennsylvania,Sullivan,12
Pennsylvania,Susquehanna,342
Pennsylvania,Tioga,32
Pennsylvania,Union,43
Pennsylvania,Venango,49
Pennsylvania,Warren,30
Pennsylvania,Washington,1314
Pennsylvania,Wayne,37
Pennsylvania,Westmoreland,270
Pennsylvania,Wyoming,71
Pennsylvania,York,346
Puerto Rico,72002,30
Puerto Rico,72004,407
Puerto Rico,72006,132
Puerto Rico,72008,52
Puerto Rico,72010,320
Puerto Rico,72012,63
Puerto Rico,72999,6
Puerto Rico,Adjuntas,165
Puerto Rico,Aguada,38
Puerto Rico,Aguadilla,211
Puerto Rico,Aguas Buenas,113
Puerto Rico,Aibonito,212
Puerto Rico,Anasco,16
Rhode Island,Kent,17
Rhode Island,Newport,19
Rhode Island,Providence,63
Rhode Island,Washington,59
South Carolina,Abbeville,2
South Carolina,Aiken,161
South Carolina,Anderson,36
South Carolina,Bamberg,3
South Carolina,Berkeley,65
South Carolina,Charleston,0
South Carolina,Cherokee,52
South Carolina,Chesterfield,98
South Carolina,Colleton,4
South Carolina,Darlington,6
South Carolina,Dorchester,358
South Carolina,Edgefield,2
South Carolina,Fairfield,13
South Carolina,Florence,14
South Carolina,Greenville,61
South Carolina,Greenwood,30
South Carolina,Hampton,2
South Carolina,Horry,47
South Carolina,Jasper,7
South Carolina,Kershaw,36
South Carolina,Lancaster,24
South Carolina,Laurens,75
South Carolina,Lexington,113
South Carolina,Marion,11
South Carolina,Marlboro,32
South Carolina,Oconee,14
South Carolina,Orangeburg,193
South Carolina,Pickens,40
South Carolina,Richland,131
South Carolina,Spartanburg,91
South Carolina,Sumter,16
South Carolina,Union,8
South Carolina,York,39
South Dakota,Beadle,4
South Dakota,Bon Homme,5
South Dakota,Brookings,16
South Dakota,Brown,14
South Dakota,Brule,9
South Dakota,Butte,78
South Dakota,Campbell,3
South Dakota,Charles Mix,8
South Dakota,Clay,5
South Dakota,Codington,17
South Dakota,Custer,20
South Dakota,Davison,9
South Dakota,Day,13
South Dakota,Douglas,3
South Dakota,Fall River,3
South Dakota,Grant,117
South Dakota,Haakon,1
South Dakota,Hanson,17
South Dakota,Hughes,19
South Dakota,Hutchinson,1
South Dakota,Jerauld,4
South Dakota,Jones,0
South Dakota,Kingsbury,3
South Dakota,Lake,13
South Dakota,Lawrence,381
South Dakota,Marshall,7
South Dakota,McPherson,26
South Dakota,Meade,3
South Dakota,Mellette,3
South Dakota,Miner,7
South Dakota,Minnehaha,121
South Dakota,Moody,2
South Dakota,Pennington,302
South Dakota,Perkins,2
South Dakota,Potter,0
South Dakota,Roberts,14
South Dakota,Sanborn,0
South Dakota,Spink,5
South Dakota,Sully,4
South Dakota,Tripp,4
South Dakota,Turner,7
South Dakota,Union,16
South Dakota,Walworth,1
South Dakota,Yankton,5
Tennessee,Anderson,40
Tennessee,Bedford,18
Tennessee,Benton,80
Tennessee,Bledsoe,11
Tennessee,Blount,97
Tennessee,Bradley,23
Tennessee,Campbell,229
Tennessee,Cannon,8
Tennessee,Carroll,14
Tennessee,Carter,19
Tennessee,Claiborne,291
Tennessee,Clay,6
Tennessee,Cocke,17
Tennessee,Coffee,15
Tennessee,Cumberland,170
Tennessee,Davidson,86
Tennessee,De Kalb,9
Tennessee,Decatur,67
Tennessee,Dickson,18
Tennessee,Fayette,0
Tennessee,Fentress,34
Tennessee,Franklin,58
Tennessee,Gibson,5
Tennessee,Giles,8
Tennessee,Grainger,67
Tennessee,Greene,26
Tennessee,Grundy,16
Tennessee,Hamblen,14
Tennessee,Hamilton,150
Tennessee,Hardeman,60
Tennessee,Hardin,39
Tennessee,Hawkins,50
Tennessee,Henry,53
Tennessee,Hickman,8
Tennessee,Humphreys,4
Tennessee,Jackson,3
Tennessee,Jefferson,275
Tennessee,Johnson,21
Tennessee,Knox,280
Tennessee,Lauderdale,0
Tennessee,Lawrence,10
Tennessee,Lincoln,8
Tennessee,Loudon,14
Tennessee,Madison,25
Tennessee,Marion,41
Tennessee,Marshall,18
Tennessee,Maury,30
Tennessee,McMinn,16
Tennessee,McNairy,19
Tennessee,Meigs,12
Tennessee,Monroe,33
Tennessee,Montgomery,29
Tennessee,Moore,5
Tennessee,Morgan,0
Tennessee,Obion,3
Tennessee,Overton,36
Tennessee,Perry,19
Tennessee,Polk,29
Tennessee,Putnam,46
Tennessee,Rhea,20
Tennessee,Roane,8
Tennessee,Robertson,35
Tennessee,Rutherford,84
Tennessee,Scott,29
Tennessee,Sequatchie,34
Tennessee,Sevier,30
Tennessee,Shelby,50
Tennessee,Smith,265
Tennessee,Sullivan,47
Tennessee,Sumner,22
Tennessee,Tipton,17
Tennessee,Unicoi,10
Tennessee,Union,107
Tennessee,Van Buren,0
Tennessee,Warren,10
Tennessee,Washington,16
Tennessee,Wayne,14
Tennessee,Weakley,145
Tennessee,White,20
Tennessee,Williamson,34
Tennessee,Wilson,35
Texas,Anderson,3
Texas,Aransas,10
Texas,Atascosa,143
Texas,Austin,5
Texas,Bailey,3
Texas,Bandera,8
Texas,Bastrop,28
Texas,Bee,5
Texas,Bell,153
Texas,Bexar,619
Texas,Blanco,2
Texas,Borden,5
Texas,Bosque,70
Texas,Bowie,0
Texas,Brazoria,29
Texas,Brazos,20
Texas,Brewster,43
Texas,Brown,26
Texas,Burnet,217
Texas,Calhoun,593
Texas,Callahan,21
Texas,Cameron,36
Texas,Cass,22
Texas,Chambers,4
Texas,Cherokee,24
Texas,Childress,21
Texas,Coke,20
Texas,Collin,3
Texas,Colorado,185
Texas,Comal,574
Texas,Cooke,13
Texas,Coryell,22
Texas,Crosby,28
Texas,Culberson,36
Texas,Dallam,14
Texas,Dallas,120
Texas,De Witt,0
Texas,Deaf Smith,27
Texas,Denton,30
Texas,Duval,56
Texas,Eastland,11
Texas,Ector,87
Texas,El Paso,210
Texas,Ellis,513
Texas,Erath,17
Texas,Falls,0
Texas,Fannin,41
Texas,Fayette,141
Texas,Floyd,9
Texas,Fort Bend,100
Texas,Freestone,251
Texas,Galveston,43
Texas,Garza,4
Texas,Gillespie,81
Texas,Glasscock,12
Texas,Gonzales,83
Texas,Gray,0
Texas,Grayson,37
Texas,Gregg,17
Texas,Grimes,0
Texas,Guadalupe,10
Texas,Hale,0
Texas,Hall,7
Texas,Hamilton,0
Texas,Hansford,21
Texas,Hardeman,18
Texas,Hardin,7
Texas,Harris,242
Texas,Harrison,178
Texas,Haskell,5
Texas,Hays,182
Texas,Henderson,45
Texas,Hidalgo,220
Texas,Hill,30
Texas,Hood,76
Texas,Hopkins,97
Texas,Houston,10
Texas,Howard,41
Texas,Hudspeth,90
Texas,Hunt,10
Texas,Hutchinson,85
Texas,Jack,20
Texas,Jim Wells,5
Texas,Johnson,125
Texas,Jones,79
Texas,Kaufman,79
Texas,Kendall,34
Texas,Kerr,37
Texas,Kimble,11
Texas,Kinney,3
Texas,Kleberg,6
Texas,Lamb,8
Texas,Lampasas,33
Texas,Leon,344
Texas,Liberty,51
Texas,Limestone,169
Texas,Llano,0
Texas,Lubbock,51
Texas,Maverick,24
Texas,McCulloch,84
Texas,McLennan,232
Texas,McMullen,19
Texas,Medina,71
Texas,Midland,24
Texas,Milam,216
Texas,Mitchell,3
Texas,Montague,26
Texas,Montgomery,113
Texas,Nacogdoches,2
Texas,Navarro,92
Texas,Newton,7
Texas,Nolan,177
Texas,Nueces,110
Texas,Oldham,61
Texas,Orange,13
Texas,Palo Pinto,128
Texas,Panola,436
Texas,Parker,104
Texas,Pecos,30
Texas,Potter,143
Texas,Randall,2
Texas,Robertson,88
Texas,Rusk,208
Texas,Sabine,47
Texas,San Augustine,7
Texas,San Patricio,871
Texas,San Saba,45
Texas,Shackelford,30
Texas,Smith,40
Texas,Somervell,67
Texas,Starr,36
Texas,Stephens,6
Texas,Stonewall,47
Texas,Sutton,8
Texas,Swisher,1
Texas,Tarrant,71
Texas,Taylor,39
Texas,Titus,396
Texas,Tom Green,10
Texas,Travis,261
Texas,Upshur,9
Texas,Uvalde,102
Texas,Val Verde,10
Texas,Van Zandt,207
Texas,Victoria,105
Texas,Walker,9
Texas,Ward,9
Texas,Washington,10
Texas,Webb,104
Texas,Williamson,740
Texas,Wise,575
Texas,Wood,5
Texas,Young,20
Texas,Zapata,0
Texas,Zavala,7
Utah,Beaver,59
Utah,Box Elder,146
Utah,Cache,19
Utah,Carbon,558
Utah,Davis,23
Utah,Duchesne,9
Utah,Emery,619
Utah,Garfield,16
Utah,Grand,42
Utah,Iron,24
Utah,Juab,117
Utah,Kane,10
Utah,Millard,129
Utah,Morgan,101
Utah,Piute,10
Utah,Rich,2
Utah,Salt Lake,1594
Utah,San Juan,49
Utah,Sanpete,48
Utah,Sevier,448
Utah,Summit,117
Utah,Tooele,67
Utah,Uintah,285
Utah,Utah,238
Utah,Wasatch,25
Utah,Washington,85
Utah,Wayne,9
Utah,Weber,14
Vermont,Addison,44
Vermont,Bennington,39
Vermont,Caledonia,34
Vermont,Chittenden,64
Vermont,Essex,5
Vermont,Franklin,55
Vermont,Grand Isle,3
Vermont,Lamoille,28
Vermont,Orange,14
Vermont,Orleans,13
Vermont,Rutland,605
Vermont,Washington,115
Vermont,Windham,25
Vermont,Windsor,117
Virgin Islands of the U.S.,78001,100
Virginia,Accomack,4
Virginia,Albemarle,30
Virginia,Alleghany,9
Virginia,Amelia,4
Virginia,Appomattox,17
Virginia,Augusta,65
Virginia,Bedford,36
Virginia,Bland,6
Virginia,Botetourt,230
Virginia,Brunswick,49
Virginia,Buchanan,1621
Virginia,Buckingham,233
Virginia,Campbell,45
Virginia,Caroline,11
Virginia,Carroll,6
Virginia,Charles City,24
Virginia,Charlotte,4
Virginia,Chesapeake City,36
Virginia,Chesterfield,49
Virginia,Clarke,16
Virginia,Craig,6
Virginia,Culpeper,53
Virginia,Dickenson,742
Virginia,Dinwiddie,24
Virginia,Essex,16
Virginia,Fairfax,80
Virginia,Fauquier,30
Virginia,Floyd,5
Virginia,Franklin,15
Virginia,Frederick,188
Virginia,Giles,103
Virginia,Gloucester,4
Virginia,Goochland,106
Virginia,Grayson,26
Virginia,Greene,19
Virginia,Greensville,26
Virginia,Halifax,22
Virginia,Hanover,62
Virginia,Henrico,100
Virginia,Henry,37
Virginia,Highland,7
Virginia,Isle of Wight,7
Virginia,King and Queen,46
Virginia,King George,33
Virginia,King William,94
Virginia,Lee,220
Virginia,Loudoun,157
Virginia,Louisa,33
Virginia,Mecklenburg,12
Virginia,Montgomery,81
Virginia,Nelson,12
Virginia,Nottoway,16
Virginia,Orange,1
Virginia,Pittsylvania,43
Virginia,Powhatan,20
Virginia,Prince Edward,5
Virginia,Prince George,31
Virginia,Prince William,49
Virginia,Pulaski,41
Virginia,Roanoke,49
Virginia,Roanoke City,1
Virginia,Rockbridge,19
Virginia,Rockingham,59
Virginia,Russell,290
Virginia,Scott,26
Virginia,Shenandoah,91
Virginia,Smyth,13
Virginia,Southampton,11
Virginia,Spotsylvania,42
Virginia,Stafford,31
Virginia,Sussex,92
Virginia,Tazewell,353
Virginia,Virginia Beach City,9
Virginia,Warren,57
Virginia,Washington,27
Virginia,Westmoreland,2
Virginia,Wise,2528
Virginia,Wythe,69
Washington,Asotin,16
Washington,Benton,28
Washington,Chelan,18
Washington,Clallam,40
Washington,Clark,143
Washington,Columbia,5
Washington,Cowlitz,65
Washington,Douglas,14
Washington,Ferry,87
Washington,Franklin,31
Washington,Garfield,4
Washington,Grant,89
Washington,Grays Harbor,91
Washington,Island,59
Washington,Jefferson,41
Washington,King,400
Washington,Kitsap,34
Washington,Kittitas,28
Washington,Klickitat,31
Washington,Lewis,579
Washington,Lincoln,12
Washington,Mason,34
Washington,Okanogan,41
Washington,Pacific,18
Washington,Pend Oreille,7
Washington,Pierce,242
Washington,San Juan,24
Washington,Skagit,65
Washington,Skamania,16
Washington,Snohomish,214
Washington,Spokane,72
Washington,Stevens,76
Washington,Thurston,113
Washington,Wahkiakum,2
Washington,Walla Walla,4
Washington,Whatcom,103
Washington,Whitman,6
Washington,Yakima,38
West Virginia,Barbour,55
West Virginia,Berkeley,213
West Virginia,Boone,3036
West Virginia,Braxton,0
West Virginia,Brooke,175
West Virginia,Cabell,0
West Virginia,Clay,299
West Virginia,Fayette,405
West Virginia,Gilmer,0
West Virginia,Grant,120
West Virginia,Greenbrier,195
West Virginia,Hampshire,0
West Virginia,Hancock,0
West Virginia,Harrison,684
West Virginia,Jefferson,64
West Virginia,Kanawha,1481
West Virginia,Lincoln,209
West Virginia,Logan,1012
West Virginia,Marion,208
West Virginia,Marshall,922
West Virginia,Mason,8
West Virginia,McDowell,1033
West Virginia,Mercer,22
West Virginia,Mineral,32
West Virginia,Mingo,1957
West Virginia,Monongalia,1306
West Virginia,Morgan,88
West Virginia,Nicholas,406
West Virginia,Pendleton,55
West Virginia,Pocahontas,7
West Virginia,Preston,317
West Virginia,Putnam,3
West Virginia,Raleigh,1061
West Virginia,Randolph,63
West Virginia,Ritchie,5
West Virginia,Summers,0
West Virginia,Tucker,43
West Virginia,Upshur,256
West Virginia,Wayne,577
West Virginia,Webster,633
West Virginia,Wetzel,10
West Virginia,Wood,3
West Virginia,Wyoming,1127
Wisconsin,Adams,1
Wisconsin,Ashland,4
Wisconsin,Barron,9
Wisconsin,Bayfield,11
Wisconsin,Brown,111
Wisconsin,Buffalo,0
Wisconsin,Burnett,2
Wisconsin,Calumet,183
Wisconsin,Chippewa,20
Wisconsin,Clark,23
Wisconsin,Columbia,39
Wisconsin,Crawford,10
Wisconsin,Dane,76
Wisconsin,Dodge,127
Wisconsin,Door,15
Wisconsin,Douglas,49
Wisconsin,Dunn,8
Wisconsin,Eau Claire,27
Wisconsin,Fond du Lac,294
Wisconsin,Forest,12
Wisconsin,Grant,23
Wisconsin,Green,21
Wisconsin,Green Lake,53
Wisconsin,Iowa,9
Wisconsin,Iron,8
Wisconsin,Jackson,54
Wisconsin,Jefferson,9
Wisconsin,Juneau,20
Wisconsin,Kenosha,11
Wisconsin,Kewaunee,17
Wisconsin,La Crosse,77
Wisconsin,Lafayette,8
Wisconsin,Langlade,37
Wisconsin,Lincoln,17
Wisconsin,Manitowoc,89
Wisconsin,Marathon,221
Wisconsin,Marinette,81
Wisconsin,Milwaukee,35
Wisconsin,Monroe,26
Wisconsin,Oconto,29
Wisconsin,Oneida,12
Wisconsin,Outagamie,60
Wisconsin,Ozaukee,15
Wisconsin,Pierce,26
Wisconsin,Polk,31
Wisconsin,Portage,48
Wisconsin,Price,4
Wisconsin,Racine,61
Wisconsin,Richland,3
Wisconsin,Rock,54
Wisconsin,Rusk,6
Wisconsin,Sauk,58
Wisconsin,Sawyer,6
Wisconsin,Shawano,14
Wisconsin,Sheboygan,16
Wisconsin,St Croix,28
Wisconsin,Taylor,23
Wisconsin,Trempealeau,3
Wisconsin,Vilas,15
Wisconsin,Walworth,49
Wisconsin,Washburn,3
Wisconsin,Washington,55
Wisconsin,Waukesha,185
Wisconsin,Waupaca,31
Wisconsin,Waushara,5
Wisconsin,Winnebago,7
Wisconsin,Wood,13
Wyoming,Albany,121
Wyoming,Big Horn,333
Wyoming,Campbell,3148
Wyoming,Carbon,71
Wyoming,Converse,370
Wyoming,Crook,244
Wyoming,Fremont,30
Wyoming,Goshen,8
Wyoming,Hot Springs,6
Wyoming,Johnson,57
Wyoming,Laramie,107
Wyoming,Lincoln,281
Wyoming,Natrona,118
Wyoming,Niobrara,1
Wyoming,Park,29
Wyoming,Platte,62
Wyoming,Sheridan,8
Wyoming,Sublette,12
Wyoming,Sweetwater,2735
Wyoming,Teton,17
Wyoming,Uinta,17
Wyoming,Washakie,37
Wyoming,Weston,37
