State,County,Number of Employees
Alabama,Autauga,11
Alabama,Baldwin,13
Alabama,Barbour,59
Alabama,Bibb,20
Alabama,Blount,85
Alabama,Calhoun,34
Alabama,Cherokee,2
Alabama,Chilton,28
Alabama,Choctaw,3
Alabama,Clarke,20
Alabama,Cleburne,0
Alabama,Coffee,0
Alabama,Colbert,118
Alabama,Conecuh,13
Alabama,Coosa,15
Alabama,Covington,0
Alabama,Cullman,27
Alabama,Dale,5
Alabama,Dallas,42
Alabama,De Kalb,21
Alabama,Elmore,45
Alabama,Escambia,63
Alabama,Etowah,29
Alabama,Fayette,336
Alabama,Franklin,60
Alabama,Geneva,3
Alabama,Hale,3
Alabama,Houston,5
Alabama,Jackson,20
Alabama,Jefferson,1418
Alabama,Lauderdale,17
Alabama,Lawrence,26
Alabama,Lee,50
Alabama,Limestone,12
Alabama,Lowndes,49
Alabama,Macon,48
Alabama,Madison,65
Alabama,Marengo,80
Alabama,Marion,44
Alabama,Marshall,40
Alabama,Mobile,188
Alabama,Monroe,18
Alabama,Montgomery,95
Alabama,Morgan,62
Alabama,Pickens,11
Alabama,Randolph,4
Alabama,Russell,23
Alabama,Shelby,714
Alabama,St Clair,179
Alabama,Sumter,74
Alabama,Talladega,696
Alabama,Tuscaloosa,1449
Alabama,Walker,362
Alabama,Washington,8
Alabama,Winston,33
Alaska,Aleutians West,1
Alaska,Anchorage,73
Alaska,Bethel,17
Alaska,Denali,8
Alaska,Fairbanks North Star,327
Alaska,Haines,3
Alaska,Juneau,284
Alaska,Kenai Peninsula,5
Alaska,Ketchikan Gateway,8
Alaska,Matanuska-Susitna,69
Alaska,Nome,10
Alaska,Northwest Arctic,199
Alaska,Prince of Wales-Outer Ketchikan,0
Alaska,Sitka,11
Alaska,Skagway-Hoonah-Angoon,8
Alaska,Southeast Fairbanks,11
Alaska,Valdez-Cordova,5
Alaska,Yukon-Koyukuk,147
Arizona,Apache,34
Arizona,Cochise,170
Arizona,Coconino,502
Arizona,Gila,554
Arizona,Graham,10
Arizona,Greenlee,2470
Arizona,La Paz,43
Arizona,Maricopa,954
Arizona,Mohave,221
Arizona,Navajo,805
Arizona,Pima,1876
Arizona,Pinal,1316
Arizona,Santa Cruz,17
Arizona,Yavapai,968
Arizona,Yuma,74
Arkansas,Arkansas,0
Arkansas,Baxter,33
Arkansas,Benton,70
Arkansas,Boone,13
Arkansas,Bradley,9
Arkansas,Calhoun,17
Arkansas,Carroll,17
Arkansas,Clark,4
Arkansas,Cleburne,28
Arkansas,Conway,18
Arkansas,Craighead,22
Arkansas,Crawford,39
Arkansas,Crittenden,43
Arkansas,Cross,17
Arkansas,Desha,7
Arkansas,Faulkner,29
Arkansas,Franklin,23
Arkansas,Garland,111
Arkansas,Grant,19
Arkansas,Greene,11
Arkansas,Hempstead,4
Arkansas,Hot Spring,88
Arkansas,Howard,63
Arkansas,Independence,143
Arkansas,Izard,66
Arkansas,Jackson,2
Arkansas,Jefferson,4
Arkansas,Johnson,15
Arkansas,Lawrence,71
Arkansas,Lincoln,9
Arkansas,Little River,202
Arkansas,Logan,82
Arkansas,Madison,6
Arkansas,Marion,8
Arkansas,Montgomery,39
Arkansas,Nevada,23
Arkansas,Ouachita,47
Arkansas,Perry,8
Arkansas,Pike,28
Arkansas,Poinsett,33
Arkansas,Polk,52
Arkansas,Pope,39
Arkansas,Pulaski,507
Arkansas,Randolph,6
Arkansas,Saline,384
Arkansas,Searcy,0
Arkansas,Sebastian,142
Arkansas,Sevier,16
Arkansas,Sharp,6
Arkansas,St Francis,0
Arkansas,Stone,8
Arkansas,Van Buren,50
Arkansas,Washington,38
Arkansas,White,35
California,Alameda,266
California,Alpine,1
California,Amador,98
California,Butte,75
California,Calaveras,27
California,Colusa,17
California,Contra Costa,100
California,Del Norte,29
California,El Dorado,46
California,Fresno,100
California,Glenn,42
California,Humboldt,88
California,Imperial,233
California,Inyo,233
California,Kern,1630
California,Lake,134
California,Lassen,35
California,Los Angeles,449
California,Madera,36
California,Marin,50
California,Mariposa,10
California,Mendocino,67
California,Merced,48
California,Modoc,50
California,Mono,44
California,Monterey,145
California,Napa,69
California,Nevada,77
California,Orange,130
California,Placer,73
California,Plumas,25
California,Riverside,507
California,Sacramento,257
California,San Benito,156
California,San Bernardino,1431
California,San Diego,392
California,San Francisco,9
California,San Joaquin,241
California,San Luis Obispo,51
California,San Mateo,31
California,Santa Barbara,395
California,Santa Clara,243
California,Santa Cruz,186
California,Shasta,211
California,Sierra,14
California,Siskiyou,41
California,Solano,74
California,Sonoma,163
California,Stanislaus,54
California,Sutter,20
California,Tehama,46
California,Trinity,24
California,Tulare,67
California,Tuolumne,76
California,Ventura,185
California,Yolo,82
California,Yuba,102
Colorado,Adams,177
Colorado,Alamosa,77
Colorado,Arapahoe,27
Colorado,Archuleta,33
Colorado,Baca,3
Colorado,Boulder,174
Colorado,Chaffee,27
Colorado,Clear Creek,366
Colorado,Conejos,15
Colorado,Custer,3
Colorado,Delta,191
Colorado,Denver,13
Colorado,Dolores,0
Colorado,Douglas,16
Colorado,Eagle,32
Colorado,El Paso,93
Colorado,Elbert,1
Colorado,Fremont,350
Colorado,Garfield,68
Colorado,Grand,21
Colorado,Gunnison,480
Colorado,Hinsdale,3
Colorado,Huerfano,4
Colorado,Jackson,4
Colorado,Jefferson,225
Colorado,Kit Carson,4
Colorado,La Plata,66
Colorado,Lake,62
Colorado,Larimer,364
Colorado,Las Animas,12
Colorado,Lincoln,1
Colorado,Logan,7
Colorado,Mesa,98
Colorado,Moffat,441
Colorado,Montezuma,77
Colorado,Montrose,56
Colorado,Morgan,22
Colorado,Otero,36
Colorado,Ouray,9
Colorado,Park,17
Colorado,Phillips,1
Colorado,Pitkin,0
Colorado,Prowers,52
Colorado,Pueblo,77
Colorado,Rio Blanco,152
Colorado,Rio Grande,10
Colorado,Routt,433
Colorado,Saguache,2
Colorado,San Miguel,0
Colorado,Sedgwick,2
Colorado,Summit,29
Colorado,Teller,223
Colorado,Weld,181
Connecticut,Fairfield,40
Connecticut,Hartford,128
Connecticut,Litchfield,184
Connecticut,Middlesex,28
Connecticut,New Haven,257
Connecticut,New London,29
Connecticut,Tolland,75
Connecticut,Windham,77
Delaware,Kent,27
Delaware,New Castle,62
Delaware,Sussex,14
Florida,Alachua,106
Florida,Brevard,16
Florida,Broward,28
Florida,Calhoun,2
Florida,Charlotte,73
Florida,Citrus,125
Florida,Clay,288
Florida,Collier,63
Florida,Columbia,27
Florida,Dade,996
Florida,De Soto,7
Florida,Dixie,5
Florida,Duval,0
Florida,Escambia,26
Florida,Franklin,19
Florida,Gadsden,148
Florida,Gilchrist,2
Florida,Glades,36
Florida,Hamilton,316
Florida,Hardee,158
Florida,Hernando,635
Florida,Hillsborough,164
Florida,Indian River,11
Florida,Jackson,70
Florida,Jefferson,2
Florida,Lafayette,7
Florida,Lake,106
Florida,Lee,242
Florida,Leon,2
Florida,Levy,52
Florida,Manatee,29
Florida,Marion,182
Florida,Martin,6
Florida,Monroe,16
Florida,Okaloosa,11
Florida,Okeechobee,7
Florida,Orange,12
Florida,Palm Beach,111
Florida,Pasco,45
Florida,Polk,1543
Florida,Putnam,67
Florida,Santa Rosa,30
Florida,Sarasota,50
Florida,Seminole,0
Florida,St Lucie,34
Florida,Sumter,112
Florida,Suwannee,34
Florida,Taylor,89
Florida,Volusia,1
Florida,Walton,15
Florida,Washington,11
Georgia,Baldwin,8
Georgia,Banks,4
Georgia,Barrow,21
Georgia,Bartow,128
Georgia,Berrien,3
Georgia,Bibb,16
Georgia,Carroll,26
Georgia,Catoosa,16
Georgia,Chatham,55
Georgia,Cherokee,28
Georgia,Clarke,24
Georgia,Clayton,43
Georgia,Cobb,70
Georgia,Columbia,27
Georgia,Cook,5
Georgia,Coweta,16
Georgia,Crawford,43
Georgia,De Kalb,70
Georgia,Decatur,270
Georgia,Dougherty,6
Georgia,Douglas,63
Georgia,Early,4
Georgia,Echols,4
Georgia,Effingham,13
Georgia,Elbert,145
Georgia,Evans,2
Georgia,Fayette,46
Georgia,Floyd,34
Georgia,Forsyth,73
Georgia,Fulton,182
Georgia,Gilmer,45
Georgia,Glascock,113
Georgia,Greene,21
Georgia,Gwinnett,135
Georgia,Habersham,12
Georgia,Hall,54
Georgia,Hancock,11
Georgia,Haralson,3
Georgia,Harris,17
Georgia,Hart,71
Georgia,Heard,9
Georgia,Henry,37
Georgia,Houston,130
Georgia,Jackson,24
Georgia,Jasper,32
Georgia,Jefferson,205
Georgia,Jones,102
Georgia,Lee,14
Georgia,Long,6
Georgia,Lumpkin,19
Georgia,Macon,19
Georgia,Madison,2
Georgia,Marion,31
Georgia,McIntosh,0
Georgia,Monroe,61
Georgia,Montgomery,5
Georgia,Morgan,12
Georgia,Murray,74
Georgia,Muscogee,48
Georgia,Newton,13
Georgia,Oglethorpe,187
Georgia,Paulding,20
Georgia,Pickens,308
Georgia,Polk,25
Georgia,Rabun,15
Georgia,Richmond,119
Georgia,Rockdale,3
Georgia,Spalding,26
Georgia,Stephens,10
Georgia,Sumter,188
Georgia,Talbot,55
Georgia,Taylor,34
Georgia,Thomas,273
Georgia,Toombs,1
Georgia,Towns,12
Georgia,Troup,15
Georgia,Twiggs,542
Georgia,Union,16
Georgia,Walker,16
Georgia,Warren,150
Georgia,Washington,931
Georgia,White,7
Georgia,Whitfield,79
Georgia,Wilkes,13
Georgia,Wilkinson,851
Hawaii,Hawaii,91
Hawaii,Honolulu,195
Hawaii,Kauai,19
Hawaii,Maui,41
Idaho,Ada,244
Idaho,Adams,2
Idaho,Bannock,76
Idaho,Bear Lake,7
Idaho,Benewah,54
Idaho,Bingham,17
Idaho,Blaine,21
Idaho,Boise,0
Idaho,Bonner,32
Idaho,Bonneville,61
Idaho,Boundary,4
Idaho,Butte,0
Idaho,Canyon,65
Idaho,Caribou,415
Idaho,Cassia,66
Idaho,Clark,7
Idaho,Custer,170
Idaho,Elmore,8
Idaho,Franklin,17
Idaho,Fremont,6
Idaho,Gem,21
Idaho,Idaho,55
Idaho,Jefferson,5
Idaho,Kootenai,33
Idaho,Latah,4
Idaho,Lemhi,74
Idaho,Lewis,3
Idaho,Lincoln,6
Idaho,Madison,14
Idaho,Minidoka,33
Idaho,Nez Perce,45
Idaho,Oneida,61
Idaho,Owyhee,10
Idaho,Payette,6
Idaho,Power,11
Idaho,Shoshone,663
Idaho,Teton,3
Idaho,Twin Falls,28
Idaho,Valley,10
Idaho,Washington,7
Illinois,Adams,161
Illinois,Alexander,47
Illinois,Bond,18
Illinois,Boone,21
Illinois,Bureau,12
Illinois,Carroll,7
Illinois,Champaign,13
Illinois,Christian,37
Illinois,Clark,33
Illinois,Clinton,1
Illinois,Coles,24
Illinois,Cook,409
Illinois,Crawford,10
Illinois,Cumberland,13
Illinois,De Kalb,39
Illinois,Douglas,10
Illinois,Du Page,3
Illinois,Fayette,8
Illinois,Ford,6
Illinois,Franklin,3
Illinois,Fulton,10
Illinois,Gallatin,509
Illinois,Greene,13
Illinois,Grundy,23
Illinois,Hancock,27
Illinois,Hardin,186
Illinois,Henderson,12
Illinois,Henry,14
Illinois,Iroquois,6
Illinois,Jackson,54
Illinois,Jefferson,418
Illinois,Jersey,12
Illinois,Jo Daviess,21
Illinois,Johnson,39
Illinois,Kane,128
Illinois,Kankakee,77
Illinois,Kendall,32
Illinois,Knox,3
Illinois,La Salle,472
Illinois,Lake,66
Illinois,Lawrence,17
Illinois,Lee,170
Illinois,Livingston,45
Illinois,Logan,23
Illinois,Macon,6
Illinois,Macoupin,513
Illinois,Madison,75
Illinois,Marshall,19
Illinois,Mason,6
Illinois,Massac,95
Illinois,McDonough,88
Illinois,McHenry,177
Illinois,McLean,39
Illinois,Menard,15
Illinois,Monroe,13
Illinois,Montgomery,238
Illinois,Ogle,72
Illinois,Peoria,15
Illinois,Perry,72
Illinois,Piatt,3
Illinois,Pike,43
Illinois,Pulaski,57
Illinois,Putnam,12
Illinois,Randolph,213
Illinois,Rock Island,56
Illinois,Saline,735
Illinois,Sangamon,236
Illinois,Schuyler,0
Illinois,Scott,8
Illinois,Shelby,15
Illinois,St Clair,106
Illinois,Stephenson,18
Illinois,Tazewell,35
Illinois,Union,36
Illinois,Vermilion,95
Illinois,Wabash,162
Illinois,Warren,17
Illinois,Washington,19
Illinois,White,223
Illinois,Whiteside,13
Illinois,Will,222
Illinois,Williamson,13
Illinois,Winnebago,60
Illinois,Woodford,27
Indiana,Adams,23
Indiana,Allen,111
Indiana,Bartholomew,26
Indiana,Blackford,13
Indiana,Boone,7
Indiana,Carroll,27
Indiana,Cass,121
Indiana,Clark,306
Indiana,Clay,20
Indiana,Crawford,146
Indiana,Daviess,245
Indiana,De Kalb,24
Indiana,Dearborn,9
Indiana,Decatur,21
Indiana,Delaware,25
Indiana,Dubois,15
Indiana,Elkhart,42
Indiana,Fayette,6
Indiana,Floyd,12
Indiana,Franklin,19
Indiana,Fulton,5
Indiana,Gibson,447
Indiana,Grant,47
Indiana,Greene,155
Indiana,Hamilton,173
Indiana,Hancock,4
Indiana,Harrison,92
Indiana,Hendricks,11
Indiana,Henry,5
Indiana,Howard,25
Indiana,Huntington,29
Indiana,Jackson,7
Indiana,Jasper,14
Indiana,Jay,23
Indiana,Jennings,23
Indiana,Johnson,16
Indiana,Knox,526
Indiana,Kosciusko,21
Indiana,La Grange,4
Indiana,La Porte,7
Indiana,Lake,79
Indiana,Lawrence,246
Indiana,Madison,34
Indiana,Marion,136
Indiana,Marshall,9
Indiana,Martin,79
Indiana,Miami,28
Indiana,Monroe,173
Indiana,Montgomery,10
Indiana,Morgan,83
Indiana,Newton,18
Indiana,Noble,16
Indiana,Ohio,1
Indiana,Orange,36
Indiana,Owen,39
Indiana,Parke,37
Indiana,Pike,252
Indiana,Porter,12
Indiana,Posey,5
Indiana,Pulaski,33
Indiana,Putnam,189
Indiana,Randolph,15
Indiana,Ripley,22
Indiana,Rush,7
Indiana,Scott,30
Indiana,Shelby,39
Indiana,Spencer,59
Indiana,St Joseph,25
Indiana,Starke,3
Indiana,Steuben,20
Indiana,Sullivan,114
Indiana,Switzerland,57
Indiana,Tippecanoe,30
Indiana,Vanderburgh,23
Indiana,Vermillion,13
Indiana,Vigo,218
Indiana,Wabash,6
Indiana,Warren,16
Indiana,Warrick,90
Indiana,Washington,9
Indiana,Wayne,31
Indiana,Wells,14
Indiana,White,12
Indiana,Whitley,14
Iowa,Adair,237
Iowa,Appanoose,16
Iowa,Benton,18
Iowa,Black Hawk,51
Iowa,Buena Vista,4
Iowa,Butler,5
Iowa,Carroll,6
Iowa,Cedar,7
Iowa,Cerro Gordo,249
Iowa,Cherokee,5
Iowa,Chickasaw,4
Iowa,Clarke,0
Iowa,Clay,15
Iowa,Clayton,1
Iowa,Clinton,62
Iowa,Dallas,28
Iowa,Decatur,9
Iowa,Delaware,13
Iowa,Des Moines,123
Iowa,Dickinson,19
Iowa,Dubuque,24
Iowa,Emmet,16
Iowa,Fayette,56
Iowa,Floyd,38
Iowa,Greene,11
Iowa,Guthrie,12
Iowa,Hamilton,20
Iowa,Hancock,3
Iowa,Hardin,109
Iowa,Harrison,13
Iowa,Henry,12
Iowa,Humboldt,11
Iowa,Iowa,3
Iowa,Jackson,7
Iowa,Jasper,23
Iowa,Johnson,66
Iowa,Jones,64
Iowa,Keokuk,14
Iowa,Kossuth,8
Iowa,Lee,6
Iowa,Linn,57
Iowa,Louisa,20
Iowa,Lyon,7
Iowa,Madison,4
Iowa,Marion,58
Iowa,Marshall,17
Iowa,Mitchell,44
Iowa,Muscatine,83
Iowa,O Brien,2
Iowa,Osceola,1
Iowa,Palo Alto,5
Iowa,Plymouth,5
Iowa,Pocahontas,34
Iowa,Polk,168
Iowa,Poweshiek,10
Iowa,Sac,20
Iowa,Scott,208
Iowa,Sioux,22
Iowa,Story,68
Iowa,Tama,3
Iowa,Van Buren,33
Iowa,Wapello,19
Iowa,Webster,112
Iowa,Winneshiek,38
Iowa,Woodbury,9
Iowa,Worth,6
Iowa,Wright,6
Kansas,Allen,164
Kansas,Atchison,41
Kansas,Barber,23
Kansas,Barton,11
Kansas,Bourbon,21
Kansas,Butler,21
Kansas,Chase,28
Kansas,Cherokee,1
Kansas,Clay,8
Kansas,Cloud,9
Kansas,Cowley,31
Kansas,Crawford,78
Kansas,Dickinson,55
Kansas,Doniphan,7
Kansas,Douglas,17
Kansas,Edwards,3
Kansas,Ellis,10
Kansas,Ellsworth,54
Kansas,Finney,17
Kansas,Ford,21
Kansas,Franklin,23
Kansas,Geary,4
Kansas,Gray,2
Kansas,Greenwood,9
Kansas,Hamilton,3
Kansas,Harper,3
Kansas,Jefferson,48
Kansas,Jewell,3
Kansas,Johnson,205
Kansas,Kearny,3
Kansas,Kiowa,1
Kansas,Labette,7
Kansas,Lincoln,37
Kansas,Linn,37
Kansas,Lyon,18
Kansas,Marion,23
Kansas,Marshall,37
Kansas,McPherson,25
Kansas,Miami,37
Kansas,Montgomery,108
Kansas,Nemaha,5
Kansas,Neosho,116
Kansas,Norton,2
Kansas,Osage,28
Kansas,Pawnee,2
Kansas,Phillips,2
Kansas,Pottawatomie,6
Kansas,Pratt,8
Kansas,Reno,68
Kansas,Republic,3
Kansas,Rice,42
Kansas,Riley,32
Kansas,Saline,8
Kansas,Sedgwick,46
Kansas,Seward,4
Kansas,Shawnee,54
Kansas,Sherman,2
Kansas,Smith,3
Kansas,Sumner,7
Kansas,Thomas,4
Kansas,Trego,1
Kansas,Wabaunsee,3
Kansas,Washington,4
Kansas,Wilson,110
Kansas,Wyandotte,77
Kentucky,Adair,26
Kentucky,Allen,1
Kentucky,Anderson,16
Kentucky,Barren,4
Kentucky,Bell,587
Kentucky,Boone,36
Kentucky,Bourbon,19
Kentucky,Boyd,148
Kentucky,Boyle,16
Kentucky,Breathitt,173
Kentucky,Breckinridge,29
Kentucky,Bullitt,78
Kentucky,Butler,24
Kentucky,Caldwell,46
Kentucky,Calloway,3
Kentucky,Campbell,4
Kentucky,Carlisle,16
Kentucky,Carroll,27
Kentucky,Carter,73
Kentucky,Casey,24
Kentucky,Christian,35
Kentucky,Clay,24
Kentucky,Clinton,17
Kentucky,Crittenden,16
Kentucky,Daviess,63
Kentucky,Estill,47
Kentucky,Fayette,49
Kentucky,Fleming,20
Kentucky,Floyd,629
Kentucky,Franklin,21
Kentucky,Gallatin,36
Kentucky,Garrard,12
Kentucky,Graves,60
Kentucky,Grayson,33
Kentucky,Green,7
Kentucky,Hancock,16
Kentucky,Hardin,48
Kentucky,Harlan,1576
Kentucky,Hart,24
Kentucky,Henderson,71
Kentucky,Henry,25
Kentucky,Hopkins,670
Kentucky,Jackson,40
Kentucky,Jefferson,236
Kentucky,Jessamine,27
Kentucky,Johnson,78
Kentucky,Knott,1454
Kentucky,Knox,137
Kentucky,Laurel,30
Kentucky,Lawrence,56
Kentucky,Lee,11
Kentucky,Leslie,706
Kentucky,Letcher,1472
Kentucky,Lewis,1
Kentucky,Livingston,413
Kentucky,Logan,13
Kentucky,Madison,42
Kentucky,Magoffin,0
Kentucky,Marion,9
Kentucky,Martin,982
Kentucky,Mason,221
Kentucky,McCracken,9
Kentucky,McCreary,0
Kentucky,McLean,6
Kentucky,Meade,102
Kentucky,Menifee,14
Kentucky,Mercer,12
Kentucky,Metcalfe,0
Kentucky,Monroe,3
Kentucky,Montgomery,13
Kentucky,Morgan,30
Kentucky,Muhlenberg,320
Kentucky,Nelson,24
Kentucky,Ohio,54
Kentucky,Oldham,44
Kentucky,Owsley,3
Kentucky,Pendleton,224
Kentucky,Perry,1221
Kentucky,Pike,3915
Kentucky,Powell,34
Kentucky,Pulaski,136
Kentucky,Rockcastle,13
Kentucky,Scott,56
Kentucky,Simpson,11
Kentucky,Taylor,3
Kentucky,Todd,10
Kentucky,Trigg,13
Kentucky,Trimble,5
Kentucky,Union,630
Kentucky,Warren,37
Kentucky,Washington,9
Kentucky,Wayne,24
Kentucky,Webster,764
Kentucky,Whitley,78
Kentucky,Wolfe,0
Louisiana,Allen,8
Louisiana,Ascension,233
Louisiana,Assumption,16
Louisiana,Beauregard,10
Louisiana,Bienville,5
Louisiana,Caddo,1
Louisiana,Calcasieu,44
Louisiana,Cameron,0
Louisiana,Catahoula,10
Louisiana,De Soto,128
Louisiana,East Baton Rouge,67
Louisiana,East Feliciana,18
Louisiana,Evangeline,4
Louisiana,Grant,2
Louisiana,Iberia,332
Louisiana,Jefferson,46
Louisiana,Jefferson Davis,43
Louisiana,La Salle,18
Louisiana,Lafayette,12
Louisiana,Livingston,46
Louisiana,Orleans,273
Louisiana,Ouachita,19
Louisiana,Plaquemines,1
Louisiana,Pointe Coupee,65
Louisiana,Rapides,38
Louisiana,Red River,33
Louisiana,St Bernard,8
Louisiana,St Charles,5
Louisiana,St Helena,70
Louisiana,St James,201
Louisiana,St John the Baptist,1
Louisiana,St Martin,5
Louisiana,St Mary,10
Louisiana,St Tammany,48
Louisiana,Tangipahoa,36
Louisiana,Terrebonne,17
Louisiana,Vermilion,4
Louisiana,Vernon,8
Louisiana,Washington,104
Louisiana,Webster,22
Louisiana,West Baton Rouge,2
Louisiana,West Feliciana,5
Louisiana,Winn,7
Maine,Androscoggin,43
Maine,Aroostook,64
Maine,Cumberland,57
Maine,Franklin,6
Maine,Hancock,37
Maine,Kennebec,40
Maine,Knox,110
Maine,Lincoln,17
Maine,Oxford,9
Maine,Penobscot,47
Maine,Piscataquis,22
Maine,Sagadahoc,23
Maine,Somerset,33
Maine,Waldo,34
Maine,Washington,14
Maine,York,88
Maryland,Allegany,153
Maryland,Anne Arundel,36
Maryland,Baltimore,198
Maryland,Caroline,26
Maryland,Carroll,195
Maryland,Cecil,122
Maryland,Charles,81
Maryland,Dorchester,6
Maryland,Frederick,229
Maryland,Garrett,375
Maryland,Harford,101
Maryland,Kent,5
Maryland,Montgomery,85
Maryland,Prince Georges,88
Maryland,Queen Annes,16
Maryland,St Marys,30
Maryland,Talbot,4
Maryland,Washington,159
Maryland,Wicomico,4
Massachusetts,Barnstable,44
Massachusetts,Berkshire,256
Massachusetts,Bristol,84
Massachusetts,Dukes,6
Massachusetts,Essex,60
Massachusetts,Franklin,44
Massachusetts,Hampden,60
Massachusetts,Hampshire,40
Massachusetts,Middlesex,148
Massachusetts,Norfolk,94
Massachusetts,Plymouth,150
Massachusetts,Suffolk,21
Massachusetts,Worcester,150
Michigan,Allegan,68
Michigan,Alpena,276
Michigan,Antrim,9
Michigan,Arenac,2
Michigan,Baraga,7
Michigan,Barry,20
Michigan,Bay,46
Michigan,Benzie,6
Michigan,Berrien,41
Michigan,Branch,18
Michigan,Calhoun,53
Michigan,Cass,46
Michigan,Charlevoix,145
Michigan,Cheboygan,2
Michigan,Chippewa,42
Michigan,Clare,10
Michigan,Clinton,53
Michigan,Delta,29
Michigan,Dickinson,12
Michigan,Eaton,16
Michigan,Emmet,24
Michigan,Genesee,2
Michigan,Gogebic,2
Michigan,Grand Traverse,14
Michigan,Gratiot,8
Michigan,Hillsdale,38
Michigan,Houghton,9
Michigan,Huron,34
Michigan,Ingham,18
Michigan,Ionia,13
Michigan,Iosco,133
Michigan,Iron,15
Michigan,Isabella,14
Michigan,Jackson,33
Michigan,Kalamazoo,41
Michigan,Kent,81
Michigan,Lake,2
Michigan,Lapeer,59
Michigan,Leelanau,24
Michigan,Lenawee,33
Michigan,Livingston,67
Michigan,Luce,4
Michigan,Mackinac,76
Michigan,Macomb,19
Michigan,Manistee,1
Michigan,Marquette,1739
Michigan,Mecosta,10
Michigan,Menominee,4
Michigan,Midland,5
Michigan,Missaukee,9
Michigan,Monroe,303
Michigan,Montcalm,19
Michigan,Montmorency,3
Michigan,Muskegon,37
Michigan,Newaygo,8
Michigan,Oakland,221
Michigan,Oceana,10
Michigan,Ogemaw,18
Michigan,Ontonagon,15
Michigan,Osceola,5
Michigan,Oscoda,2
Michigan,Otsego,6
Michigan,Ottawa,66
Michigan,Presque Isle,247
Michigan,Roscommon,42
Michigan,Saginaw,11
Michigan,Sanilac,24
Michigan,Schoolcraft,84
Michigan,Shiawassee,35
Michigan,St Clair,5
Michigan,St Joseph,15
Michigan,Tuscola,34
Michigan,Van Buren,7
Michigan,Washtenaw,88
Michigan,Wayne,217
Michigan,Wexford,17
Minnesota,Aitkin,1
Minnesota,Anoka,5
Minnesota,Becker,41
Minnesota,Beltrami,19
Minnesota,Benton,21
Minnesota,Big Stone,32
Minnesota,Blue Earth,81
Minnesota,Brown,23
Minnesota,Carlton,28
Minnesota,Carver,14
Minnesota,Cass,9
Minnesota,Chippewa,5
Minnesota,Chisago,10
Minnesota,Clay,55
Minnesota,Clearwater,7
Minnesota,Cook,11
Minnesota,Cottonwood,14
Minnesota,Crow Wing,10
Minnesota,Dakota,106
Minnesota,Dodge,14
Minnesota,Douglas,32
Minnesota,Faribault,8
Minnesota,Fillmore,16
Minnesota,Freeborn,13
Minnesota,Goodhue,32
Minnesota,Hennepin,81
Minnesota,Houston,57
Minnesota,Hubbard,11
Minnesota,Isanti,2
Minnesota,Itasca,23
Minnesota,Jackson,4
Minnesota,Kanabec,12
Minnesota,Kandiyohi,33
Minnesota,Kittson,14
Minnesota,Koochiching,7
Minnesota,Lac qui Parle,3
Minnesota,Lake,342
Minnesota,Le Sueur,72
Minnesota,Lincoln,4
Minnesota,Lyon,3
Minnesota,Marshall,16
Minnesota,Martin,14
Minnesota,McLeod,11
Minnesota,Meeker,9
Minnesota,Mille Lacs,18
Minnesota,Morrison,29
Minnesota,Mower,7
Minnesota,Murray,13
Minnesota,Nicollet,13
Minnesota,Nobles,6
Minnesota,Olmsted,52
Minnesota,Otter Tail,30
Minnesota,Pennington,14
Minnesota,Pine,2
Minnesota,Pipestone,1
Minnesota,Polk,25
Minnesota,Pope,11
Minnesota,Ramsey,2
Minnesota,Red Lake,2
Minnesota,Redwood,19
Minnesota,Renville,14
Minnesota,Rice,11
Minnesota,Rock,18
Minnesota,Roseau,7
Minnesota,Scott,69
Minnesota,Sherburne,43
Minnesota,Sibley,10
Minnesota,St Louis,4876
Minnesota,Stearns,130
Minnesota,Steele,15
Minnesota,Stevens,6
Minnesota,Swift,10
Minnesota,Todd,7
Minnesota,Traverse,2
Minnesota,Wabasha,9
Minnesota,Wadena,7
Minnesota,Waseca,1
Minnesota,Washington,87
Minnesota,Watonwan,1
Minnesota,Wilkin,3
Minnesota,Winona,12
Minnesota,Wright,26
Minnesota,Yellow Medicine,24
Mississippi,Adams,8
Mississippi,Benton,3
Mississippi,Bolivar,1
Mississippi,Carroll,40
Mississippi,Choctaw,78
Mississippi,Claiborne,12
Mississippi,Clay,4
Mississippi,Coahoma,12
Mississippi,Copiah,104
Mississippi,Covington,8
Mississippi,De Soto,37
Mississippi,Forrest,25
Mississippi,George,11
Mississippi,Greene,0
Mississippi,Grenada,10
Mississippi,Hancock,10
Mississippi,Harrison,11
Mississippi,Hinds,116
Mississippi,Holmes,18
Mississippi,Itawamba,16
Mississippi,Jackson,1
Mississippi,Jasper,16
Mississippi,Jefferson Davis,4
Mississippi,Lafayette,7
Mississippi,Lamar,3
Mississippi,Lauderdale,3
Mississippi,Lawrence,2
Mississippi,Leake,2
Mississippi,Lincoln,23
Mississippi,Lowndes,180
Mississippi,Marion,30
Mississippi,Monroe,90
Mississippi,Noxubee,11
Mississippi,Panola,59
Mississippi,Pearl River,56
Mississippi,Perry,21
Mississippi,Pike,2
Mississippi,Quitman,0
Mississippi,Rankin,2
Mississippi,Simpson,0
Mississippi,Smith,5
Mississippi,Stone,9
Mississippi,Tallahatchie,9
Mississippi,Tate,9
Mississippi,Tippah,228
Mississippi,Tishomingo,6
Mississippi,Walthall,12
Mississippi,Warren,14
Mississippi,Washington,2
Mississippi,Wayne,4
Mississippi,Winston,9
Mississippi,Yalobusha,7
Mississippi,Yazoo,10
Missouri,Adair,5
Missouri,Andrew,21
Missouri,Audrain,3
Missouri,Barry,25
Missouri,Barton,7
Missouri,Bates,71
Missouri,Benton,31
Missouri,Bollinger,17
Missouri,Boone,87
Missouri,Buchanan,28
Missouri,Butler,17
Missouri,Caldwell,15
Missouri,Callaway,96
Missouri,Camden,8
Missouri,Cape Girardeau,215
Missouri,Carter,2
Missouri,Cass,92
Missouri,Cedar,4
Missouri,Christian,56
Missouri,Clark,12
Missouri,Clay,74
Missouri,Cole,28
Missouri,Cooper,20
Missouri,Crawford,22
Missouri,Dade,6
Missouri,Dallas,1
Missouri,Daviess,29
Missouri,De Kalb,20
Missouri,Dent,24
Missouri,Douglas,17
Missouri,Franklin,40
Missouri,Gasconade,14
Missouri,Gentry,1
Missouri,Greene,145
Missouri,Grundy,11
Missouri,Harrison,4
Missouri,Henry,20
Missouri,Hickory,3
Missouri,Holt,13
Missouri,Howard,10
Missouri,Howell,32
Missouri,Iron,418
Missouri,Jackson,205
Missouri,Jasper,82
Missouri,Jefferson,288
Missouri,Johnson,20
Missouri,Knox,25
Missouri,Laclede,18
Missouri,Lafayette,9
Missouri,Lawrence,28
Missouri,Lincoln,66
Missouri,Livingston,17
Missouri,Macon,3
Missouri,Marion,6
Missouri,McDonald,40
Missouri,Mercer,11
Missouri,Miller,19
Missouri,Monroe,5
Missouri,Montgomery,53
Missouri,Morgan,26
Missouri,New Madrid,0
Missouri,Newton,21
Missouri,Nodaway,45
Missouri,Oregon,13
Missouri,Osage,11
Missouri,Ozark,1
Missouri,Pemiscot,1
Missouri,Perry,25
Missouri,Pettis,29
Missouri,Phelps,45
Missouri,Pike,194
Missouri,Platte,79
Missouri,Polk,12
Missouri,Pulaski,29
Missouri,Ralls,211
Missouri,Randolph,31
Missouri,Ray,39
Missouri,Reynolds,480
Missouri,Ripley,12
Missouri,Saline,41
Missouri,Scott,65
Missouri,Shannon,3
Missouri,Shelby,22
Missouri,St Charles,56
Missouri,St Francois,87
Missouri,St Louis,311
Missouri,St Louis City,2
Missouri,Ste. Genevieve,1000
Missouri,Stoddard,136
Missouri,Stone,19
Missouri,Sullivan,0
Missouri,Taney,95
Missouri,Texas,27
Missouri,Vernon,10
Missouri,Warren,22
Missouri,Washington,115
Missouri,Wayne,55
Missouri,Webster,8
Missouri,Worth,10
Missouri,Wright,13
Montana,Beaverhead,93
Montana,Big Horn,427
Montana,Blaine,6
Montana,Broadwater,30
Montana,Carbon,15
Montana,Carter,0
Montana,Cascade,43
Montana,Chouteau,5
Montana,Custer,4
Montana,Dawson,12
Montana,Deer Lodge,3
Montana,Fallon,4
Montana,Fergus,43
Montana,Flathead,66
Montana,Gallatin,185
Montana,Glacier,2
Montana,Granite,5
Montana,Hill,10
Montana,Jefferson,405
Montana,Judith Basin,8
Montana,Lake,19
Montana,Lewis and Clark,26
Montana,Lincoln,18
Montana,Madison,93
Montana,Meagher,2
Montana,Mineral,3
Montana,Missoula,117
Montana,Park,40
Montana,Phillips,4
Montana,Pondera,4
Montana,Powell,3
Montana,Ravalli,26
Montana,Richland,11
Montana,Roosevelt,2
Montana,Rosebud,351
Montana,Sanders,9
Montana,Sheridan,9
Montana,Silver Bow,339
Montana,Stillwater,777
Montana,Sweet Grass,58
Montana,Teton,1
Montana,Toole,10
Montana,Treasure,2
Montana,Valley,3
Montana,Yellowstone,57
Nebraska,Adams,3
Nebraska,Antelope,10
Nebraska,Boone,7
Nebraska,Boyd,1
Nebraska,Brown,5
Nebraska,Buffalo,27
Nebraska,Butler,5
Nebraska,Cass,301
Nebraska,Cedar,16
Nebraska,Cherry,0
Nebraska,Clay,3
Nebraska,Colfax,8
Nebraska,Cuming,10
Nebraska,Custer,6
Nebraska,Dakota,2
Nebraska,Dawes,34
Nebraska,Dawson,15
Nebraska,Dixon,0
Nebraska,Dodge,6
Nebraska,Douglas,36
Nebraska,Dundy,2
Nebraska,Franklin,8
Nebraska,Furnas,0
Nebraska,Gage,6
Nebraska,Garden,2
Nebraska,Garfield,6
Nebraska,Hall,34
Nebraska,Hamilton,7
Nebraska,Hitchcock,5
Nebraska,Holt,14
Nebraska,Howard,12
Nebraska,Jefferson,14
Nebraska,Kearney,4
Nebraska,Keith,12
Nebraska,Knox,7
Nebraska,Lancaster,9
Nebraska,Lincoln,20
Nebraska,Loup,0
Nebraska,Madison,13
Nebraska,Merrick,8
Nebraska,Morrill,12
Nebraska,Nuckolls,2
Nebraska,Pawnee,11
Nebraska,Perkins,11
Nebraska,Phelps,2
Nebraska,Pierce,5
Nebraska,Platte,39
Nebraska,Polk,3
Nebraska,Red Willow,12
Nebraska,Sarpy,27
Nebraska,Saunders,35
Nebraska,Scotts Bluff,14
Nebraska,Seward,1
Nebraska,Sheridan,2
Nebraska,Stanton,13
Nebraska,Thayer,16
Nebraska,Thomas,8
Nebraska,Valley,4
Nebraska,Washington,36
Nebraska,Webster,4
Nebraska,York,5
Nevada,Carson City,6
Nevada,Churchill,72
Nevada,Clark,971
Nevada,Douglas,18
Nevada,Elko,665
Nevada,Esmeralda,51
Nevada,Eureka,2836
Nevada,Humboldt,1291
Nevada,Lander,700
Nevada,Lincoln,27
Nevada,Lyon,188
Nevada,Mineral,155
Nevada,Nye,892
Nevada,Pershing,612
Nevada,Storey,142
Nevada,Washoe,128
Nevada,White Pine,156
New Hampshire,Belknap,32
New Hampshire,Carroll,54
New Hampshire,Cheshire,23
New Hampshire,Coos,16
New Hampshire,Grafton,48
New Hampshire,Hillsborough,64
New Hampshire,Merrimack,146
New Hampshire,Rockingham,58
New Hampshire,Strafford,37
New Hampshire,Sullivan,22
New Jersey,Atlantic,8
New Jersey,Burlington,28
New Jersey,Camden,42
New Jersey,Cape May,40
New Jersey,Cumberland,182
New Jersey,Gloucester,28
New Jersey,Hunterdon,81
New Jersey,Mercer,60
New Jersey,Middlesex,60
New Jersey,Monmouth,2
New Jersey,Morris,213
New Jersey,Ocean,80
New Jersey,Passaic,132
New Jersey,Salem,0
New Jersey,Somerset,223
New Jersey,Sussex,146
New Jersey,Warren,71
New Mexico,Bernalillo,272
New Mexico,Catron,2
New Mexico,Chaves,51
New Mexico,Cibola,13
New Mexico,Colfax,135
New Mexico,Curry,9
New Mexico,De Baca,19
New Mexico,Dona Ana,126
New Mexico,Eddy,742
New Mexico,Grant,1107
New Mexico,Guadalupe,17
New Mexico,Hidalgo,3
New Mexico,Lea,322
New Mexico,Lincoln,58
New Mexico,Luna,15
New Mexico,McKinley,727
New Mexico,Mora,4
New Mexico,Otero,74
New Mexico,Quay,8
New Mexico,Rio Arriba,78
New Mexico,Roosevelt,7
New Mexico,San Juan,835
New Mexico,San Miguel,11
New Mexico,Sandoval,121
New Mexico,Santa Fe,50
New Mexico,Sierra,31
New Mexico,Socorro,55
New Mexico,Taos,275
New Mexico,Torrance,22
New Mexico,Union,44
New Mexico,Valencia,15
New York,Albany,283
New York,Allegany,29
New York,Broome,53
New York,Cattaraugus,97
New York,Cayuga,17
New York,Chautauqua,19
New York,Chemung,55
New York,Chenango,28
New York,Clinton,51
New York,Columbia,42
New York,Cortland,21
New York,Delaware,109
New York,Dutchess,259
New York,Erie,128
New York,Essex,120
New York,Franklin,23
New York,Fulton,23
New York,Genesee,73
New York,Greene,151
New York,Hamilton,35
New York,Herkimer,62
New York,Jefferson,61
New York,Kings,5
New York,Lewis,29
New York,Livingston,75
New York,Madison,44
New York,Monroe,52
New York,Montgomery,52
New York,Nassau,0
New York,Niagara,46
New York,Oneida,50
New York,Onondaga,99
New York,Ontario,94
New York,Orange,70
New York,Orleans,34
New York,Oswego,45
New York,Otsego,30
New York,Putnam,13
New York,Rensselaer,73
New York,Rockland,170
New York,Saratoga,72
New York,Schenectady,16
New York,Schoharie,48
New York,Schuyler,10
New York,Seneca,19
New York,St Lawrence,330
New York,Steuben,72
New York,Suffolk,103
New York,Sullivan,50
New York,Tioga,54
New York,Tompkins,214
New York,Ulster,71
New York,Warren,164
New York,Washington,147
New York,Wayne,43
New York,Westchester,4
New York,Wyoming,8
New York,Yates,12
North Carolina,Alamance,55
North Carolina,Alexander,4
North Carolina,Anson,106
North Carolina,Ashe,16
North Carolina,Avery,55
North Carolina,Beaufort,428
North Carolina,Bertie,4
North Carolina,Brunswick,27
North Carolina,Buncombe,123
North Carolina,Burke,26
North Carolina,Cabarrus,58
North Carolina,Caldwell,16
North Carolina,Camden,2
North Carolina,Caswell,28
North Carolina,Catawba,28
North Carolina,Chatham,65
North Carolina,Cherokee,29
North Carolina,Clay,35
North Carolina,Cleveland,117
North Carolina,Craven,46
North Carolina,Cumberland,26
North Carolina,Currituck,0
North Carolina,Davidson,39
North Carolina,Davie,17
North Carolina,Duplin,7
North Carolina,Durham,28
North Carolina,Edgecombe,45
North Carolina,Forsyth,127
North Carolina,Franklin,17
North Carolina,Gaston,20
North Carolina,Graham,7
North Carolina,Granville,32
North Carolina,Guilford,92
North Carolina,Halifax,5
North Carolina,Harnett,93
North Carolina,Haywood,27
North Carolina,Henderson,31
North Carolina,Hertford,9
North Carolina,Hoke,2
North Carolina,Iredell,19
North Carolina,Jackson,27
North Carolina,Johnston,44
North Carolina,Lee,78
North Carolina,Lenoir,18
North Carolina,Lincoln,38
North Carolina,Macon,27
North Carolina,Madison,14
North Carolina,Martin,1
North Carolina,McDowell,91
North Carolina,Mecklenburg,119
North Carolina,Mitchell,256
North Carolina,Montgomery,29
North Carolina,Moore,45
North Carolina,Nash,23
North Carolina,New Hanover,30
North Carolina,Northampton,14
North Carolina,Onslow,30
North Carolina,Orange,38
North Carolina,Pasquotank,0
North Carolina,Pender,28
North Carolina,Pitt,45
North Carolina,Polk,3
North Carolina,Randolph,26
North Carolina,Richmond,115
North Carolina,Robeson,7
North Carolina,Rockingham,50
North Carolina,Rowan,236
North Carolina,Rutherford,27
North Carolina,Sampson,12
North Carolina,Scotland,2
North Carolina,Stanly,28
North Carolina,Stokes,14
North Carolina,Surry,149
North Carolina,Swain,18
North Carolina,Transylvania,27
North Carolina,Union,30
North Carolina,Vance,22
North Carolina,Wake,189
North Carolina,Watauga,18
North Carolina,Wayne,15
North Carolina,Wilkes,25
North Carolina,Wilson,48
North Carolina,Yadkin,5
North Carolina,Yancey,33
North Dakota,Barnes,13
North Dakota,Bottineau,10
North Dakota,Bowman,11
North Dakota,Burke,3
North Dakota,Burleigh,37
North Dakota,Cass,0
North Dakota,Cavalier,13
North Dakota,Dickey,2
North Dakota,Dunn,2
North Dakota,Eddy,11
North Dakota,Foster,2
North Dakota,Grand Forks,32
North Dakota,Grant,6
North Dakota,Hettinger,0
North Dakota,La Moure,7
North Dakota,McHenry,5
North Dakota,McLean,243
North Dakota,Mercer,518
North Dakota,Morton,37
North Dakota,Mountrail,0
North Dakota,Nelson,0
North Dakota,Oliver,135
North Dakota,Pembina,2
North Dakota,Ransom,8
North Dakota,Renville,2
North Dakota,Richland,21
North Dakota,Sargent,7
North Dakota,Sheridan,0
North Dakota,Stark,71
North Dakota,Steele,2
North Dakota,Traill,3
North Dakota,Walsh,16
North Dakota,Ward,63
North Dakota,Wells,17
North Dakota,Williams,15
Ohio,Adams,54
Ohio,Allen,36
Ohio,Ashland,20
Ohio,Ashtabula,15
Ohio,Athens,99
Ohio,Auglaize,21
Ohio,Belmont,549
Ohio,Brown,28
Ohio,Butler,125
Ohio,Carroll,12
Ohio,Champaign,20
Ohio,Clark,39
Ohio,Clermont,12
Ohio,Clinton,36
Ohio,Columbiana,120
Ohio,Coshocton,74
Ohio,Crawford,33
Ohio,Cuyahoga,238
Ohio,Darke,14
Ohio,Delaware,92
Ohio,Erie,191
Ohio,Fairfield,12
Ohio,Fayette,13
Ohio,Franklin,241
Ohio,Gallia,23
Ohio,Geauga,92
Ohio,Greene,144
Ohio,Guernsey,28
Ohio,Hamilton,127
Ohio,Hancock,21
Ohio,Hardin,6
Ohio,Harrison,329
Ohio,Henry,4
Ohio,Highland,68
Ohio,Hocking,12
Ohio,Holmes,90
Ohio,Jackson,175
Ohio,Jefferson,115
Ohio,Knox,49
Ohio,Lake,180
Ohio,Lawrence,1
Ohio,Licking,27
Ohio,Logan,48
Ohio,Lorain,57
Ohio,Lucas,60
Ohio,Madison,4
Ohio,Mahoning,46
Ohio,Marion,45
Ohio,Medina,37
Ohio,Meigs,772
Ohio,Mercer,18
Ohio,Miami,53
Ohio,Monroe,15
Ohio,Montgomery,62
Ohio,Morgan,143
Ohio,Morrow,6
Ohio,Muskingum,136
Ohio,Noble,46
Ohio,Ottawa,177
Ohio,Paulding,105
Ohio,Perry,150
Ohio,Pickaway,26
Ohio,Pike,45
Ohio,Portage,143
Ohio,Preble,34
Ohio,Putnam,8
Ohio,Richland,30
Ohio,Ross,28
Ohio,Sandusky,250
Ohio,Scioto,58
Ohio,Seneca,132
Ohio,Shelby,32
Ohio,Stark,184
Ohio,Summit,2
Ohio,Trumbull,10
Ohio,Tuscarawas,200
Ohio,Union,35
Ohio,Van Wert,20
Ohio,Vinton,147
Ohio,Warren,34
Ohio,Washington,17
Ohio,Wayne,44
Ohio,Williams,17
Ohio,Wood,62
Ohio,Wyandot,189
Oklahoma,Adair,2
Oklahoma,Alfalfa,3
Oklahoma,Atoka,89
Oklahoma,Beaver,10
Oklahoma,Beckham,2
Oklahoma,Blaine,77
Oklahoma,Bryan,42
Oklahoma,Caddo,57
Oklahoma,Canadian,15
Oklahoma,Carter,22
Oklahoma,Cherokee,14
Oklahoma,Choctaw,93
Oklahoma,Cimarron,7
Oklahoma,Cleveland,17
Oklahoma,Comanche,101
Oklahoma,Cotton,22
Oklahoma,Craig,41
Oklahoma,Creek,20
Oklahoma,Custer,1
Oklahoma,Delaware,2
Oklahoma,Dewey,4
Oklahoma,Ellis,0
Oklahoma,Garfield,0
Oklahoma,Grady,2
Oklahoma,Grant,4
Oklahoma,Greer,10
Oklahoma,Harper,5
Oklahoma,Haskell,87
Oklahoma,Hughes,0
Oklahoma,Jackson,26
Oklahoma,Jefferson,17
Oklahoma,Johnston,185
Oklahoma,Kay,17
Oklahoma,Kingfisher,13
Oklahoma,Kiowa,54
Oklahoma,Latimer,34
Oklahoma,Le Flore,163
Oklahoma,Lincoln,0
Oklahoma,Logan,6
Oklahoma,Love,44
Oklahoma,Major,14
Oklahoma,Marshall,13
Oklahoma,Mayes,141
Oklahoma,McClain,8
Oklahoma,McCurtain,26
Oklahoma,McIntosh,9
Oklahoma,Murray,164
Oklahoma,Muskogee,41
Oklahoma,Nowata,6
Oklahoma,Oklahoma,61
Oklahoma,Okmulgee,2
Oklahoma,Osage,13
Oklahoma,Ottawa,33
Oklahoma,Pawnee,37
Oklahoma,Payne,29
Oklahoma,Pittsburg,42
Oklahoma,Pontotoc,131
Oklahoma,Pottawatomie,5
Oklahoma,Pushmataha,4
Oklahoma,Roger Mills,10
Oklahoma,Rogers,83
Oklahoma,Seminole,17
Oklahoma,Sequoyah,84
Oklahoma,Texas,14
Oklahoma,Tillman,5
Oklahoma,Tulsa,233
Oklahoma,Wagoner,32
Oklahoma,Washington,17
Oklahoma,Washita,15
Oklahoma,Woodward,16
Oregon,Baker,111
Oregon,Benton,42
Oregon,Clackamas,99
Oregon,Clatsop,13
Oregon,Columbia,68
Oregon,Coos,57
Oregon,Crook,19
Oregon,Curry,17
Oregon,Deschutes,104
Oregon,Douglas,85
Oregon,Gilliam,3
Oregon,Grant,0
Oregon,Harney,15
Oregon,Hood River,4
Oregon,Jackson,134
Oregon,Jefferson,8
Oregon,Josephine,39
Oregon,Klamath,37
Oregon,Lake,42
Oregon,Lane,173
Oregon,Lincoln,45
Oregon,Linn,41
Oregon,Malheur,64
Oregon,Marion,111
Oregon,Morrow,25
Oregon,Multnomah,114
Oregon,Polk,41
Oregon,Sherman,2
Oregon,Tillamook,34
Oregon,Umatilla,60
Oregon,Union,24
Oregon,Wallowa,2
Oregon,Wasco,16
Oregon,Washington,135
Oregon,Yamhill,74
Pennsylvania,Adams,194
Pennsylvania,Allegheny,159
Pennsylvania,Armstrong,645
Pennsylvania,Beaver,73
Pennsylvania,Bedford,39
Pennsylvania,Berks,356
Pennsylvania,Blair,86
Pennsylvania,Bradford,98
Pennsylvania,Bucks,223
Pennsylvania,Butler,254
Pennsylvania,Cambria,259
Pennsylvania,Carbon,24
Pennsylvania,Centre,328
Pennsylvania,Chester,153
Pennsylvania,Clarion,84
Pennsylvania,Clearfield,550
Pennsylvania,Clinton,9
Pennsylvania,Columbia,109
Pennsylvania,Crawford,38
Pennsylvania,Cumberland,101
Pennsylvania,Dauphin,84
Pennsylvania,Delaware,46
Pennsylvania,Elk,49
Pennsylvania,Erie,64
Pennsylvania,Fayette,233
Pennsylvania,Franklin,65
Pennsylvania,Fulton,14
Pennsylvania,Greene,2370
Pennsylvania,Huntingdon,79
Pennsylvania,Indiana,450
Pennsylvania,Jefferson,167
Pennsylvania,Juniata,9
Pennsylvania,Lackawanna,97
Pennsylvania,Lancaster,270
Pennsylvania,Lawrence,411
Pennsylvania,Lebanon,150
Pennsylvania,Lehigh,161
Pennsylvania,Luzerne,398
Pennsylvania,Lycoming,118
Pennsylvania,McKean,4
Pennsylvania,Mercer,39
Pennsylvania,Mifflin,20
Pennsylvania,Monroe,67
Pennsylvania,Montgomery,146
Pennsylvania,Montour,15
Pennsylvania,Northampton,618
Pennsylvania,Northumberland,207
Pennsylvania,Perry,8
Pennsylvania,Pike,19
Pennsylvania,Potter,3
Pennsylvania,Schuylkill,888
Pennsylvania,Snyder,33
Pennsylvania,Somerset,759
Pennsylvania,Sullivan,14
Pennsylvania,Susquehanna,197
Pennsylvania,Tioga,26
Pennsylvania,Union,41
Pennsylvania,Venango,64
Pennsylvania,Warren,41
Pennsylvania,Washington,1199
Pennsylvania,Wayne,40
Pennsylvania,Westmoreland,269
Pennsylvania,Wyoming,60
Pennsylvania,York,364
Puerto Rico,72002,36
Puerto Rico,72004,400
Puerto Rico,72006,160
Puerto Rico,72008,47
Puerto Rico,72010,390
Puerto Rico,72012,65
Puerto Rico,Adjuntas,169
Puerto Rico,Aguada,47
Puerto Rico,Aguadilla,244
Puerto Rico,Aguas Buenas,109
Puerto Rico,Aibonito,217
Puerto Rico,Anasco,21
Rhode Island,Kent,39
Rhode Island,Newport,14
Rhode Island,Providence,62
Rhode Island,Washington,69
South Carolina,Abbeville,2
South Carolina,Aiken,160
South Carolina,Anderson,44
South Carolina,Bamberg,0
South Carolina,Berkeley,61
South Carolina,Charleston,12
South Carolina,Cherokee,59
South Carolina,Chesterfield,84
South Carolina,Colleton,4
South Carolina,Darlington,6
South Carolina,Dorchester,335
South Carolina,Edgefield,2
South Carolina,Fairfield,110
South Carolina,Florence,11
South Carolina,Greenville,51
South Carolina,Greenwood,32
South Carolina,Hampton,0
South Carolina,Horry,54
South Carolina,Jasper,11
South Carolina,Kershaw,36
South Carolina,Lancaster,27
South Carolina,Laurens,88
South Carolina,Lexington,116
South Carolina,Marion,15
South Carolina,Marlboro,49
South Carolina,McCormick,0
South Carolina,Oconee,14
South Carolina,Orangeburg,179
South Carolina,Pickens,45
South Carolina,Richland,148
South Carolina,Spartanburg,99
South Carolina,Sumter,24
South Carolina,Union,7
South Carolina,York,39
South Dakota,Bon Homme,5
South Dakota,Brookings,19
South Dakota,Brown,9
South Dakota,Brule,8
South Dakota,Butte,63
South Dakota,Campbell,4
South Dakota,Charles Mix,8
South Dakota,Clark,10
South Dakota,Clay,6
South Dakota,Codington,19
South Dakota,Custer,17
South Dakota,Davison,11
South Dakota,Day,11
South Dakota,Douglas,6
South Dakota,Fall River,3
South Dakota,Grant,109
South Dakota,Haakon,1
South Dakota,Hanson,20
South Dakota,Hughes,22
South Dakota,Hutchinson,0
South Dakota,Jerauld,8
South Dakota,Kingsbury,5
South Dakota,Lake,11
South Dakota,Lawrence,468
South Dakota,Marshall,8
South Dakota,McPherson,31
South Dakota,Meade,2
South Dakota,Mellette,2
South Dakota,Miner,2
South Dakota,Minnehaha,115
South Dakota,Moody,7
South Dakota,Pennington,316
South Dakota,Perkins,2
South Dakota,Potter,0
South Dakota,Roberts,16
South Dakota,Sanborn,1
South Dakota,Spink,10
South Dakota,Sully,5
South Dakota,Tripp,5
South Dakota,Turner,7
South Dakota,Union,17
South Dakota,Yankton,3
Tennessee,Anderson,43
Tennessee,Bedford,26
Tennessee,Benton,79
Tennessee,Bledsoe,5
Tennessee,Blount,100
Tennessee,Bradley,25
Tennessee,Campbell,201
Tennessee,Cannon,8
Tennessee,Carroll,15
Tennessee,Carter,23
Tennessee,Claiborne,207
Tennessee,Clay,7
Tennessee,Cocke,15
Tennessee,Coffee,13
Tennessee,Cumberland,163
Tennessee,Davidson,102
Tennessee,De Kalb,9
Tennessee,Decatur,82
Tennessee,Dickson,18
Tennessee,Fayette,2
Tennessee,Fentress,31
Tennessee,Franklin,57
Tennessee,Gibson,6
Tennessee,Giles,8
Tennessee,Grainger,53
Tennessee,Greene,29
Tennessee,Grundy,16
Tennessee,Hamblen,13
Tennessee,Hamilton,154
Tennessee,Hardeman,69
Tennessee,Hardin,38
Tennessee,Hawkins,43
Tennessee,Henry,61
Tennessee,Hickman,13
Tennessee,Humphreys,4
Tennessee,Jefferson,343
Tennessee,Johnson,21
Tennessee,Knox,314
Tennessee,Lauderdale,0
Tennessee,Lawrence,11
Tennessee,Lewis,0
Tennessee,Lincoln,9
Tennessee,Loudon,15
Tennessee,Madison,31
Tennessee,Marion,47
Tennessee,Marshall,17
Tennessee,Maury,35
Tennessee,McMinn,18
Tennessee,McNairy,14
Tennessee,Meigs,18
Tennessee,Monroe,31
Tennessee,Montgomery,30
Tennessee,Moore,6
Tennessee,Morgan,31
Tennessee,Obion,14
Tennessee,Overton,19
Tennessee,Perry,18
Tennessee,Polk,17
Tennessee,Putnam,46
Tennessee,Rhea,20
Tennessee,Roane,13
Tennessee,Robertson,48
Tennessee,Rutherford,81
Tennessee,Scott,46
Tennessee,Sequatchie,34
Tennessee,Sevier,34
Tennessee,Shelby,62
Tennessee,Smith,257
Tennessee,Sullivan,49
Tennessee,Sumner,33
Tennessee,Tipton,15
Tennessee,Unicoi,8
Tennessee,Union,109
Tennessee,Van Buren,3
Tennessee,Warren,13
Tennessee,Washington,16
Tennessee,Wayne,13
Tennessee,Weakley,162
Tennessee,White,21
Tennessee,Williamson,36
Tennessee,Wilson,46
Texas,Anderson,5
Texas,Aransas,9
Texas,Atascosa,141
Texas,Austin,4
Texas,Bailey,5
Texas,Bandera,8
Texas,Bell,126
Texas,Bexar,633
Texas,Blanco,0
Texas,Borden,6
Texas,Bosque,80
Texas,Bowie,2
Texas,Brazoria,15
Texas,Brazos,23
Texas,Brewster,35
Texas,Brown,24
Texas,Burleson,0
Texas,Burnet,211
Texas,Calhoun,678
Texas,Callahan,31
Texas,Cameron,30
Texas,Cass,29
Texas,Chambers,3
Texas,Cherokee,23
Texas,Childress,10
Texas,Coke,22
Texas,Coleman,0
Texas,Collin,3
Texas,Colorado,214
Texas,Comal,547
Texas,Comanche,3
Texas,Cooke,19
Texas,Coryell,21
Texas,Crosby,27
Texas,Culberson,47
Texas,Dallam,0
Texas,Dallas,114
Texas,De Witt,4
Texas,Deaf Smith,12
Texas,Denton,27
Texas,Dimmit,7
Texas,Duval,58
Texas,Eastland,8
Texas,Ector,98
Texas,El Paso,202
Texas,Ellis,504
Texas,Erath,22
Texas,Falls,3
Texas,Fannin,34
Texas,Fayette,145
Texas,Floyd,17
Texas,Fort Bend,96
Texas,Freestone,255
Texas,Galveston,45
Texas,Garza,4
Texas,Gillespie,81
Texas,Glasscock,18
Texas,Goliad,0
Texas,Gonzales,91
Texas,Gray,5
Texas,Grayson,30
Texas,Gregg,4
Texas,Grimes,0
Texas,Guadalupe,15
Texas,Hale,0
Texas,Hall,22
Texas,Hamilton,4
Texas,Hansford,21
Texas,Hardeman,18
Texas,Hardin,8
Texas,Harris,219
Texas,Harrison,177
Texas,Haskell,5
Texas,Hays,172
Texas,Henderson,49
Texas,Hidalgo,217
Texas,Hill,40
Texas,Hood,49
Texas,Hopkins,95
Texas,Houston,9
Texas,Howard,32
Texas,Hudspeth,91
Texas,Hunt,9
Texas,Hutchinson,86
Texas,Jack,18
Texas,Jeff Davis,0
Texas,Jefferson,0
Texas,Jim Wells,11
Texas,Johnson,131
Texas,Jones,69
Texas,Kaufman,114
Texas,Kendall,26
Texas,Kerr,39
Texas,Kimble,10
Texas,Kinney,3
Texas,Kleberg,8
Texas,Lamar,0
Texas,Lampasas,30
Texas,Leon,348
Texas,Liberty,68
Texas,Limestone,158
Texas,Live Oak,0
Texas,Llano,10
Texas,Lubbock,39
Texas,Madison,0
Texas,Maverick,26
Texas,McCulloch,75
Texas,McLennan,233
Texas,McMullen,18
Texas,Medina,63
Texas,Midland,12
Texas,Milam,224
Texas,Montague,19
Texas,Montgomery,113
Texas,Moore,15
Texas,Nacogdoches,2
Texas,Navarro,89
Texas,Newton,6
Texas,Nolan,166
Texas,Nueces,93
Texas,Oldham,68
Texas,Orange,14
Texas,Palo Pinto,142
Texas,Panola,413
Texas,Parker,103
Texas,Pecos,29
Texas,Potter,125
Texas,Randall,9
Texas,Robertson,64
Texas,Rusk,210
Texas,Sabine,42
Texas,San Augustine,8
Texas,San Patricio,938
Texas,San Saba,46
Texas,Shackelford,29
Texas,Smith,26
Texas,Somervell,52
Texas,Starr,30
Texas,Stephens,3
Texas,Stonewall,32
Texas,Sutton,12
Texas,Swisher,2
Texas,Tarrant,61
Texas,Taylor,25
Texas,Titus,402
Texas,Tom Green,18
Texas,Travis,260
Texas,Trinity,0
Texas,Tyler,0
Texas,Upshur,9
Texas,Uvalde,75
Texas,Val Verde,8
Texas,Van Zandt,213
Texas,Victoria,106
Texas,Walker,12
Texas,Ward,10
Texas,Washington,10
Texas,Webb,96
Texas,Williamson,660
Texas,Wise,590
Texas,Wood,8
Texas,Young,24
Texas,Zapata,0
Texas,Zavala,8
Utah,Beaver,43
Utah,Box Elder,148
Utah,Cache,17
Utah,Carbon,742
Utah,Davis,28
Utah,Duchesne,20
Utah,Emery,648
Utah,Garfield,21
Utah,Grand,42
Utah,Iron,23
Utah,Juab,147
Utah,Kane,12
Utah,Millard,139
Utah,Morgan,99
Utah,Piute,2
Utah,Rich,2
Utah,Salt Lake,1781
Utah,San Juan,46
Utah,Sanpete,25
Utah,Sevier,443
Utah,Summit,105
Utah,Tooele,68
Utah,Uintah,267
Utah,Utah,237
Utah,Wasatch,29
Utah,Washington,80
Utah,Wayne,7
Utah,Weber,22
Vermont,Addison,45
Vermont,Bennington,35
Vermont,Caledonia,30
Vermont,Chittenden,58
Vermont,Essex,5
Vermont,Franklin,32
Vermont,Grand Isle,12
Vermont,Lamoille,25
Vermont,Orange,17
Vermont,Orleans,14
Vermont,Rutland,590
Vermont,Washington,128
Vermont,Windham,27
Vermont,Windsor,111
Virgin Islands of the U.S.,78001,390
Virginia,Accomack,2
Virginia,Albemarle,32
Virginia,Alleghany,8
Virginia,Amelia,4
Virginia,Appomattox,16
Virginia,Augusta,62
Virginia,Bedford,31
Virginia,Bland,8
Virginia,Botetourt,233
Virginia,Brunswick,45
Virginia,Buchanan,1555
Virginia,Buckingham,238
Virginia,Campbell,47
Virginia,Caroline,10
Virginia,Carroll,8
Virginia,Charles City,19
Virginia,Charlotte,4
Virginia,Chesapeake City,40
Virginia,Chesterfield,53
Virginia,Clarke,14
Virginia,Craig,7
Virginia,Culpeper,39
Virginia,Danville City,3
Virginia,Dickenson,936
Virginia,Dinwiddie,39
Virginia,Essex,20
Virginia,Fairfax,69
Virginia,Fauquier,28
Virginia,Floyd,5
Virginia,Franklin,15
Virginia,Frederick,194
Virginia,Giles,132
Virginia,Gloucester,5
Virginia,Goochland,97
Virginia,Grayson,30
Virginia,Greene,18
Virginia,Greensville,27
Virginia,Halifax,22
Virginia,Hanover,68
Virginia,Henrico,111
Virginia,Henry,38
Virginia,Highland,6
Virginia,Isle of Wight,6
Virginia,King and Queen,46
Virginia,King George,33
Virginia,King William,93
Virginia,Lee,287
Virginia,Loudoun,148
Virginia,Louisa,32
Virginia,Mecklenburg,17
Virginia,Montgomery,80
Virginia,Nelson,12
Virginia,Nottoway,16
Virginia,Orange,1
Virginia,Pittsylvania,31
Virginia,Powhatan,17
Virginia,Prince Edward,7
Virginia,Prince George,32
Virginia,Prince William,51
Virginia,Pulaski,43
Virginia,Roanoke,50
Virginia,Roanoke City,2
Virginia,Rockbridge,18
Virginia,Rockingham,64
Virginia,Russell,241
Virginia,Scott,24
Virginia,Shenandoah,104
Virginia,Smyth,24
Virginia,Southampton,12
Virginia,Spotsylvania,47
Virginia,Stafford,25
Virginia,Sussex,76
Virginia,Tazewell,373
Virginia,Virginia Beach City,5
Virginia,Warren,53
Virginia,Washington,28
Virginia,Westmoreland,2
Virginia,Wise,2372
Virginia,Wythe,74
Washington,Asotin,14
Washington,Benton,19
Washington,Chelan,37
Washington,Clallam,48
Washington,Clark,141
Washington,Columbia,5
Washington,Cowlitz,57
Washington,Douglas,13
Washington,Ferry,107
Washington,Franklin,30
Washington,Garfield,3
Washington,Grant,77
Washington,Grays Harbor,111
Washington,Island,44
Washington,Jefferson,37
Washington,King,431
Washington,Kitsap,33
Washington,Kittitas,32
Washington,Klickitat,37
Washington,Lewis,543
Washington,Lincoln,12
Washington,Mason,29
Washington,Okanogan,43
Washington,Pacific,21
Washington,Pend Oreille,10
Washington,Pierce,244
Washington,San Juan,12
Washington,Skagit,63
Washington,Skamania,16
Washington,Snohomish,283
Washington,Spokane,83
Washington,Stevens,90
Washington,Thurston,88
Washington,Wahkiakum,2
Washington,Walla Walla,5
Washington,Whatcom,100
Washington,Whitman,4
Washington,Yakima,40
West Virginia,Barbour,122
West Virginia,Berkeley,213
West Virginia,Boone,2697
West Virginia,Braxton,0
West Virginia,Brooke,241
West Virginia,Cabell,0
West Virginia,Clay,365
West Virginia,Fayette,441
West Virginia,Gilmer,0
West Virginia,Grant,143
West Virginia,Greenbrier,162
West Virginia,Hampshire,0
West Virginia,Hancock,3
West Virginia,Harrison,672
West Virginia,Jefferson,64
West Virginia,Kanawha,1261
West Virginia,Lewis,0
West Virginia,Lincoln,103
West Virginia,Logan,944
West Virginia,Marion,174
West Virginia,Marshall,776
West Virginia,Mason,9
West Virginia,McDowell,973
West Virginia,Mercer,16
West Virginia,Mineral,29
West Virginia,Mingo,1843
West Virginia,Monongalia,1204
West Virginia,Morgan,92
West Virginia,Nicholas,352
West Virginia,Pendleton,51
West Virginia,Pocahontas,9
West Virginia,Preston,345
West Virginia,Putnam,12
West Virginia,Raleigh,875
West Virginia,Randolph,76
West Virginia,Ritchie,6
West Virginia,Summers,0
West Virginia,Tucker,49
West Virginia,Upshur,354
West Virginia,Wayne,553
West Virginia,Webster,518
West Virginia,Wetzel,10
West Virginia,Wyoming,1120
Wisconsin,Adams,1
Wisconsin,Ashland,5
Wisconsin,Barron,8
Wisconsin,Bayfield,10
Wisconsin,Brown,116
Wisconsin,Buffalo,3
Wisconsin,Burnett,11
Wisconsin,Calumet,101
Wisconsin,Chippewa,22
Wisconsin,Clark,25
Wisconsin,Columbia,36
Wisconsin,Crawford,12
Wisconsin,Dane,93
Wisconsin,Dodge,79
Wisconsin,Door,19
Wisconsin,Douglas,42
Wisconsin,Dunn,7
Wisconsin,Eau Claire,33
Wisconsin,Fond du Lac,327
Wisconsin,Forest,9
Wisconsin,Grant,12
Wisconsin,Green,12
Wisconsin,Green Lake,54
Wisconsin,Iowa,10
Wisconsin,Iron,8
Wisconsin,Jackson,50
Wisconsin,Jefferson,8
Wisconsin,Juneau,13
Wisconsin,Kenosha,6
Wisconsin,Kewaunee,16
Wisconsin,La Crosse,50
Wisconsin,Lafayette,8
Wisconsin,Langlade,36
Wisconsin,Lincoln,15
Wisconsin,Manitowoc,87
Wisconsin,Marathon,223
Wisconsin,Marinette,97
Wisconsin,Milwaukee,37
Wisconsin,Monroe,20
Wisconsin,Oconto,30
Wisconsin,Oneida,12
Wisconsin,Outagamie,60
Wisconsin,Ozaukee,16
Wisconsin,Pierce,24
Wisconsin,Polk,30
Wisconsin,Portage,46
Wisconsin,Price,9
Wisconsin,Racine,66
Wisconsin,Richland,4
Wisconsin,Rock,64
Wisconsin,Rusk,5
Wisconsin,Sauk,56
Wisconsin,Sawyer,7
Wisconsin,Shawano,14
Wisconsin,Sheboygan,15
Wisconsin,St Croix,23
Wisconsin,Taylor,24
Wisconsin,Trempealeau,5
Wisconsin,Vilas,10
Wisconsin,Walworth,48
Wisconsin,Washburn,1
Wisconsin,Washington,51
Wisconsin,Waukesha,187
Wisconsin,Waupaca,35
Wisconsin,Waushara,3
Wisconsin,Winnebago,6
Wisconsin,Wood,5
Wyoming,Albany,120
Wyoming,Big Horn,316
Wyoming,Campbell,2997
Wyoming,Carbon,109
Wyoming,Converse,361
Wyoming,Crook,253
Wyoming,Fremont,36
Wyoming,Goshen,9
Wyoming,Hot Springs,0
Wyoming,Johnson,84
Wyoming,Laramie,78
Wyoming,Lincoln,277
Wyoming,Natrona,94
Wyoming,Niobrara,1
Wyoming,Park,25
Wyoming,Platte,66
Wyoming,Sheridan,19
Wyoming,Sublette,13
Wyoming,Sweetwater,2829
Wyoming,Teton,19
Wyoming,Uinta,19
Wyoming,Washakie,36
Wyoming,Weston,37
