State,County,Number of Employees
Alabama,Autauga,13
Alabama,Baldwin,6
Alabama,Barbour,61
Alabama,Bibb,20
Alabama,Blount,26
Alabama,Calhoun,68
Alabama,Cherokee,6
Alabama,Chilton,21
Alabama,Clarke,17
Alabama,Cleburne,5
Alabama,Coffee,2
Alabama,Colbert,77
Alabama,Conecuh,20
Alabama,Coosa,19
Alabama,Crenshaw,3
Alabama,Cullman,136
Alabama,Dale,8
Alabama,Dallas,69
Alabama,De Kalb,11
Alabama,Elmore,14
Alabama,Escambia,71
Alabama,Etowah,19
Alabama,Fayette,367
Alabama,Franklin,38
Alabama,Geneva,1
Alabama,Greene,7
Alabama,Hale,6
Alabama,Henry,3
Alabama,Houston,2
Alabama,Jackson,12
Alabama,Jefferson,1881
Alabama,Lawrence,25
Alabama,Lee,28
Alabama,Lowndes,37
Alabama,Macon,41
Alabama,Madison,81
Alabama,Marengo,95
Alabama,Marion,107
Alabama,Marshall,31
Alabama,Mobile,167
Alabama,Monroe,10
Alabama,Montgomery,88
Alabama,Morgan,60
Alabama,Pickens,17
Alabama,Russell,36
Alabama,Shelby,628
Alabama,St Clair,202
Alabama,Sumter,73
Alabama,Talladega,402
Alabama,Tuscaloosa,2440
Alabama,Walker,1728
Alabama,Washington,7
Alabama,Winston,86
Alaska,2001,0
Alaska,2002,9
Alaska,2005,229
Alaska,2006,29
Alaska,2007,2
Alaska,2009,23
Alaska,2011,195
Alaska,2012,79
Alaska,2014,205
Alaska,Aleutians East,255
Arizona,Apache,34
Arizona,Cochise,185
Arizona,Coconino,125
Arizona,Gila,1392
Arizona,Graham,37
Arizona,Greenlee,1885
Arizona,La Paz,163
Arizona,Maricopa,586
Arizona,Mohave,175
Arizona,Navajo,966
Arizona,Pima,2086
Arizona,Pinal,3273
Arizona,Santa Cruz,10
Arizona,Yavapai,1153
Arizona,Yuma,62
Arkansas,Ashley,2
Arkansas,Baxter,29
Arkansas,Benton,91
Arkansas,Boone,69
Arkansas,Bradley,12
Arkansas,Calhoun,31
Arkansas,Carroll,8
Arkansas,Clark,23
Arkansas,Clay,4
Arkansas,Cleburne,12
Arkansas,Conway,12
Arkansas,Craighead,22
Arkansas,Crawford,31
Arkansas,Crittenden,37
Arkansas,Cross,3
Arkansas,Desha,24
Arkansas,Faulkner,16
Arkansas,Franklin,13
Arkansas,Fulton,2
Arkansas,Garland,146
Arkansas,Grant,14
Arkansas,Greene,6
Arkansas,Hempstead,4
Arkansas,Hot Spring,52
Arkansas,Howard,114
Arkansas,Independence,127
Arkansas,Izard,47
Arkansas,Jackson,2
Arkansas,Jefferson,5
Arkansas,Johnson,18
Arkansas,Lawrence,44
Arkansas,Lincoln,8
Arkansas,Little River,188
Arkansas,Logan,15
Arkansas,Marion,14
Arkansas,Miller,4
Arkansas,Montgomery,51
Arkansas,Nevada,13
Arkansas,Ouachita,52
Arkansas,Perry,19
Arkansas,Pike,33
Arkansas,Poinsett,19
Arkansas,Polk,31
Arkansas,Pope,27
Arkansas,Pulaski,410
Arkansas,Saline,605
Arkansas,Scott,2
Arkansas,Sebastian,106
Arkansas,Sevier,35
Arkansas,Sharp,3
Arkansas,St Francis,7
Arkansas,Stone,4
Arkansas,Union,10
Arkansas,Van Buren,7
Arkansas,Washington,41
Arkansas,White,27
Arkansas,Yell,0
California,Alameda,278
California,Alpine,25
California,Amador,150
California,Butte,47
California,Calaveras,165
California,Colusa,7
California,Contra Costa,132
California,Del Norte,15
California,El Dorado,49
California,Fresno,126
California,Glenn,35
California,Humboldt,56
California,Imperial,606
California,Inyo,191
California,Kern,1380
California,Lake,358
California,Lassen,94
California,Los Angeles,556
California,Madera,49
California,Marin,41
California,Mariposa,27
California,Mendocino,62
California,Merced,45
California,Modoc,21
California,Mono,28
California,Monterey,177
California,Napa,48
California,Nevada,43
California,Orange,187
California,Placer,100
California,Plumas,9
California,Riverside,763
California,Sacramento,168
California,San Benito,95
California,San Bernardino,1648
California,San Diego,515
California,San Joaquin,337
California,San Luis Obispo,52
California,San Mateo,33
California,Santa Barbara,583
California,Santa Clara,189
California,Santa Cruz,175
California,Shasta,242
California,Sierra,37
California,Siskiyou,14
California,Solano,73
California,Sonoma,178
California,Stanislaus,56
California,Sutter,9
California,Tehama,24
California,Trinity,8
California,Tulare,30
California,Tuolumne,294
California,Ventura,186
California,Yolo,61
California,Yuba,133
Colorado,Adams,111
Colorado,Alamosa,29
Colorado,Arapahoe,16
Colorado,Archuleta,4
Colorado,Baca,2
Colorado,Bent,3
Colorado,Boulder,200
Colorado,Chaffee,34
Colorado,Cheyenne,7
Colorado,Clear Creek,529
Colorado,Conejos,4
Colorado,Costilla,136
Colorado,Custer,0
Colorado,Delta,89
Colorado,Denver,10
Colorado,Dolores,4
Colorado,Douglas,41
Colorado,Eagle,28
Colorado,El Paso,107
Colorado,Elbert,5
Colorado,Fremont,230
Colorado,Garfield,150
Colorado,Gilpin,45
Colorado,Grand,10
Colorado,Gunnison,203
Colorado,Huerfano,7
Colorado,Jackson,18
Colorado,Jefferson,143
Colorado,Kit Carson,16
Colorado,La Plata,74
Colorado,Lake,348
Colorado,Larimer,305
Colorado,Las Animas,215
Colorado,Lincoln,2
Colorado,Logan,9
Colorado,Mesa,95
Colorado,Mineral,1
Colorado,Moffat,577
Colorado,Montezuma,48
Colorado,Montrose,82
Colorado,Morgan,24
Colorado,Otero,10
Colorado,Ouray,25
Colorado,Park,40
Colorado,Phillips,6
Colorado,Pitkin,74
Colorado,Prowers,10
Colorado,Pueblo,44
Colorado,Rio Blanco,248
Colorado,Rio Grande,67
Colorado,Routt,340
Colorado,Saguache,5
Colorado,San Juan,99
Colorado,San Miguel,22
Colorado,Sedgwick,2
Colorado,Summit,25
Colorado,Teller,180
Colorado,Weld,91
Connecticut,Fairfield,43
Connecticut,Hartford,164
Connecticut,Litchfield,183
Connecticut,Middlesex,46
Connecticut,New Haven,206
Connecticut,New London,60
Connecticut,Tolland,46
Connecticut,Windham,45
Delaware,Kent,40
Delaware,New Castle,53
Delaware,Sussex,21
Florida,Alachua,36
Florida,Bay,32
Florida,Brevard,16
Florida,Broward,135
Florida,Calhoun,5
Florida,Charlotte,62
Florida,Citrus,91
Florida,Clay,315
Florida,Collier,65
Florida,Columbia,13
Florida,Dade,886
Florida,De Soto,25
Florida,Dixie,5
Florida,Escambia,35
Florida,Gadsden,219
Florida,Glades,38
Florida,Hamilton,527
Florida,Hardee,53
Florida,Hendry,3
Florida,Hernando,615
Florida,Hillsborough,752
Florida,Indian River,13
Florida,Jackson,44
Florida,Lake,85
Florida,Lee,120
Florida,Leon,7
Florida,Levy,39
Florida,Manatee,118
Florida,Marion,248
Florida,Martin,1
Florida,Monroe,23
Florida,Okaloosa,5
Florida,Okeechobee,4
Florida,Orange,17
Florida,Palm Beach,26
Florida,Pasco,42
Florida,Polk,2320
Florida,Putnam,61
Florida,Santa Rosa,24
Florida,Sarasota,56
Florida,St Lucie,38
Florida,Sumter,81
Florida,Suwannee,28
Florida,Taylor,68
Florida,Volusia,2
Florida,Walton,14
Florida,Washington,18
Georgia,Baldwin,4
Georgia,Banks,10
Georgia,Barrow,20
Georgia,Bartow,107
Georgia,Berrien,3
Georgia,Bibb,20
Georgia,Brantley,8
Georgia,Carroll,22
Georgia,Catoosa,13
Georgia,Cherokee,24
Georgia,Clarke,20
Georgia,Clayton,24
Georgia,Cobb,55
Georgia,Columbia,29
Georgia,Cook,3
Georgia,Coweta,14
Georgia,Crawford,26
Georgia,De Kalb,104
Georgia,Decatur,454
Georgia,Dougherty,2
Georgia,Douglas,58
Georgia,Echols,6
Georgia,Effingham,13
Georgia,Elbert,105
Georgia,Evans,2
Georgia,Fayette,49
Georgia,Floyd,67
Georgia,Forsyth,65
Georgia,Fulton,185
Georgia,Gilmer,67
Georgia,Glascock,97
Georgia,Greene,12
Georgia,Gwinnett,102
Georgia,Habersham,14
Georgia,Hall,56
Georgia,Hancock,16
Georgia,Harris,13
Georgia,Hart,104
Georgia,Heard,5
Georgia,Henry,40
Georgia,Houston,121
Georgia,Jackson,6
Georgia,Jasper,35
Georgia,Jefferson,229
Georgia,Jones,96
Georgia,Lee,14
Georgia,Long,3
Georgia,Lumpkin,8
Georgia,Macon,33
Georgia,Madison,28
Georgia,Marion,43
Georgia,McIntosh,5
Georgia,Monroe,73
Georgia,Montgomery,6
Georgia,Murray,33
Georgia,Muscogee,51
Georgia,Newton,29
Georgia,Oglethorpe,214
Georgia,Pickens,208
Georgia,Pike,6
Georgia,Polk,20
Georgia,Rabun,14
Georgia,Richmond,143
Georgia,Rockdale,10
Georgia,Spalding,18
Georgia,Stephens,11
Georgia,Sumter,133
Georgia,Talbot,35
Georgia,Taylor,14
Georgia,Thomas,328
Georgia,Towns,7
Georgia,Troup,14
Georgia,Twiggs,787
Georgia,Union,29
Georgia,Walker,33
Georgia,Warren,119
Georgia,Washington,1133
Georgia,Whitfield,78
Georgia,Wilkes,23
Georgia,Wilkinson,1266
Hawaii,Hawaii,87
Hawaii,Honolulu,312
Hawaii,Kauai,42
Hawaii,Maui,68
Idaho,Ada,115
Idaho,Adams,2
Idaho,Bannock,86
Idaho,Bear Lake,9
Idaho,Benewah,55
Idaho,Bingham,85
Idaho,Blaine,22
Idaho,Bonner,8
Idaho,Bonneville,54
Idaho,Boundary,6
Idaho,Butte,53
Idaho,Camas,1
Idaho,Canyon,58
Idaho,Caribou,424
Idaho,Cassia,45
Idaho,Clark,2
Idaho,Clearwater,1
Idaho,Custer,308
Idaho,Elmore,11
Idaho,Franklin,10
Idaho,Fremont,6
Idaho,Gem,17
Idaho,Idaho,58
Idaho,Kootenai,27
Idaho,Latah,21
Idaho,Lemhi,25
Idaho,Lewis,3
Idaho,Lincoln,6
Idaho,Madison,10
Idaho,Minidoka,7
Idaho,Nez Perce,40
Idaho,Oneida,50
Idaho,Owyhee,145
Idaho,Payette,1
Idaho,Power,7
Idaho,Shoshone,782
Idaho,Twin Falls,30
Idaho,Valley,99
Idaho,Washington,5
Illinois,Adams,182
Illinois,Alexander,55
Illinois,Bond,14
Illinois,Boone,30
Illinois,Brown,46
Illinois,Bureau,8
Illinois,Calhoun,4
Illinois,Carroll,7
Illinois,Champaign,25
Illinois,Christian,505
Illinois,Clark,29
Illinois,Clinton,472
Illinois,Coles,29
Illinois,Cook,518
Illinois,Crawford,10
Illinois,Cumberland,12
Illinois,De Kalb,25
Illinois,Douglas,125
Illinois,Du Page,51
Illinois,Fayette,17
Illinois,Ford,7
Illinois,Franklin,781
Illinois,Fulton,84
Illinois,Gallatin,550
Illinois,Greene,17
Illinois,Grundy,24
Illinois,Hancock,28
Illinois,Hardin,259
Illinois,Henderson,11
Illinois,Henry,12
Illinois,Iroquois,8
Illinois,Jackson,82
Illinois,Jefferson,845
Illinois,Jersey,9
Illinois,Jo Daviess,18
Illinois,Johnson,42
Illinois,Kane,119
Illinois,Kankakee,52
Illinois,Kendall,25
Illinois,La Salle,523
Illinois,Lake,53
Illinois,Lawrence,14
Illinois,Lee,175
Illinois,Livingston,84
Illinois,Logan,260
Illinois,Macon,13
Illinois,Macoupin,599
Illinois,Madison,72
Illinois,Marshall,21
Illinois,Mason,8
Illinois,Massac,101
Illinois,McDonough,115
Illinois,McHenry,150
Illinois,McLean,39
Illinois,Menard,12
Illinois,Monroe,41
Illinois,Montgomery,125
Illinois,Ogle,78
Illinois,Peoria,24
Illinois,Perry,1259
Illinois,Piatt,2
Illinois,Pike,45
Illinois,Pulaski,176
Illinois,Putnam,9
Illinois,Randolph,822
Illinois,Rock Island,49
Illinois,Saline,1283
Illinois,Sangamon,18
Illinois,Scott,8
Illinois,Shelby,9
Illinois,St Clair,242
Illinois,Stephenson,18
Illinois,Tazewell,13
Illinois,Union,44
Illinois,Vermilion,50
Illinois,Wabash,698
Illinois,Warren,19
Illinois,Washington,284
Illinois,White,257
Illinois,Whiteside,11
Illinois,Will,224
Illinois,Williamson,339
Illinois,Winnebago,64
Illinois,Woodford,32
Indiana,Adams,28
Indiana,Allen,90
Indiana,Bartholomew,21
Indiana,Blackford,5
Indiana,Boone,10
Indiana,Carroll,31
Indiana,Cass,95
Indiana,Clark,284
Indiana,Clay,283
Indiana,Crawford,112
Indiana,Daviess,591
Indiana,De Kalb,35
Indiana,Dearborn,10
Indiana,Decatur,16
Indiana,Delaware,23
Indiana,Dubois,80
Indiana,Elkhart,34
Indiana,Fayette,3
Indiana,Floyd,5
Indiana,Fountain,1
Indiana,Franklin,20
Indiana,Fulton,6
Indiana,Gibson,22
Indiana,Grant,46
Indiana,Greene,516
Indiana,Hamilton,126
Indiana,Hancock,9
Indiana,Harrison,44
Indiana,Hendricks,10
Indiana,Henry,7
Indiana,Howard,22
Indiana,Huntington,24
Indiana,Jackson,7
Indiana,Jasper,25
Indiana,Jay,24
Indiana,Jennings,24
Indiana,Johnson,13
Indiana,Knox,99
Indiana,Kosciusko,22
Indiana,La Porte,9
Indiana,Lake,127
Indiana,Lawrence,222
Indiana,Madison,20
Indiana,Marion,124
Indiana,Marshall,8
Indiana,Martin,130
Indiana,Miami,28
Indiana,Monroe,161
Indiana,Montgomery,15
Indiana,Morgan,54
Indiana,Newton,17
Indiana,Noble,10
Indiana,Orange,18
Indiana,Owen,13
Indiana,Perry,11
Indiana,Pike,671
Indiana,Porter,4
Indiana,Posey,3
Indiana,Pulaski,22
Indiana,Putnam,170
Indiana,Randolph,13
Indiana,Ripley,18
Indiana,Rush,8
Indiana,Scott,15
Indiana,Shelby,35
Indiana,Spencer,119
Indiana,St Joseph,23
Indiana,Starke,6
Indiana,Steuben,39
Indiana,Sullivan,325
Indiana,Switzerland,45
Indiana,Tippecanoe,33
Indiana,Union,4
Indiana,Vanderburgh,24
Indiana,Vermillion,231
Indiana,Vigo,41
Indiana,Wabash,4
Indiana,Warren,15
Indiana,Warrick,964
Indiana,Washington,13
Indiana,Wayne,31
Indiana,Wells,10
Indiana,White,8
Indiana,Whitley,5
Iowa,Adair,155
Iowa,Allamakee,8
Iowa,Appanoose,26
Iowa,Benton,8
Iowa,Black Hawk,64
Iowa,Buena Vista,15
Iowa,Butler,4
Iowa,Carroll,7
Iowa,Cedar,3
Iowa,Cerro Gordo,256
Iowa,Cherokee,3
Iowa,Chickasaw,4
Iowa,Clay,13
Iowa,Clinton,9
Iowa,Dallas,8
Iowa,Delaware,15
Iowa,Des Moines,116
Iowa,Dickinson,14
Iowa,Dubuque,45
Iowa,Emmet,19
Iowa,Fayette,41
Iowa,Floyd,24
Iowa,Franklin,7
Iowa,Greene,19
Iowa,Grundy,1
Iowa,Guthrie,13
Iowa,Hamilton,21
Iowa,Hancock,8
Iowa,Hardin,126
Iowa,Harrison,26
Iowa,Henry,4
Iowa,Humboldt,1
Iowa,Iowa,3
Iowa,Jackson,3
Iowa,Jasper,20
Iowa,Johnson,54
Iowa,Jones,33
Iowa,Kossuth,9
Iowa,Lee,5
Iowa,Linn,63
Iowa,Louisa,15
Iowa,Lucas,0
Iowa,Lyon,10
Iowa,Madison,1
Iowa,Marion,132
Iowa,Marshall,31
Iowa,Mitchell,45
Iowa,Monona,7
Iowa,Monroe,5
Iowa,Montgomery,23
Iowa,Muscatine,101
Iowa,O Brien,3
Iowa,Osceola,2
Iowa,Palo Alto,4
Iowa,Plymouth,6
Iowa,Pocahontas,24
Iowa,Polk,224
Iowa,Poweshiek,8
Iowa,Sac,14
Iowa,Scott,200
Iowa,Sioux,24
Iowa,Story,41
Iowa,Tama,4
Iowa,Van Buren,41
Iowa,Wapello,22
Iowa,Washington,2
Iowa,Webster,116
Iowa,Winneshiek,28
Iowa,Woodbury,6
Iowa,Worth,12
Iowa,Wright,6
Kansas,Allen,134
Kansas,Atchison,23
Kansas,Barber,22
Kansas,Barton,12
Kansas,Bourbon,8
Kansas,Butler,15
Kansas,Chase,9
Kansas,Chautauqua,5
Kansas,Cherokee,3
Kansas,Cheyenne,2
Kansas,Clay,8
Kansas,Cloud,8
Kansas,Cowley,59
Kansas,Crawford,164
Kansas,Dickinson,70
Kansas,Doniphan,0
Kansas,Douglas,11
Kansas,Edwards,6
Kansas,Elk,27
Kansas,Ellis,11
Kansas,Ellsworth,51
Kansas,Finney,16
Kansas,Ford,23
Kansas,Franklin,44
Kansas,Geary,6
Kansas,Graham,10
Kansas,Grant,8
Kansas,Gray,2
Kansas,Hamilton,1
Kansas,Harper,1
Kansas,Harvey,2
Kansas,Haskell,0
Kansas,Jefferson,33
Kansas,Johnson,146
Kansas,Kearny,5
Kansas,Kingman,0
Kansas,Kiowa,6
Kansas,Labette,1
Kansas,Leavenworth,16
Kansas,Lincoln,49
Kansas,Linn,28
Kansas,Logan,2
Kansas,Lyon,16
Kansas,Marion,15
Kansas,Marshall,40
Kansas,McPherson,21
Kansas,Miami,17
Kansas,Montgomery,89
Kansas,Neosho,142
Kansas,Osage,6
Kansas,Ottawa,4
Kansas,Pawnee,5
Kansas,Phillips,2
Kansas,Pottawatomie,10
Kansas,Pratt,4
Kansas,Reno,192
Kansas,Republic,8
Kansas,Rice,184
Kansas,Riley,14
Kansas,Saline,10
Kansas,Sedgwick,57
Kansas,Seward,2
Kansas,Shawnee,53
Kansas,Sherman,7
Kansas,Smith,1
Kansas,Sumner,3
Kansas,Thomas,6
Kansas,Trego,5
Kansas,Washington,6
Kansas,Wilson,127
Kansas,Woodson,4
Kansas,Wyandotte,65
Kentucky,Adair,11
Kentucky,Allen,3
Kentucky,Anderson,26
Kentucky,Barren,20
Kentucky,Bell,938
Kentucky,Boone,43
Kentucky,Bourbon,11
Kentucky,Boyd,157
Kentucky,Boyle,14
Kentucky,Breathitt,306
Kentucky,Breckinridge,29
Kentucky,Bullitt,77
Kentucky,Butler,96
Kentucky,Caldwell,75
Kentucky,Calloway,2
Kentucky,Carlisle,11
Kentucky,Carroll,19
Kentucky,Carter,52
Kentucky,Casey,35
Kentucky,Christian,114
Kentucky,Clay,362
Kentucky,Clinton,15
Kentucky,Crittenden,41
Kentucky,Daviess,227
Kentucky,Edmonson,12
Kentucky,Elliott,46
Kentucky,Estill,74
Kentucky,Fayette,43
Kentucky,Fleming,17
Kentucky,Floyd,1441
Kentucky,Franklin,20
Kentucky,Gallatin,4
Kentucky,Garrard,14
Kentucky,Graves,53
Kentucky,Grayson,15
Kentucky,Green,10
Kentucky,Greenup,118
Kentucky,Hancock,15
Kentucky,Hardin,39
Kentucky,Harlan,2832
Kentucky,Harrison,8
Kentucky,Hart,27
Kentucky,Henderson,286
Kentucky,Henry,15
Kentucky,Hopkins,1247
Kentucky,Jackson,110
Kentucky,Jefferson,168
Kentucky,Jessamine,22
Kentucky,Johnson,259
Kentucky,Knott,1227
Kentucky,Knox,367
Kentucky,Laurel,203
Kentucky,Lawrence,64
Kentucky,Lee,63
Kentucky,Leslie,1144
Kentucky,Letcher,2114
Kentucky,Livingston,330
Kentucky,Madison,35
Kentucky,Magoffin,244
Kentucky,Marion,15
Kentucky,Martin,1439
Kentucky,Mason,216
Kentucky,McCreary,13
Kentucky,McLean,21
Kentucky,Meade,73
Kentucky,Menifee,17
Kentucky,Mercer,11
Kentucky,Metcalfe,8
Kentucky,Monroe,1
Kentucky,Montgomery,20
Kentucky,Morgan,47
Kentucky,Muhlenberg,619
Kentucky,Nelson,20
Kentucky,Nicholas,8
Kentucky,Ohio,384
Kentucky,Oldham,58
Kentucky,Owsley,31
Kentucky,Pendleton,190
Kentucky,Perry,2297
Kentucky,Pike,6112
Kentucky,Powell,26
Kentucky,Pulaski,59
Kentucky,Rockcastle,23
Kentucky,Scott,31
Kentucky,Simpson,10
Kentucky,Taylor,5
Kentucky,Todd,11
Kentucky,Trigg,11
Kentucky,Trimble,3
Kentucky,Union,1886
Kentucky,Warren,33
Kentucky,Washington,8
Kentucky,Wayne,12
Kentucky,Webster,1046
Kentucky,Whitley,630
Kentucky,Wolfe,74
Louisiana,Allen,8
Louisiana,Ascension,236
Louisiana,Assumption,15
Louisiana,Beauregard,39
Louisiana,Bienville,2
Louisiana,Bossier,0
Louisiana,Caddo,7
Louisiana,Calcasieu,34
Louisiana,Catahoula,8
Louisiana,De Soto,67
Louisiana,East Baton Rouge,37
Louisiana,East Feliciana,33
Louisiana,Evangeline,7
Louisiana,Grant,4
Louisiana,Iberia,488
Louisiana,Jefferson Davis,6
Louisiana,La Salle,14
Louisiana,Lafayette,14
Louisiana,Livingston,32
Louisiana,Orleans,69
Louisiana,Ouachita,17
Louisiana,Pointe Coupee,51
Louisiana,Rapides,59
Louisiana,Red River,36
Louisiana,St Bernard,10
Louisiana,St Helena,112
Louisiana,St James,412
Louisiana,St Martin,3
Louisiana,St Mary,182
Louisiana,St Tammany,68
Louisiana,Tangipahoa,42
Louisiana,Terrebonne,17
Louisiana,Vermilion,10
Louisiana,Vernon,12
Louisiana,Washington,69
Louisiana,Webster,52
Louisiana,West Feliciana,18
Louisiana,Winn,13
Maine,Androscoggin,50
Maine,Aroostook,76
Maine,Cumberland,70
Maine,Franklin,0
Maine,Hancock,34
Maine,Kennebec,47
Maine,Knox,128
Maine,Lincoln,9
Maine,Oxford,16
Maine,Penobscot,44
Maine,Piscataquis,17
Maine,Sagadahoc,5
Maine,Somerset,26
Maine,Waldo,25
Maine,Washington,19
Maine,York,50
Maryland,Allegany,257
Maryland,Anne Arundel,83
Maryland,Baltimore,356
Maryland,Carroll,209
Maryland,Cecil,134
Maryland,Charles,82
Maryland,Dorchester,15
Maryland,Frederick,227
Maryland,Garrett,404
Maryland,Harford,98
Maryland,Howard,3
Maryland,Montgomery,101
Maryland,Prince Georges,101
Maryland,Queen Annes,20
Maryland,St Marys,23
Maryland,Talbot,3
Maryland,Washington,184
Maryland,Wicomico,4
Maryland,Worcester,10
Massachusetts,Barnstable,23
Massachusetts,Berkshire,270
Massachusetts,Bristol,69
Massachusetts,Dukes,12
Massachusetts,Essex,44
Massachusetts,Franklin,28
Massachusetts,Hampden,62
Massachusetts,Hampshire,32
Massachusetts,Middlesex,133
Massachusetts,Norfolk,108
Massachusetts,Plymouth,68
Massachusetts,Suffolk,10
Massachusetts,Worcester,118
Michigan,Allegan,38
Michigan,Alpena,267
Michigan,Antrim,8
Michigan,Arenac,16
Michigan,Baraga,10
Michigan,Barry,11
Michigan,Bay,43
Michigan,Benzie,1
Michigan,Berrien,36
Michigan,Branch,7
Michigan,Calhoun,46
Michigan,Cass,19
Michigan,Charlevoix,127
Michigan,Cheboygan,9
Michigan,Chippewa,26
Michigan,Clare,14
Michigan,Clinton,37
Michigan,Delta,17
Michigan,Dickinson,18
Michigan,Eaton,21
Michigan,Emmet,9
Michigan,Gladwin,0
Michigan,Gogebic,10
Michigan,Grand Traverse,18
Michigan,Gratiot,11
Michigan,Hillsdale,16
Michigan,Houghton,25
Michigan,Huron,21
Michigan,Ingham,21
Michigan,Ionia,9
Michigan,Iosco,103
Michigan,Iron,38
Michigan,Isabella,17
Michigan,Jackson,18
Michigan,Kalamazoo,22
Michigan,Kent,76
Michigan,Lake,7
Michigan,Lapeer,27
Michigan,Leelanau,13
Michigan,Lenawee,11
Michigan,Livingston,28
Michigan,Luce,8
Michigan,Mackinac,133
Michigan,Macomb,12
Michigan,Manistee,2
Michigan,Marquette,2104
Michigan,Mason,3
Michigan,Mecosta,5
Michigan,Menominee,7
Michigan,Midland,4
Michigan,Missaukee,8
Michigan,Monroe,216
Michigan,Montcalm,4
Michigan,Muskegon,22
Michigan,Newaygo,12
Michigan,Oakland,213
Michigan,Oceana,13
Michigan,Ogemaw,11
Michigan,Ontonagon,847
Michigan,Osceola,6
Michigan,Otsego,10
Michigan,Ottawa,79
Michigan,Presque Isle,340
Michigan,Roscommon,17
Michigan,Sanilac,17
Michigan,Schoolcraft,5
Michigan,Shiawassee,14
Michigan,St Clair,6
Michigan,St Joseph,14
Michigan,Tuscola,21
Michigan,Van Buren,4
Michigan,Washtenaw,30
Michigan,Wayne,286
Michigan,Wexford,21
Minnesota,Aitkin,0
Minnesota,Becker,13
Minnesota,Beltrami,11
Minnesota,Benton,18
Minnesota,Big Stone,24
Minnesota,Blue Earth,48
Minnesota,Brown,2
Minnesota,Carlton,27
Minnesota,Carver,24
Minnesota,Cass,3
Minnesota,Chisago,9
Minnesota,Clay,45
Minnesota,Clearwater,2
Minnesota,Cook,4
Minnesota,Cottonwood,7
Minnesota,Crow Wing,24
Minnesota,Dakota,71
Minnesota,Dodge,11
Minnesota,Douglas,11
Minnesota,Faribault,4
Minnesota,Fillmore,13
Minnesota,Freeborn,4
Minnesota,Goodhue,27
Minnesota,Grant,0
Minnesota,Hennepin,46
Minnesota,Houston,57
Minnesota,Hubbard,6
Minnesota,Itasca,26
Minnesota,Kanabec,17
Minnesota,Kandiyohi,20
Minnesota,Kittson,6
Minnesota,Koochiching,6
Minnesota,Lac qui Parle,4
Minnesota,Lake,270
Minnesota,Le Sueur,85
Minnesota,Lincoln,1
Minnesota,Lyon,7
Minnesota,Mahnomen,2
Minnesota,Marshall,12
Minnesota,Martin,16
Minnesota,McLeod,28
Minnesota,Meeker,25
Minnesota,Mille Lacs,19
Minnesota,Morrison,19
Minnesota,Mower,16
Minnesota,Murray,20
Minnesota,Nicollet,13
Minnesota,Olmsted,78
Minnesota,Otter Tail,37
Minnesota,Pennington,7
Minnesota,Pine,7
Minnesota,Pipestone,2
Minnesota,Polk,18
Minnesota,Pope,14
Minnesota,Ramsey,0
Minnesota,Red Lake,1
Minnesota,Redwood,8
Minnesota,Renville,23
Minnesota,Rice,13
Minnesota,Rock,17
Minnesota,Roseau,2
Minnesota,Scott,42
Minnesota,Sherburne,38
Minnesota,Sibley,5
Minnesota,St Louis,5396
Minnesota,Stearns,130
Minnesota,Steele,11
Minnesota,Todd,14
Minnesota,Wabasha,8
Minnesota,Wadena,5
Minnesota,Waseca,5
Minnesota,Washington,73
Minnesota,Watonwan,5
Minnesota,Wilkin,3
Minnesota,Winona,12
Minnesota,Wright,13
Minnesota,Yellow Medicine,23
Mississippi,Adams,18
Mississippi,Alcorn,2
Mississippi,Benton,6
Mississippi,Bolivar,9
Mississippi,Carroll,18
Mississippi,Clay,17
Mississippi,Copiah,100
Mississippi,De Soto,24
Mississippi,Forrest,67
Mississippi,George,0
Mississippi,Harrison,13
Mississippi,Hinds,158
Mississippi,Holmes,24
Mississippi,Itawamba,20
Mississippi,Jasper,5
Mississippi,Lafayette,3
Mississippi,Lauderdale,2
Mississippi,Lincoln,8
Mississippi,Lowndes,234
Mississippi,Marion,14
Mississippi,Monroe,87
Mississippi,Noxubee,5
Mississippi,Panola,40
Mississippi,Pearl River,35
Mississippi,Perry,16
Mississippi,Pike,15
Mississippi,Quitman,3
Mississippi,Rankin,1
Mississippi,Smith,2
Mississippi,Stone,15
Mississippi,Tate,3
Mississippi,Tippah,222
Mississippi,Tishomingo,28
Mississippi,Warren,19
Mississippi,Washington,3
Mississippi,Wayne,1
Mississippi,Winston,7
Mississippi,Yalobusha,11
Mississippi,Yazoo,11
Missouri,Adair,2
Missouri,Andrew,13
Missouri,Audrain,6
Missouri,Barry,19
Missouri,Barton,54
Missouri,Bates,28
Missouri,Benton,21
Missouri,Bollinger,4
Missouri,Boone,62
Missouri,Buchanan,14
Missouri,Butler,25
Missouri,Callaway,78
Missouri,Camden,21
Missouri,Cape Girardeau,189
Missouri,Carroll,1
Missouri,Cass,56
Missouri,Cedar,6
Missouri,Christian,78
Missouri,Clark,1
Missouri,Clay,61
Missouri,Clinton,18
Missouri,Cole,21
Missouri,Cooper,19
Missouri,Crawford,26
Missouri,Dade,7
Missouri,Dallas,2
Missouri,De Kalb,17
Missouri,Dent,9
Missouri,Douglas,4
Missouri,Dunklin,3
Missouri,Franklin,38
Missouri,Gasconade,21
Missouri,Gentry,1
Missouri,Greene,138
Missouri,Grundy,1
Missouri,Harrison,2
Missouri,Henry,8
Missouri,Hickory,3
Missouri,Holt,11
Missouri,Howard,20
Missouri,Howell,23
Missouri,Iron,543
Missouri,Jackson,195
Missouri,Jasper,69
Missouri,Jefferson,273
Missouri,Johnson,8
Missouri,Knox,27
Missouri,Laclede,19
Missouri,Lafayette,10
Missouri,Lawrence,16
Missouri,Lewis,1
Missouri,Lincoln,40
Missouri,Livingston,29
Missouri,Macon,5
Missouri,Marion,12
Missouri,McDonald,12
Missouri,Mercer,11
Missouri,Miller,12
Missouri,Moniteau,7
Missouri,Monroe,8
Missouri,Montgomery,64
Missouri,Morgan,20
Missouri,Newton,32
Missouri,Nodaway,1
Missouri,Oregon,9
Missouri,Osage,5
Missouri,Ozark,3
Missouri,Pemiscot,6
Missouri,Perry,18
Missouri,Pettis,30
Missouri,Phelps,34
Missouri,Pike,172
Missouri,Platte,50
Missouri,Polk,12
Missouri,Pulaski,6
Missouri,Putnam,5
Missouri,Ralls,219
Missouri,Randolph,496
Missouri,Ray,23
Missouri,Reynolds,365
Missouri,Ripley,2
Missouri,Saline,29
Missouri,Scotland,22
Missouri,Scott,71
Missouri,Shannon,3
Missouri,Shelby,19
Missouri,St Charles,68
Missouri,St Francois,105
Missouri,St Louis,325
Missouri,St Louis City,2
Missouri,Ste. Genevieve,895
Missouri,Stoddard,125
Missouri,Stone,7
Missouri,Sullivan,15
Missouri,Taney,40
Missouri,Texas,22
Missouri,Vernon,15
Missouri,Warren,21
Missouri,Washington,92
Missouri,Wayne,49
Missouri,Webster,4
Missouri,Wright,14
Montana,Beaverhead,113
Montana,Big Horn,522
Montana,Broadwater,46
Montana,Carbon,10
Montana,Cascade,23
Montana,Chouteau,2
Montana,Custer,1
Montana,Dawson,6
Montana,Deer Lodge,17
Montana,Fallon,5
Montana,Fergus,132
Montana,Flathead,27
Montana,Gallatin,210
Montana,Granite,11
Montana,Hill,4
Montana,Jefferson,495
Montana,Judith Basin,10
Montana,Lake,7
Montana,Lewis and Clark,34
Montana,Liberty,1
Montana,Lincoln,338
Montana,Madison,166
Montana,Meagher,3
Montana,Missoula,45
Montana,Musselshell,13
Montana,Park,90
Montana,Phillips,103
Montana,Pondera,2
Montana,Powell,132
Montana,Ravalli,8
Montana,Richland,12
Montana,Roosevelt,1
Montana,Rosebud,467
Montana,Sanders,3
Montana,Sheridan,12
Montana,Silver Bow,415
Montana,Stillwater,365
Montana,Sweet Grass,1
Montana,Teton,3
Montana,Toole,4
Montana,Treasure,3
Montana,Valley,5
Montana,Yellowstone,69
Nebraska,Adams,2
Nebraska,Antelope,10
Nebraska,Blaine,0
Nebraska,Boyd,1
Nebraska,Brown,7
Nebraska,Buffalo,40
Nebraska,Butler,2
Nebraska,Cass,365
Nebraska,Cedar,10
Nebraska,Cherry,2
Nebraska,Cheyenne,3
Nebraska,Clay,5
Nebraska,Colfax,6
Nebraska,Cuming,8
Nebraska,Custer,6
Nebraska,Dawes,12
Nebraska,Dawson,21
Nebraska,Dixon,3
Nebraska,Dodge,7
Nebraska,Douglas,33
Nebraska,Dundy,7
Nebraska,Franklin,9
Nebraska,Furnas,2
Nebraska,Gage,19
Nebraska,Garden,9
Nebraska,Garfield,6
Nebraska,Hall,40
Nebraska,Hamilton,4
Nebraska,Harlan,3
Nebraska,Hayes,2
Nebraska,Hitchcock,7
Nebraska,Holt,21
Nebraska,Howard,8
Nebraska,Jefferson,13
Nebraska,Kearney,12
Nebraska,Keith,4
Nebraska,Knox,11
Nebraska,Lancaster,8
Nebraska,Lincoln,29
Nebraska,Loup,5
Nebraska,Madison,12
Nebraska,Merrick,8
Nebraska,Morrill,4
Nebraska,Nance,5
Nebraska,Nemaha,1
Nebraska,Nuckolls,6
Nebraska,Phelps,4
Nebraska,Pierce,2
Nebraska,Platte,27
Nebraska,Polk,3
Nebraska,Red Willow,10
Nebraska,Saline,0
Nebraska,Sarpy,17
Nebraska,Saunders,35
Nebraska,Scotts Bluff,8
Nebraska,Seward,1
Nebraska,Stanton,10
Nebraska,Thayer,9
Nebraska,Thomas,9
Nebraska,Valley,5
Nebraska,Washington,31
Nebraska,Webster,7
Nebraska,York,4
Nevada,Carson City,6
Nevada,Churchill,39
Nevada,Clark,590
Nevada,Douglas,28
Nevada,Elko,3559
Nevada,Esmeralda,106
Nevada,Eureka,223
Nevada,Humboldt,1390
Nevada,Lander,1064
Nevada,Lincoln,16
Nevada,Lyon,289
Nevada,Mineral,445
Nevada,Nye,1297
Nevada,Pershing,578
Nevada,Storey,137
Nevada,Washoe,261
Nevada,White Pine,455
New Hampshire,Belknap,24
New Hampshire,Carroll,39
New Hampshire,Cheshire,31
New Hampshire,Coos,18
New Hampshire,Grafton,39
New Hampshire,Hillsborough,56
New Hampshire,Merrimack,89
New Hampshire,Rockingham,49
New Hampshire,Strafford,27
New Hampshire,Sullivan,14
New Jersey,Atlantic,18
New Jersey,Burlington,16
New Jersey,Camden,57
New Jersey,Cape May,156
New Jersey,Cumberland,335
New Jersey,Gloucester,21
New Jersey,Hunterdon,81
New Jersey,Mercer,48
New Jersey,Middlesex,61
New Jersey,Monmouth,9
New Jersey,Morris,258
New Jersey,Ocean,69
New Jersey,Passaic,113
New Jersey,Salem,4
New Jersey,Somerset,201
New Jersey,Sussex,194
New Jersey,Union,2
New Jersey,Warren,60
New Mexico,Bernalillo,195
New Mexico,Catron,12
New Mexico,Chaves,38
New Mexico,Cibola,25
New Mexico,Colfax,195
New Mexico,Curry,7
New Mexico,De Baca,10
New Mexico,Dona Ana,132
New Mexico,Eddy,1641
New Mexico,Grant,1472
New Mexico,Guadalupe,7
New Mexico,Hidalgo,36
New Mexico,Lea,305
New Mexico,Lincoln,7
New Mexico,Luna,15
New Mexico,McKinley,623
New Mexico,Mora,4
New Mexico,Otero,19
New Mexico,Quay,16
New Mexico,Rio Arriba,35
New Mexico,Roosevelt,8
New Mexico,San Juan,868
New Mexico,San Miguel,17
New Mexico,Sandoval,47
New Mexico,Santa Fe,69
New Mexico,Sierra,47
New Mexico,Socorro,39
New Mexico,Taos,337
New Mexico,Torrance,21
New Mexico,Union,14
New Mexico,Valencia,12
New York,Albany,252
New York,Allegany,36
New York,Broome,43
New York,Cattaraugus,114
New York,Cayuga,14
New York,Chautauqua,37
New York,Chemung,52
New York,Chenango,70
New York,Clinton,48
New York,Columbia,37
New York,Cortland,31
New York,Delaware,68
New York,Dutchess,233
New York,Erie,137
New York,Essex,168
New York,Franklin,33
New York,Fulton,21
New York,Genesee,158
New York,Greene,281
New York,Hamilton,35
New York,Herkimer,60
New York,Jefferson,129
New York,Lewis,53
New York,Livingston,310
New York,Madison,51
New York,Monroe,73
New York,Montgomery,49
New York,Niagara,81
New York,Oneida,68
New York,Onondaga,162
New York,Ontario,78
New York,Orange,96
New York,Orleans,38
New York,Oswego,110
New York,Otsego,37
New York,Putnam,19
New York,Rensselaer,69
New York,Rockland,102
New York,Saratoga,85
New York,Schenectady,46
New York,Schoharie,29
New York,Schuyler,18
New York,Seneca,18
New York,St Lawrence,361
New York,Steuben,106
New York,Suffolk,107
New York,Sullivan,66
New York,Tioga,59
New York,Tompkins,196
New York,Ulster,84
New York,Warren,170
New York,Washington,91
New York,Wayne,57
New York,Westchester,3
New York,Wyoming,17
New York,Yates,28
North Carolina,Alamance,52
North Carolina,Anson,121
North Carolina,Ashe,14
North Carolina,Avery,12
North Carolina,Beaufort,441
North Carolina,Bertie,2
North Carolina,Bladen,2
North Carolina,Brunswick,15
North Carolina,Buncombe,99
North Carolina,Burke,19
North Carolina,Cabarrus,62
North Carolina,Caldwell,31
North Carolina,Caswell,25
North Carolina,Catawba,27
North Carolina,Chatham,14
North Carolina,Cherokee,15
North Carolina,Clay,34
North Carolina,Cleveland,155
North Carolina,Craven,53
North Carolina,Cumberland,17
North Carolina,Dare,3
North Carolina,Davidson,47
North Carolina,Davie,26
North Carolina,Duplin,12
North Carolina,Durham,46
North Carolina,Edgecombe,42
North Carolina,Forsyth,129
North Carolina,Franklin,7
North Carolina,Gaston,122
North Carolina,Granville,32
North Carolina,Guilford,103
North Carolina,Halifax,4
North Carolina,Harnett,108
North Carolina,Haywood,28
North Carolina,Henderson,26
North Carolina,Hoke,8
North Carolina,Iredell,21
North Carolina,Jackson,28
North Carolina,Johnston,54
North Carolina,Lee,59
North Carolina,Lenoir,20
North Carolina,Lincoln,43
North Carolina,Macon,55
North Carolina,Martin,4
North Carolina,McDowell,64
North Carolina,Mecklenburg,103
North Carolina,Mitchell,309
North Carolina,Montgomery,18
North Carolina,Moore,37
North Carolina,Nash,17
North Carolina,New Hanover,43
North Carolina,Northampton,12
North Carolina,Onslow,20
North Carolina,Orange,41
North Carolina,Pender,45
North Carolina,Pitt,52
North Carolina,Polk,8
North Carolina,Randolph,22
North Carolina,Richmond,74
North Carolina,Rockingham,38
North Carolina,Rowan,165
North Carolina,Rutherford,24
North Carolina,Sampson,4
North Carolina,Scotland,5
North Carolina,Stanly,59
North Carolina,Stokes,8
North Carolina,Surry,130
North Carolina,Swain,19
North Carolina,Transylvania,18
North Carolina,Union,31
North Carolina,Vance,22
North Carolina,Wake,163
North Carolina,Washington,0
North Carolina,Watauga,16
North Carolina,Wayne,22
North Carolina,Wilkes,27
North Carolina,Wilson,36
North Carolina,Yadkin,6
North Carolina,Yancey,69
North Dakota,Adams,0
North Dakota,Barnes,9
North Dakota,Bowman,66
North Dakota,Burke,3
North Dakota,Burleigh,26
North Dakota,Dunn,2
North Dakota,Eddy,11
North Dakota,Grand Forks,12
North Dakota,Grant,4
North Dakota,Hettinger,4
North Dakota,La Moure,8
North Dakota,McHenry,2
North Dakota,McIntosh,2
North Dakota,McLean,247
North Dakota,Mercer,473
North Dakota,Morton,9
North Dakota,Mountrail,10
North Dakota,Oliver,141
North Dakota,Pembina,2
North Dakota,Ransom,9
North Dakota,Renville,4
North Dakota,Richland,14
North Dakota,Rolette,7
North Dakota,Sargent,8
North Dakota,Sheridan,3
North Dakota,Stark,56
North Dakota,Stutsman,20
North Dakota,Traill,11
North Dakota,Walsh,11
North Dakota,Ward,41
North Dakota,Wells,16
North Dakota,Williams,14
Ohio,Adams,53
Ohio,Allen,28
Ohio,Ashland,8
Ohio,Ashtabula,13
Ohio,Athens,24
Ohio,Auglaize,30
Ohio,Belmont,816
Ohio,Butler,89
Ohio,Carroll,107
Ohio,Champaign,20
Ohio,Clark,34
Ohio,Clermont,6
Ohio,Clinton,18
Ohio,Columbiana,270
Ohio,Coshocton,283
Ohio,Crawford,44
Ohio,Cuyahoga,122
Ohio,Darke,15
Ohio,Delaware,68
Ohio,Erie,128
Ohio,Fairfield,4
Ohio,Fayette,6
Ohio,Franklin,226
Ohio,Gallia,20
Ohio,Geauga,86
Ohio,Greene,210
Ohio,Guernsey,66
Ohio,Hamilton,92
Ohio,Hancock,43
Ohio,Hardin,7
Ohio,Harrison,249
Ohio,Henry,6
Ohio,Highland,33
Ohio,Hocking,37
Ohio,Holmes,108
Ohio,Huron,5
Ohio,Jackson,143
Ohio,Jefferson,270
Ohio,Knox,55
Ohio,Lake,119
Ohio,Lawrence,172
Ohio,Licking,41
Ohio,Logan,49
Ohio,Lorain,40
Ohio,Lucas,68
Ohio,Mahoning,54
Ohio,Marion,52
Ohio,Medina,37
Ohio,Meigs,1163
Ohio,Mercer,13
Ohio,Miami,58
Ohio,Monroe,339
Ohio,Montgomery,91
Ohio,Morgan,577
Ohio,Morrow,6
Ohio,Muskingum,323
Ohio,Noble,116
Ohio,Ottawa,158
Ohio,Paulding,128
Ohio,Perry,202
Ohio,Pickaway,25
Ohio,Pike,24
Ohio,Portage,136
Ohio,Preble,24
Ohio,Putnam,8
Ohio,Richland,22
Ohio,Ross,47
Ohio,Sandusky,316
Ohio,Scioto,50
Ohio,Seneca,74
Ohio,Shelby,29
Ohio,Stark,138
Ohio,Summit,33
Ohio,Trumbull,19
Ohio,Tuscarawas,408
Ohio,Union,25
Ohio,Van Wert,20
Ohio,Vinton,212
Ohio,Warren,23
Ohio,Washington,21
Ohio,Wayne,50
Ohio,Williams,13
Ohio,Wood,53
Ohio,Wyandot,175
Oklahoma,Adair,12
Oklahoma,Atoka,62
Oklahoma,Beaver,13
Oklahoma,Beckham,5
Oklahoma,Blaine,132
Oklahoma,Bryan,25
Oklahoma,Caddo,50
Oklahoma,Canadian,9
Oklahoma,Carter,36
Oklahoma,Cherokee,18
Oklahoma,Choctaw,64
Oklahoma,Cimarron,1
Oklahoma,Cleveland,29
Oklahoma,Coal,9
Oklahoma,Comanche,85
Oklahoma,Cotton,16
Oklahoma,Craig,93
Oklahoma,Creek,18
Oklahoma,Custer,5
Oklahoma,Delaware,21
Oklahoma,Dewey,12
Oklahoma,Ellis,11
Oklahoma,Garvin,3
Oklahoma,Grady,5
Oklahoma,Greer,20
Oklahoma,Harper,11
Oklahoma,Haskell,114
Oklahoma,Hughes,6
Oklahoma,Jackson,21
Oklahoma,Jefferson,9
Oklahoma,Johnston,167
Oklahoma,Kay,16
Oklahoma,Kingfisher,19
Oklahoma,Kiowa,71
Oklahoma,Latimer,53
Oklahoma,Le Flore,94
Oklahoma,Lincoln,1
Oklahoma,Logan,5
Oklahoma,Love,13
Oklahoma,Major,7
Oklahoma,Marshall,12
Oklahoma,Mayes,126
Oklahoma,McClain,1
Oklahoma,McCurtain,31
Oklahoma,McIntosh,15
Oklahoma,Murray,111
Oklahoma,Muskogee,109
Oklahoma,Noble,7
Oklahoma,Nowata,35
Oklahoma,Okfuskee,20
Oklahoma,Oklahoma,66
Oklahoma,Okmulgee,40
Oklahoma,Osage,6
Oklahoma,Ottawa,46
Oklahoma,Pawnee,28
Oklahoma,Payne,12
Oklahoma,Pittsburg,43
Oklahoma,Pontotoc,133
Oklahoma,Pottawatomie,18
Oklahoma,Pushmataha,15
Oklahoma,Roger Mills,13
Oklahoma,Rogers,179
Oklahoma,Seminole,44
Oklahoma,Sequoyah,91
Oklahoma,Texas,58
Oklahoma,Tillman,5
Oklahoma,Tulsa,126
Oklahoma,Wagoner,29
Oklahoma,Washington,19
Oklahoma,Washita,18
Oklahoma,Woods,0
Oklahoma,Woodward,17
Oregon,Baker,122
Oregon,Benton,28
Oregon,Clackamas,75
Oregon,Clatsop,6
Oregon,Columbia,75
Oregon,Coos,58
Oregon,Crook,21
Oregon,Curry,32
Oregon,Deschutes,50
Oregon,Douglas,134
Oregon,Grant,6
Oregon,Harney,23
Oregon,Hood River,12
Oregon,Jackson,59
Oregon,Josephine,32
Oregon,Klamath,18
Oregon,Lake,39
Oregon,Lane,144
Oregon,Lincoln,26
Oregon,Linn,32
Oregon,Malheur,55
Oregon,Marion,92
Oregon,Morrow,5
Oregon,Multnomah,174
Oregon,Polk,32
Oregon,Sherman,4
Oregon,Tillamook,23
Oregon,Umatilla,43
Oregon,Union,12
Oregon,Wallowa,2
Oregon,Wasco,156
Oregon,Washington,121
Oregon,Yamhill,62
Pennsylvania,Adams,242
Pennsylvania,Allegheny,325
Pennsylvania,Armstrong,1396
Pennsylvania,Beaver,50
Pennsylvania,Bedford,43
Pennsylvania,Berks,422
Pennsylvania,Blair,68
Pennsylvania,Bradford,51
Pennsylvania,Bucks,229
Pennsylvania,Butler,459
Pennsylvania,Cambria,1517
Pennsylvania,Cameron,0
Pennsylvania,Carbon,24
Pennsylvania,Centre,547
Pennsylvania,Chester,253
Pennsylvania,Clarion,298
Pennsylvania,Clearfield,1062
Pennsylvania,Clinton,55
Pennsylvania,Columbia,115
Pennsylvania,Crawford,54
Pennsylvania,Cumberland,106
Pennsylvania,Dauphin,98
Pennsylvania,Delaware,68
Pennsylvania,Elk,71
Pennsylvania,Erie,66
Pennsylvania,Fayette,364
Pennsylvania,Forest,3
Pennsylvania,Franklin,51
Pennsylvania,Fulton,49
Pennsylvania,Greene,2553
Pennsylvania,Huntingdon,102
Pennsylvania,Indiana,1906
Pennsylvania,Jefferson,367
Pennsylvania,Juniata,10
Pennsylvania,Lackawanna,33
Pennsylvania,Lancaster,260
Pennsylvania,Lawrence,553
Pennsylvania,Lebanon,176
Pennsylvania,Lehigh,218
Pennsylvania,Luzerne,481
Pennsylvania,Lycoming,121
Pennsylvania,McKean,10
Pennsylvania,Mercer,157
Pennsylvania,Mifflin,13
Pennsylvania,Monroe,76
Pennsylvania,Montgomery,180
Pennsylvania,Montour,15
Pennsylvania,Northampton,708
Pennsylvania,Northumberland,344
Pennsylvania,Perry,7
Pennsylvania,Pike,25
Pennsylvania,Potter,5
Pennsylvania,Schuylkill,1305
Pennsylvania,Snyder,27
Pennsylvania,Somerset,1028
Pennsylvania,Sullivan,33
Pennsylvania,Susquehanna,62
Pennsylvania,Tioga,26
Pennsylvania,Union,24
Pennsylvania,Venango,73
Pennsylvania,Warren,43
Pennsylvania,Washington,1178
Pennsylvania,Wayne,46
Pennsylvania,Westmoreland,353
Pennsylvania,Wyoming,30
Pennsylvania,York,423
Puerto Rico,72002,24
Puerto Rico,72004,408
Puerto Rico,72006,56
Puerto Rico,72008,25
Puerto Rico,72010,444
Puerto Rico,72012,55
Puerto Rico,Adjuntas,144
Puerto Rico,Aguada,62
Puerto Rico,Aguadilla,237
Puerto Rico,Aguas Buenas,92
Puerto Rico,Aibonito,144
Puerto Rico,Anasco,21
Rhode Island,Kent,23
Rhode Island,Newport,3
Rhode Island,Providence,73
Rhode Island,Washington,23
South Carolina,Abbeville,1
South Carolina,Aiken,250
South Carolina,Anderson,46
South Carolina,Bamberg,1
South Carolina,Berkeley,47
South Carolina,Calhoun,1
South Carolina,Charleston,5
South Carolina,Cherokee,58
South Carolina,Chesterfield,125
South Carolina,Clarendon,12
South Carolina,Colleton,7
South Carolina,Darlington,2
South Carolina,Dorchester,345
South Carolina,Edgefield,1
South Carolina,Fairfield,122
South Carolina,Florence,9
South Carolina,Georgetown,20
South Carolina,Greenville,49
South Carolina,Greenwood,24
South Carolina,Horry,25
South Carolina,Jasper,10
South Carolina,Kershaw,49
South Carolina,Lancaster,31
South Carolina,Laurens,120
South Carolina,Lee,1
South Carolina,Lexington,131
South Carolina,Marion,7
South Carolina,Marlboro,65
South Carolina,McCormick,21
South Carolina,Oconee,7
South Carolina,Orangeburg,161
South Carolina,Pickens,45
South Carolina,Richland,96
South Carolina,Spartanburg,104
South Carolina,Sumter,30
South Carolina,Union,5
South Carolina,Williamsburg,2
South Carolina,York,33
South Dakota,Beadle,5
South Dakota,Brookings,14
South Dakota,Brown,14
South Dakota,Brule,9
South Dakota,Butte,82
South Dakota,Campbell,3
South Dakota,Charles Mix,9
South Dakota,Clark,9
South Dakota,Clay,1
South Dakota,Codington,19
South Dakota,Custer,27
South Dakota,Davison,13
South Dakota,Day,8
South Dakota,Dewey,0
South Dakota,Douglas,6
South Dakota,Fall River,8
South Dakota,Grant,240
South Dakota,Haakon,2
South Dakota,Hanson,10
South Dakota,Hughes,10
South Dakota,Hutchinson,4
South Dakota,Kingsbury,3
South Dakota,Lake,12
South Dakota,Lawrence,1521
South Dakota,Marshall,6
South Dakota,McPherson,10
South Dakota,Meade,0
South Dakota,Mellette,13
South Dakota,Miner,4
South Dakota,Minnehaha,110
South Dakota,Moody,2
South Dakota,Pennington,301
South Dakota,Perkins,2
South Dakota,Roberts,15
South Dakota,Spink,2
South Dakota,Stanley,2
South Dakota,Sully,4
South Dakota,Tripp,8
South Dakota,Turner,7
South Dakota,Union,4
South Dakota,Walworth,2
South Dakota,Yankton,11
Tennessee,Anderson,408
Tennessee,Bedford,19
Tennessee,Benton,68
Tennessee,Bledsoe,24
Tennessee,Blount,104
Tennessee,Bradley,20
Tennessee,Campbell,334
Tennessee,Cannon,14
Tennessee,Carroll,10
Tennessee,Carter,28
Tennessee,Claiborne,138
Tennessee,Clay,8
Tennessee,Cocke,14
Tennessee,Coffee,25
Tennessee,Cumberland,115
Tennessee,Davidson,135
Tennessee,De Kalb,13
Tennessee,Decatur,67
Tennessee,Dickson,16
Tennessee,Fentress,31
Tennessee,Franklin,67
Tennessee,Gibson,9
Tennessee,Giles,15
Tennessee,Grainger,26
Tennessee,Greene,30
Tennessee,Grundy,33
Tennessee,Hamblen,15
Tennessee,Hamilton,167
Tennessee,Hardeman,84
Tennessee,Hardin,31
Tennessee,Hawkins,42
Tennessee,Henry,172
Tennessee,Humphreys,15
Tennessee,Jefferson,478
Tennessee,Johnson,17
Tennessee,Knox,344
Tennessee,Lauderdale,5
Tennessee,Lawrence,11
Tennessee,Lincoln,14
Tennessee,Loudon,6
Tennessee,Madison,23
Tennessee,Marion,119
Tennessee,Marshall,23
Tennessee,Maury,97
Tennessee,McMinn,18
Tennessee,McNairy,18
Tennessee,Meigs,14
Tennessee,Monroe,15
Tennessee,Montgomery,23
Tennessee,Moore,12
Tennessee,Morgan,54
Tennessee,Obion,11
Tennessee,Overton,22
Tennessee,Perry,10
Tennessee,Pickett,0
Tennessee,Polk,17
Tennessee,Putnam,32
Tennessee,Rhea,35
Tennessee,Roane,17
Tennessee,Robertson,29
Tennessee,Rutherford,44
Tennessee,Scott,196
Tennessee,Sequatchie,261
Tennessee,Sevier,32
Tennessee,Shelby,48
Tennessee,Smith,259
Tennessee,Sullivan,56
Tennessee,Sumner,32
Tennessee,Tipton,18
Tennessee,Unicoi,18
Tennessee,Union,130
Tennessee,Van Buren,8
Tennessee,Warren,21
Tennessee,Washington,20
Tennessee,Wayne,3
Tennessee,Weakley,133
Tennessee,White,20
Tennessee,Williamson,46
Tennessee,Wilson,19
Texas,Andrews,6
Texas,Atascosa,157
Texas,Austin,4
Texas,Bandera,5
Texas,Bastrop,9
Texas,Bell,84
Texas,Bexar,623
Texas,Borden,6
Texas,Bosque,92
Texas,Bowie,15
Texas,Brazoria,13
Texas,Brazos,8
Texas,Brewster,20
Texas,Brown,21
Texas,Burleson,0
Texas,Burnet,248
Texas,Calhoun,734
Texas,Callahan,13
Texas,Cameron,24
Texas,Cass,13
Texas,Chambers,8
Texas,Cherokee,27
Texas,Coke,11
Texas,Coleman,3
Texas,Collin,4
Texas,Colorado,255
Texas,Comal,526
Texas,Comanche,2
Texas,Cooke,8
Texas,Coryell,7
Texas,Crosby,28
Texas,Culberson,31
Texas,Dallas,129
Texas,De Witt,5
Texas,Deaf Smith,5
Texas,Denton,8
Texas,Dimmit,5
Texas,Duval,85
Texas,Eastland,16
Texas,Ector,84
Texas,El Paso,63
Texas,Ellis,431
Texas,Fannin,2
Texas,Fayette,66
Texas,Fort Bend,80
Texas,Freestone,415
Texas,Galveston,40
Texas,Garza,9
Texas,Gillespie,49
Texas,Glasscock,10
Texas,Gonzales,89
Texas,Grayson,19
Texas,Gregg,4
Texas,Grimes,205
Texas,Guadalupe,18
Texas,Hale,19
Texas,Hansford,12
Texas,Hardeman,16
Texas,Hardin,15
Texas,Harris,216
Texas,Harrison,188
Texas,Haskell,2
Texas,Hays,193
Texas,Henderson,25
Texas,Hidalgo,174
Texas,Hill,2
Texas,Hood,1
Texas,Hopkins,142
Texas,Howard,14
Texas,Hudspeth,74
Texas,Hutchinson,52
Texas,Jack,14
Texas,Jasper,10
Texas,Jefferson,11
Texas,Jim Wells,12
Texas,Johnson,90
Texas,Jones,5
Texas,Karnes,54
Texas,Kaufman,47
Texas,Kendall,2
Texas,Kerr,6
Texas,Kimble,12
Texas,Kleberg,11
Texas,Lamar,2
Texas,Lampasas,22
Texas,Leon,356
Texas,Liberty,34
Texas,Limestone,164
Texas,Live Oak,44
Texas,Llano,35
Texas,Lubbock,10
Texas,Madison,4
Texas,Mason,0
Texas,Maverick,9
Texas,McCulloch,97
Texas,McLennan,136
Texas,McMullen,77
Texas,Medina,17
Texas,Midland,22
Texas,Milam,192
Texas,Montague,6
Texas,Montgomery,51
Texas,Morris,3
Texas,Nacogdoches,3
Texas,Navarro,86
Texas,Newton,8
Texas,Nolan,140
Texas,Nueces,86
Texas,Oldham,48
Texas,Orange,16
Texas,Palo Pinto,35
Texas,Panola,910
Texas,Parker,67
Texas,Pecos,9
Texas,Potter,89
Texas,Reeves,16
Texas,Robertson,51
Texas,Runnels,7
Texas,Rusk,252
Texas,San Patricio,689
Texas,San Saba,42
Texas,Shackelford,22
Texas,Smith,3
Texas,Somervell,22
Texas,Starr,21
Texas,Stephens,9
Texas,Stonewall,10
Texas,Tarrant,58
Texas,Taylor,53
Texas,Throckmorton,3
Texas,Titus,764
Texas,Tom Green,19
Texas,Travis,203
Texas,Trinity,9
Texas,Upshur,0
Texas,Uvalde,81
Texas,Val Verde,6
Texas,Van Zandt,195
Texas,Victoria,107
Texas,Walker,32
Texas,Waller,0
Texas,Ward,12
Texas,Washington,0
Texas,Webb,133
Texas,Wichita,3
Texas,Williamson,294
Texas,Wilson,0
Texas,Wise,323
Texas,Wood,4
Texas,Young,17
Utah,Beaver,5
Utah,Box Elder,40
Utah,Cache,26
Utah,Carbon,1066
Utah,Davis,28
Utah,Duchesne,22
Utah,Emery,891
Utah,Garfield,10
Utah,Grand,43
Utah,Iron,22
Utah,Juab,102
Utah,Kane,4
Utah,Millard,122
Utah,Morgan,117
Utah,Salt Lake,1591
Utah,San Juan,48
Utah,Sanpete,9
Utah,Sevier,290
Utah,Summit,42
Utah,Tooele,263
Utah,Uintah,213
Utah,Utah,100
Utah,Wasatch,14
Utah,Washington,114
Utah,Wayne,2
Utah,Weber,3
Vermont,Addison,75
Vermont,Bennington,19
Vermont,Caledonia,29
Vermont,Chittenden,42
Vermont,Essex,4
Vermont,Franklin,28
Vermont,Grand Isle,3
Vermont,Lamoille,53
Vermont,Orange,13
Vermont,Orleans,46
Vermont,Rutland,400
Vermont,Washington,164
Vermont,Windham,27
Vermont,Windsor,136
Virgin Islands of the U.S.,78001,385
Virginia,Albemarle,38
Virginia,Amherst,0
Virginia,Appomattox,15
Virginia,Augusta,58
Virginia,Bedford,35
Virginia,Bland,7
Virginia,Botetourt,316
Virginia,Brunswick,40
Virginia,Buchanan,4312
Virginia,Buckingham,245
Virginia,Campbell,46
Virginia,Caroline,27
Virginia,Carroll,7
Virginia,Charles City,8
Virginia,Chesapeake City,36
Virginia,Chesterfield,111
Virginia,Clarke,10
Virginia,Craig,8
Virginia,Culpeper,39
Virginia,Danville City,1
Virginia,Dickenson,1865
Virginia,Dinwiddie,46
Virginia,Essex,15
Virginia,Fairfax,62
Virginia,Fauquier,27
Virginia,Franklin,11
Virginia,Frederick,183
Virginia,Giles,197
Virginia,Gloucester,4
Virginia,Goochland,78
Virginia,Grayson,18
Virginia,Greene,13
Virginia,Greensville,43
Virginia,Halifax,24
Virginia,Hanover,90
Virginia,Henrico,140
Virginia,Henry,41
Virginia,Highland,2
Virginia,Isle of Wight,2
Virginia,James City,4
Virginia,King and Queen,45
Virginia,King George,31
Virginia,King William,9
Virginia,Lee,638
Virginia,Loudoun,162
Virginia,Louisa,29
Virginia,Mecklenburg,18
Virginia,Montgomery,35
Virginia,Nelson,14
Virginia,New Kent,10
Virginia,Nottoway,15
Virginia,Orange,1
Virginia,Pittsylvania,37
Virginia,Powhatan,13
Virginia,Prince Edward,16
Virginia,Prince George,39
Virginia,Prince William,55
Virginia,Pulaski,40
Virginia,Roanoke,62
Virginia,Roanoke City,2
Virginia,Rockbridge,28
Virginia,Rockingham,60
Virginia,Russell,505
Virginia,Scott,15
Virginia,Shenandoah,88
Virginia,Smyth,107
Virginia,Southampton,18
Virginia,Spotsylvania,48
Virginia,Stafford,37
Virginia,Sussex,3
Virginia,Tazewell,763
Virginia,Virginia Beach City,7
Virginia,Warren,72
Virginia,Washington,20
Virginia,Westmoreland,3
Virginia,Wise,2979
Virginia,Wythe,90
Washington,Asotin,14
Washington,Benton,4
Washington,Chelan,194
Washington,Clallam,73
Washington,Clark,86
Washington,Columbia,10
Washington,Cowlitz,56
Washington,Douglas,7
Washington,Ferry,288
Washington,Franklin,13
Washington,Garfield,5
Washington,Grant,81
Washington,Grays Harbor,60
Washington,Island,19
Washington,Jefferson,35
Washington,King,397
Washington,Kitsap,35
Washington,Kittitas,33
Washington,Klickitat,46
Washington,Lewis,606
Washington,Lincoln,10
Washington,Mason,19
Washington,Okanogan,67
Washington,Pacific,29
Washington,Pend Oreille,20
Washington,Pierce,141
Washington,San Juan,44
Washington,Skagit,53
Washington,Skamania,6
Washington,Snohomish,215
Washington,Spokane,104
Washington,Stevens,124
Washington,Thurston,91
Washington,Wahkiakum,0
Washington,Walla Walla,9
Washington,Whatcom,73
Washington,Whitman,2
Washington,Yakima,26
West Virginia,Barbour,387
West Virginia,Berkeley,202
West Virginia,Boone,4066
West Virginia,Braxton,197
West Virginia,Brooke,350
West Virginia,Cabell,4
West Virginia,Clay,179
West Virginia,Fayette,961
West Virginia,Gilmer,10
West Virginia,Grant,774
West Virginia,Greenbrier,320
West Virginia,Hampshire,8
West Virginia,Hancock,19
West Virginia,Harrison,783
West Virginia,Jefferson,56
West Virginia,Kanawha,1120
West Virginia,Lewis,60
West Virginia,Lincoln,45
West Virginia,Logan,3119
West Virginia,Marion,1168
West Virginia,Marshall,1011
West Virginia,Mason,41
West Virginia,McDowell,1683
West Virginia,Mercer,35
West Virginia,Mineral,109
West Virginia,Mingo,2993
West Virginia,Monongalia,2516
West Virginia,Morgan,111
West Virginia,Nicholas,1441
West Virginia,Ohio,28
West Virginia,Pendleton,45
West Virginia,Pocahontas,15
West Virginia,Preston,596
West Virginia,Putnam,10
West Virginia,Raleigh,1947
West Virginia,Randolph,365
West Virginia,Taylor,6
West Virginia,Tucker,61
West Virginia,Upshur,247
West Virginia,Wayne,253
West Virginia,Webster,473
West Virginia,Wetzel,11
West Virginia,Wyoming,1781
Wisconsin,Adams,2
Wisconsin,Ashland,4
Wisconsin,Barron,11
Wisconsin,Bayfield,8
Wisconsin,Brown,80
Wisconsin,Buffalo,4
Wisconsin,Burnett,9
Wisconsin,Calumet,21
Wisconsin,Chippewa,21
Wisconsin,Clark,23
Wisconsin,Columbia,50
Wisconsin,Crawford,12
Wisconsin,Dane,74
Wisconsin,Dodge,70
Wisconsin,Door,22
Wisconsin,Douglas,46
Wisconsin,Dunn,10
Wisconsin,Eau Claire,16
Wisconsin,Fond du Lac,179
Wisconsin,Forest,2
Wisconsin,Grant,18
Wisconsin,Green,10
Wisconsin,Green Lake,64
Wisconsin,Iowa,9
Wisconsin,Iron,4
Wisconsin,Jackson,45
Wisconsin,Jefferson,6
Wisconsin,Juneau,44
Wisconsin,Kenosha,8
Wisconsin,Kewaunee,9
Wisconsin,La Crosse,13
Wisconsin,Lafayette,9
Wisconsin,Langlade,22
Wisconsin,Lincoln,11
Wisconsin,Manitowoc,76
Wisconsin,Marathon,135
Wisconsin,Marinette,133
Wisconsin,Milwaukee,39
Wisconsin,Monroe,18
Wisconsin,Oconto,21
Wisconsin,Oneida,10
Wisconsin,Outagamie,50
Wisconsin,Ozaukee,20
Wisconsin,Pepin,3
Wisconsin,Pierce,14
Wisconsin,Polk,37
Wisconsin,Portage,16
Wisconsin,Price,6
Wisconsin,Racine,35
Wisconsin,Richland,4
Wisconsin,Rock,56
Wisconsin,Rusk,11
Wisconsin,Sauk,71
Wisconsin,Sawyer,9
Wisconsin,Shawano,24
Wisconsin,Sheboygan,16
Wisconsin,St Croix,8
Wisconsin,Taylor,48
Wisconsin,Trempealeau,6
Wisconsin,Vilas,9
Wisconsin,Walworth,45
Wisconsin,Washburn,3
Wisconsin,Washington,36
Wisconsin,Waukesha,212
Wisconsin,Waupaca,27
Wisconsin,Waushara,2
Wisconsin,Winnebago,8
Wisconsin,Wood,0
Wyoming,Albany,114
Wyoming,Big Horn,180
Wyoming,Campbell,2475
Wyoming,Carbon,460
Wyoming,Converse,304
Wyoming,Crook,176
Wyoming,Fremont,97
Wyoming,Goshen,35
Wyoming,Hot Springs,10
Wyoming,Johnson,40
Wyoming,Laramie,60
Wyoming,Lincoln,441
Wyoming,Natrona,79
Wyoming,Park,30
Wyoming,Platte,44
Wyoming,Sheridan,39
Wyoming,Sublette,2
Wyoming,Sweetwater,3450
Wyoming,Teton,34
Wyoming,Uinta,16
Wyoming,Washakie,25
Wyoming,Weston,60
