State,County,Number of Employees
Alabama,Autauga,8
Alabama,Baldwin,13
Alabama,Barbour,60
Alabama,Bibb,11
Alabama,Blount,59
Alabama,Calhoun,44
Alabama,Cherokee,0
Alabama,Chilton,25
Alabama,Choctaw,4
Alabama,Clarke,25
Alabama,Cleburne,0
Alabama,Coffee,0
Alabama,Colbert,133
Alabama,Conecuh,23
Alabama,Coosa,16
Alabama,Covington,3
Alabama,Cullman,29
Alabama,Dale,5
Alabama,Dallas,43
Alabama,De Kalb,17
Alabama,Elmore,44
Alabama,Escambia,69
Alabama,Etowah,15
Alabama,Fayette,357
Alabama,Franklin,46
Alabama,Geneva,3
Alabama,Hale,4
Alabama,Houston,4
Alabama,Jackson,24
Alabama,Jefferson,1947
Alabama,Lauderdale,21
Alabama,Lawrence,27
Alabama,Lee,46
Alabama,Limestone,8
Alabama,Lowndes,47
Alabama,Macon,52
Alabama,Madison,62
Alabama,Marengo,79
Alabama,Marion,35
Alabama,Marshall,42
Alabama,Mobile,202
Alabama,Monroe,16
Alabama,Montgomery,101
Alabama,Morgan,66
Alabama,Pickens,11
Alabama,Randolph,3
Alabama,Russell,24
Alabama,Shelby,663
Alabama,St Clair,170
Alabama,Sumter,76
Alabama,Talladega,506
Alabama,Tuscaloosa,1520
Alabama,Walker,610
Alabama,Washington,4
Alabama,Winston,37
Alaska,Aleutians West,4
Alaska,Anchorage,72
Alaska,Bethel,15
Alaska,Denali,26
Alaska,Fairbanks North Star,318
Alaska,Haines,3
Alaska,Juneau,283
Alaska,Kenai Peninsula,5
Alaska,Ketchikan Gateway,4
Alaska,Matanuska-Susitna,70
Alaska,Nome,5
Alaska,Northwest Arctic,176
Alaska,Prince of Wales-Outer Ketchikan,0
Alaska,Sitka,8
Alaska,Skagway-Hoonah-Angoon,11
Alaska,Southeast Fairbanks,31
Alaska,Valdez-Cordova,3
Alaska,Yukon-Koyukuk,187
Arizona,Apache,34
Arizona,Cochise,155
Arizona,Coconino,406
Arizona,Gila,594
Arizona,Graham,10
Arizona,Greenlee,2538
Arizona,La Paz,29
Arizona,Maricopa,892
Arizona,Mohave,194
Arizona,Navajo,811
Arizona,Pima,1960
Arizona,Pinal,2198
Arizona,Santa Cruz,18
Arizona,Yavapai,953
Arizona,Yuma,95
Arkansas,Baxter,28
Arkansas,Benton,105
Arkansas,Boone,16
Arkansas,Bradley,7
Arkansas,Calhoun,23
Arkansas,Carroll,18
Arkansas,Clark,5
Arkansas,Cleburne,23
Arkansas,Conway,10
Arkansas,Craighead,20
Arkansas,Crawford,43
Arkansas,Crittenden,40
Arkansas,Cross,11
Arkansas,Desha,9
Arkansas,Faulkner,29
Arkansas,Franklin,23
Arkansas,Garland,103
Arkansas,Grant,20
Arkansas,Greene,14
Arkansas,Hempstead,4
Arkansas,Hot Spring,74
Arkansas,Howard,60
Arkansas,Independence,129
Arkansas,Izard,66
Arkansas,Jackson,2
Arkansas,Jefferson,4
Arkansas,Johnson,15
Arkansas,Lawrence,73
Arkansas,Lincoln,12
Arkansas,Little River,206
Arkansas,Logan,82
Arkansas,Madison,6
Arkansas,Marion,5
Arkansas,Montgomery,41
Arkansas,Nevada,31
Arkansas,Ouachita,52
Arkansas,Perry,9
Arkansas,Pike,39
Arkansas,Poinsett,29
Arkansas,Polk,56
Arkansas,Pope,41
Arkansas,Pulaski,490
Arkansas,Randolph,0
Arkansas,Saline,423
Arkansas,Scott,0
Arkansas,Searcy,0
Arkansas,Sebastian,131
Arkansas,Sevier,16
Arkansas,Sharp,2
Arkansas,St Francis,5
Arkansas,Stone,7
Arkansas,Van Buren,39
Arkansas,Washington,47
Arkansas,White,26
California,Alameda,262
California,Alpine,2
California,Amador,110
California,Butte,69
California,Calaveras,27
California,Colusa,7
California,Contra Costa,96
California,Del Norte,31
California,El Dorado,41
California,Fresno,95
California,Glenn,49
California,Humboldt,70
California,Imperial,218
California,Inyo,261
California,Kern,1543
California,Lake,140
California,Lassen,23
California,Los Angeles,489
California,Madera,38
California,Marin,45
California,Mariposa,22
California,Mendocino,82
California,Merced,54
California,Modoc,49
California,Mono,43
California,Monterey,144
California,Napa,65
California,Nevada,59
California,Orange,157
California,Placer,85
California,Plumas,18
California,Riverside,538
California,Sacramento,235
California,San Benito,169
California,San Bernardino,1386
California,San Diego,427
California,San Francisco,8
California,San Joaquin,177
California,San Luis Obispo,53
California,San Mateo,28
California,Santa Barbara,419
California,Santa Clara,235
California,Santa Cruz,193
California,Shasta,212
California,Sierra,13
California,Siskiyou,21
California,Solano,75
California,Sonoma,159
California,Stanislaus,39
California,Sutter,23
California,Tehama,44
California,Trinity,8
California,Tulare,67
California,Tuolumne,77
California,Ventura,166
California,Yolo,68
California,Yuba,93
Colorado,Adams,176
Colorado,Alamosa,88
Colorado,Arapahoe,45
Colorado,Archuleta,31
Colorado,Baca,3
Colorado,Boulder,157
Colorado,Chaffee,30
Colorado,Clear Creek,588
Colorado,Custer,0
Colorado,Delta,175
Colorado,Denver,16
Colorado,Dolores,18
Colorado,Douglas,13
Colorado,Eagle,29
Colorado,El Paso,91
Colorado,Elbert,1
Colorado,Fremont,326
Colorado,Garfield,55
Colorado,Grand,14
Colorado,Gunnison,456
Colorado,Hinsdale,3
Colorado,Huerfano,4
Colorado,Jackson,4
Colorado,Jefferson,248
Colorado,Kit Carson,4
Colorado,La Plata,77
Colorado,Lake,61
Colorado,Larimer,349
Colorado,Las Animas,13
Colorado,Lincoln,2
Colorado,Logan,7
Colorado,Mesa,133
Colorado,Moffat,458
Colorado,Montezuma,62
Colorado,Montrose,422
Colorado,Morgan,24
Colorado,Otero,39
Colorado,Ouray,15
Colorado,Park,20
Colorado,Phillips,1
Colorado,Pitkin,0
Colorado,Prowers,47
Colorado,Pueblo,64
Colorado,Rio Blanco,133
Colorado,Rio Grande,6
Colorado,Routt,466
Colorado,Saguache,2
Colorado,San Miguel,5
Colorado,Sedgwick,2
Colorado,Summit,32
Colorado,Teller,244
Colorado,Weld,175
Connecticut,Fairfield,39
Connecticut,Hartford,135
Connecticut,Litchfield,187
Connecticut,Middlesex,19
Connecticut,New Haven,256
Connecticut,New London,33
Connecticut,Tolland,78
Connecticut,Windham,84
Delaware,Kent,32
Delaware,New Castle,61
Delaware,Sussex,13
Florida,Alachua,80
Florida,Brevard,21
Florida,Broward,28
Florida,Calhoun,4
Florida,Charlotte,73
Florida,Citrus,105
Florida,Clay,277
Florida,Collier,67
Florida,Columbia,26
Florida,Dade,1147
Florida,De Soto,7
Florida,Dixie,5
Florida,Escambia,23
Florida,Franklin,16
Florida,Gadsden,173
Florida,Gilchrist,2
Florida,Glades,35
Florida,Hamilton,242
Florida,Hardee,159
Florida,Hernando,600
Florida,Hillsborough,402
Florida,Indian River,10
Florida,Jackson,50
Florida,Jefferson,0
Florida,Lafayette,12
Florida,Lake,96
Florida,Lee,307
Florida,Leon,2
Florida,Levy,51
Florida,Manatee,140
Florida,Marion,182
Florida,Martin,3
Florida,Monroe,14
Florida,Okaloosa,15
Florida,Okeechobee,4
Florida,Orange,11
Florida,Palm Beach,87
Florida,Pasco,42
Florida,Polk,1511
Florida,Putnam,69
Florida,Santa Rosa,18
Florida,Sarasota,48
Florida,Seminole,2
Florida,St Lucie,25
Florida,Sumter,117
Florida,Suwannee,24
Florida,Taylor,84
Florida,Volusia,6
Florida,Walton,15
Florida,Washington,12
Georgia,Baldwin,4
Georgia,Banks,9
Georgia,Barrow,22
Georgia,Bartow,132
Georgia,Berrien,3
Georgia,Bibb,16
Georgia,Carroll,40
Georgia,Catoosa,15
Georgia,Chatham,60
Georgia,Cherokee,26
Georgia,Clarke,21
Georgia,Clay,0
Georgia,Clayton,43
Georgia,Cobb,72
Georgia,Columbia,21
Georgia,Cook,5
Georgia,Coweta,17
Georgia,Crawford,45
Georgia,De Kalb,75
Georgia,Decatur,271
Georgia,Dougherty,4
Georgia,Douglas,76
Georgia,Early,4
Georgia,Echols,5
Georgia,Effingham,14
Georgia,Elbert,130
Georgia,Evans,2
Georgia,Fayette,50
Georgia,Floyd,31
Georgia,Forsyth,76
Georgia,Fulton,159
Georgia,Gilmer,69
Georgia,Glascock,118
Georgia,Grady,0
Georgia,Greene,20
Georgia,Gwinnett,137
Georgia,Habersham,12
Georgia,Hall,58
Georgia,Hancock,15
Georgia,Haralson,0
Georgia,Harris,15
Georgia,Hart,67
Georgia,Heard,9
Georgia,Henry,36
Georgia,Houston,131
Georgia,Jackson,17
Georgia,Jasper,32
Georgia,Jefferson,232
Georgia,Jones,95
Georgia,Lee,15
Georgia,Long,9
Georgia,Lumpkin,18
Georgia,Macon,22
Georgia,Madison,6
Georgia,Marion,38
Georgia,McIntosh,0
Georgia,Monroe,63
Georgia,Montgomery,4
Georgia,Morgan,8
Georgia,Murray,42
Georgia,Muscogee,44
Georgia,Newton,15
Georgia,Oglethorpe,187
Georgia,Paulding,22
Georgia,Pickens,290
Georgia,Polk,25
Georgia,Rabun,13
Georgia,Richmond,114
Georgia,Rockdale,3
Georgia,Spalding,22
Georgia,Stephens,12
Georgia,Sumter,180
Georgia,Talbot,58
Georgia,Taylor,29
Georgia,Thomas,301
Georgia,Towns,11
Georgia,Troup,16
Georgia,Twiggs,547
Georgia,Union,17
Georgia,Walker,24
Georgia,Warren,152
Georgia,Washington,1130
Georgia,White,8
Georgia,Whitfield,90
Georgia,Wilkes,14
Georgia,Wilkinson,755
Hawaii,Hawaii,80
Hawaii,Honolulu,175
Hawaii,Kauai,24
Hawaii,Maui,38
Idaho,Ada,177
Idaho,Adams,0
Idaho,Bannock,81
Idaho,Bear Lake,7
Idaho,Benewah,62
Idaho,Bingham,19
Idaho,Blaine,21
Idaho,Bonner,25
Idaho,Bonneville,63
Idaho,Boundary,6
Idaho,Butte,0
Idaho,Canyon,55
Idaho,Caribou,423
Idaho,Cassia,58
Idaho,Clark,7
Idaho,Custer,211
Idaho,Elmore,9
Idaho,Franklin,22
Idaho,Fremont,7
Idaho,Gem,22
Idaho,Idaho,55
Idaho,Jefferson,7
Idaho,Kootenai,41
Idaho,Latah,13
Idaho,Lemhi,145
Idaho,Lewis,3
Idaho,Lincoln,4
Idaho,Madison,15
Idaho,Minidoka,13
Idaho,Nez Perce,64
Idaho,Oneida,63
Idaho,Owyhee,44
Idaho,Payette,3
Idaho,Power,14
Idaho,Shoshone,684
Idaho,Teton,0
Idaho,Twin Falls,57
Idaho,Valley,10
Idaho,Washington,6
Illinois,Adams,148
Illinois,Alexander,49
Illinois,Bond,16
Illinois,Boone,24
Illinois,Bureau,10
Illinois,Carroll,7
Illinois,Champaign,12
Illinois,Christian,44
Illinois,Clark,29
Illinois,Clinton,1
Illinois,Coles,26
Illinois,Cook,387
Illinois,Crawford,11
Illinois,Cumberland,14
Illinois,De Kalb,39
Illinois,Douglas,14
Illinois,Du Page,4
Illinois,Fayette,9
Illinois,Ford,6
Illinois,Franklin,6
Illinois,Fulton,11
Illinois,Gallatin,587
Illinois,Greene,19
Illinois,Grundy,21
Illinois,Hancock,32
Illinois,Hardin,193
Illinois,Henderson,10
Illinois,Henry,12
Illinois,Iroquois,4
Illinois,Jackson,44
Illinois,Jefferson,475
Illinois,Jersey,14
Illinois,Jo Daviess,24
Illinois,Johnson,37
Illinois,Kane,127
Illinois,Kankakee,76
Illinois,Kendall,31
Illinois,Knox,12
Illinois,La Salle,464
Illinois,Lake,59
Illinois,Lawrence,16
Illinois,Lee,170
Illinois,Livingston,51
Illinois,Logan,246
Illinois,Macon,11
Illinois,Macoupin,508
Illinois,Madison,69
Illinois,Marshall,18
Illinois,Mason,9
Illinois,Massac,96
Illinois,McDonough,87
Illinois,McHenry,160
Illinois,McLean,45
Illinois,Menard,14
Illinois,Monroe,13
Illinois,Montgomery,206
Illinois,Ogle,75
Illinois,Peoria,16
Illinois,Perry,351
Illinois,Piatt,3
Illinois,Pike,43
Illinois,Pulaski,59
Illinois,Putnam,10
Illinois,Randolph,234
Illinois,Rock Island,60
Illinois,Saline,869
Illinois,Sangamon,26
Illinois,Schuyler,4
Illinois,Scott,9
Illinois,Shelby,15
Illinois,St Clair,151
Illinois,Stephenson,14
Illinois,Tazewell,30
Illinois,Union,38
Illinois,Vermilion,93
Illinois,Wabash,159
Illinois,Warren,18
Illinois,Washington,320
Illinois,White,229
Illinois,Whiteside,10
Illinois,Will,228
Illinois,Williamson,53
Illinois,Winnebago,73
Illinois,Woodford,27
Indiana,Adams,27
Indiana,Allen,107
Indiana,Bartholomew,27
Indiana,Blackford,9
Indiana,Boone,6
Indiana,Carroll,26
Indiana,Cass,115
Indiana,Clark,301
Indiana,Clay,33
Indiana,Crawford,184
Indiana,Daviess,234
Indiana,De Kalb,29
Indiana,Dearborn,9
Indiana,Decatur,20
Indiana,Delaware,22
Indiana,Dubois,28
Indiana,Elkhart,37
Indiana,Fayette,5
Indiana,Floyd,12
Indiana,Franklin,13
Indiana,Fulton,6
Indiana,Gibson,332
Indiana,Grant,56
Indiana,Greene,430
Indiana,Hamilton,173
Indiana,Hancock,2
Indiana,Harrison,83
Indiana,Hendricks,14
Indiana,Henry,7
Indiana,Howard,26
Indiana,Huntington,27
Indiana,Jackson,5
Indiana,Jasper,20
Indiana,Jay,25
Indiana,Jennings,23
Indiana,Johnson,16
Indiana,Knox,524
Indiana,Kosciusko,23
Indiana,La Grange,5
Indiana,La Porte,8
Indiana,Lake,87
Indiana,Lawrence,235
Indiana,Madison,30
Indiana,Marion,129
Indiana,Marshall,12
Indiana,Martin,78
Indiana,Miami,28
Indiana,Monroe,179
Indiana,Montgomery,9
Indiana,Morgan,74
Indiana,Newton,29
Indiana,Noble,13
Indiana,Ohio,0
Indiana,Orange,37
Indiana,Owen,33
Indiana,Parke,41
Indiana,Perry,0
Indiana,Pike,370
Indiana,Porter,12
Indiana,Posey,6
Indiana,Pulaski,33
Indiana,Putnam,181
Indiana,Randolph,12
Indiana,Ripley,22
Indiana,Rush,7
Indiana,Scott,27
Indiana,Shelby,43
Indiana,Spencer,70
Indiana,St Joseph,26
Indiana,Starke,4
Indiana,Steuben,19
Indiana,Sullivan,137
Indiana,Switzerland,50
Indiana,Tippecanoe,28
Indiana,Vanderburgh,33
Indiana,Vermillion,12
Indiana,Vigo,223
Indiana,Wabash,6
Indiana,Warren,16
Indiana,Warrick,340
Indiana,Washington,26
Indiana,Wayne,32
Indiana,Wells,12
Indiana,White,12
Indiana,Whitley,7
Iowa,Adair,223
Iowa,Appanoose,13
Iowa,Benton,19
Iowa,Black Hawk,52
Iowa,Buena Vista,2
Iowa,Butler,4
Iowa,Carroll,7
Iowa,Cedar,6
Iowa,Cerro Gordo,243
Iowa,Cherokee,8
Iowa,Chickasaw,4
Iowa,Clarke,0
Iowa,Clay,19
Iowa,Clayton,1
Iowa,Clinton,78
Iowa,Dallas,4
Iowa,Decatur,9
Iowa,Delaware,14
Iowa,Des Moines,122
Iowa,Dickinson,17
Iowa,Dubuque,30
Iowa,Emmet,22
Iowa,Fayette,53
Iowa,Floyd,36
Iowa,Greene,11
Iowa,Guthrie,13
Iowa,Hamilton,21
Iowa,Hancock,5
Iowa,Hardin,114
Iowa,Harrison,8
Iowa,Henry,11
Iowa,Humboldt,11
Iowa,Iowa,1
Iowa,Jackson,8
Iowa,Jasper,23
Iowa,Johnson,64
Iowa,Jones,51
Iowa,Keokuk,10
Iowa,Kossuth,12
Iowa,Lee,5
Iowa,Linn,52
Iowa,Louisa,18
Iowa,Lyon,7
Iowa,Madison,5
Iowa,Marion,56
Iowa,Marshall,16
Iowa,Mitchell,48
Iowa,Muscatine,97
Iowa,O Brien,3
Iowa,Osceola,2
Iowa,Palo Alto,6
Iowa,Plymouth,6
Iowa,Pocahontas,43
Iowa,Polk,172
Iowa,Poweshiek,10
Iowa,Sac,30
Iowa,Scott,207
Iowa,Sioux,23
Iowa,Story,65
Iowa,Tama,3
Iowa,Van Buren,34
Iowa,Wapello,17
Iowa,Webster,106
Iowa,Winneshiek,34
Iowa,Woodbury,10
Iowa,Worth,6
Iowa,Wright,6
Kansas,Allen,162
Kansas,Atchison,28
Kansas,Barber,25
Kansas,Barton,9
Kansas,Bourbon,10
Kansas,Butler,22
Kansas,Chase,25
Kansas,Chautauqua,0
Kansas,Cherokee,1
Kansas,Clay,5
Kansas,Cloud,7
Kansas,Cowley,34
Kansas,Crawford,82
Kansas,Dickinson,55
Kansas,Doniphan,4
Kansas,Douglas,31
Kansas,Edwards,3
Kansas,Ellis,12
Kansas,Ellsworth,52
Kansas,Finney,12
Kansas,Ford,17
Kansas,Franklin,27
Kansas,Geary,5
Kansas,Gray,2
Kansas,Greenwood,14
Kansas,Hamilton,3
Kansas,Harper,3
Kansas,Jefferson,60
Kansas,Jewell,3
Kansas,Johnson,169
Kansas,Kearny,2
Kansas,Kiowa,1
Kansas,Labette,8
Kansas,Lincoln,34
Kansas,Linn,51
Kansas,Lyon,21
Kansas,Marion,24
Kansas,Marshall,34
Kansas,McPherson,26
Kansas,Miami,27
Kansas,Montgomery,110
Kansas,Nemaha,8
Kansas,Neosho,121
Kansas,Norton,0
Kansas,Osage,31
Kansas,Pawnee,2
Kansas,Phillips,7
Kansas,Pottawatomie,9
Kansas,Pratt,8
Kansas,Reno,60
Kansas,Republic,3
Kansas,Rice,42
Kansas,Riley,35
Kansas,Saline,9
Kansas,Sedgwick,44
Kansas,Seward,4
Kansas,Shawnee,61
Kansas,Sherman,2
Kansas,Smith,3
Kansas,Sumner,7
Kansas,Thomas,5
Kansas,Trego,2
Kansas,Wabaunsee,2
Kansas,Washington,5
Kansas,Wilson,114
Kansas,Wyandotte,86
Kentucky,Adair,31
Kentucky,Allen,4
Kentucky,Anderson,15
Kentucky,Ballard,0
Kentucky,Barren,8
Kentucky,Bell,746
Kentucky,Boone,38
Kentucky,Bourbon,17
Kentucky,Boyd,131
Kentucky,Boyle,16
Kentucky,Breathitt,263
Kentucky,Breckinridge,31
Kentucky,Bullitt,68
Kentucky,Butler,25
Kentucky,Caldwell,60
Kentucky,Calloway,3
Kentucky,Campbell,11
Kentucky,Carlisle,17
Kentucky,Carroll,36
Kentucky,Carter,82
Kentucky,Casey,22
Kentucky,Christian,56
Kentucky,Clay,46
Kentucky,Clinton,22
Kentucky,Crittenden,20
Kentucky,Daviess,96
Kentucky,Estill,48
Kentucky,Fayette,42
Kentucky,Fleming,16
Kentucky,Floyd,769
Kentucky,Franklin,22
Kentucky,Gallatin,33
Kentucky,Garrard,15
Kentucky,Graves,63
Kentucky,Grayson,24
Kentucky,Green,9
Kentucky,Hancock,0
Kentucky,Hardin,69
Kentucky,Harlan,1465
Kentucky,Hart,31
Kentucky,Henderson,84
Kentucky,Henry,27
Kentucky,Hopkins,742
Kentucky,Jackson,30
Kentucky,Jefferson,243
Kentucky,Jessamine,27
Kentucky,Johnson,152
Kentucky,Knott,1588
Kentucky,Knox,163
Kentucky,Laurel,22
Kentucky,Lawrence,44
Kentucky,Lee,8
Kentucky,Leslie,830
Kentucky,Letcher,1402
Kentucky,Livingston,362
Kentucky,Logan,20
Kentucky,Madison,45
Kentucky,Magoffin,1
Kentucky,Marion,8
Kentucky,Martin,1013
Kentucky,Mason,231
Kentucky,McCracken,6
Kentucky,McCreary,2
Kentucky,McLean,120
Kentucky,Meade,92
Kentucky,Menifee,9
Kentucky,Mercer,12
Kentucky,Metcalfe,1
Kentucky,Monroe,3
Kentucky,Montgomery,12
Kentucky,Morgan,17
Kentucky,Muhlenberg,323
Kentucky,Nelson,26
Kentucky,Ohio,47
Kentucky,Oldham,49
Kentucky,Owsley,6
Kentucky,Pendleton,242
Kentucky,Perry,1513
Kentucky,Pike,4175
Kentucky,Powell,35
Kentucky,Pulaski,130
Kentucky,Rockcastle,11
Kentucky,Scott,80
Kentucky,Simpson,10
Kentucky,Taylor,1
Kentucky,Todd,17
Kentucky,Trigg,15
Kentucky,Trimble,5
Kentucky,Union,764
Kentucky,Warren,42
Kentucky,Washington,9
Kentucky,Wayne,18
Kentucky,Webster,796
Kentucky,Whitley,89
Kentucky,Wolfe,5
Louisiana,Allen,7
Louisiana,Ascension,235
Louisiana,Assumption,14
Louisiana,Beauregard,11
Louisiana,Bienville,0
Louisiana,Caddo,1
Louisiana,Calcasieu,36
Louisiana,Catahoula,14
Louisiana,De Soto,130
Louisiana,East Baton Rouge,60
Louisiana,East Feliciana,26
Louisiana,Evangeline,4
Louisiana,Grant,3
Louisiana,Iberia,345
Louisiana,Jefferson,49
Louisiana,Jefferson Davis,46
Louisiana,La Salle,22
Louisiana,Lafayette,9
Louisiana,Livingston,47
Louisiana,Orleans,269
Louisiana,Ouachita,17
Louisiana,Plaquemines,0
Louisiana,Pointe Coupee,57
Louisiana,Rapides,33
Louisiana,Red River,34
Louisiana,St Bernard,9
Louisiana,St Charles,3
Louisiana,St Helena,101
Louisiana,St James,265
Louisiana,St John the Baptist,1
Louisiana,St Martin,5
Louisiana,St Mary,7
Louisiana,St Tammany,59
Louisiana,Tangipahoa,40
Louisiana,Terrebonne,18
Louisiana,Vermilion,6
Louisiana,Vernon,7
Louisiana,Washington,109
Louisiana,Webster,22
Louisiana,West Baton Rouge,2
Louisiana,West Feliciana,14
Louisiana,Winn,8
Maine,Androscoggin,36
Maine,Aroostook,52
Maine,Cumberland,54
Maine,Franklin,5
Maine,Hancock,36
Maine,Kennebec,35
Maine,Knox,111
Maine,Lincoln,12
Maine,Oxford,4
Maine,Penobscot,40
Maine,Piscataquis,19
Maine,Sagadahoc,0
Maine,Somerset,38
Maine,Waldo,30
Maine,Washington,17
Maine,York,82
Maryland,Allegany,131
Maryland,Anne Arundel,40
Maryland,Baltimore,209
Maryland,Caroline,19
Maryland,Carroll,198
Maryland,Cecil,127
Maryland,Charles,72
Maryland,Dorchester,8
Maryland,Frederick,222
Maryland,Garrett,380
Maryland,Harford,97
Maryland,Kent,5
Maryland,Montgomery,93
Maryland,Prince Georges,74
Maryland,Queen Annes,17
Maryland,St Marys,35
Maryland,Talbot,4
Maryland,Washington,161
Maryland,Wicomico,4
Massachusetts,Barnstable,45
Massachusetts,Berkshire,256
Massachusetts,Bristol,91
Massachusetts,Dukes,7
Massachusetts,Essex,68
Massachusetts,Franklin,52
Massachusetts,Hampden,75
Massachusetts,Hampshire,38
Massachusetts,Middlesex,131
Massachusetts,Norfolk,100
Massachusetts,Plymouth,129
Massachusetts,Suffolk,17
Massachusetts,Worcester,147
Michigan,Allegan,70
Michigan,Alpena,281
Michigan,Antrim,11
Michigan,Arenac,2
Michigan,Baraga,9
Michigan,Barry,22
Michigan,Bay,46
Michigan,Benzie,4
Michigan,Berrien,44
Michigan,Branch,10
Michigan,Calhoun,58
Michigan,Cass,33
Michigan,Charlevoix,155
Michigan,Cheboygan,2
Michigan,Chippewa,40
Michigan,Clare,8
Michigan,Clinton,65
Michigan,Delta,27
Michigan,Dickinson,14
Michigan,Eaton,18
Michigan,Emmet,21
Michigan,Gogebic,2
Michigan,Grand Traverse,15
Michigan,Gratiot,9
Michigan,Hillsdale,37
Michigan,Houghton,11
Michigan,Huron,31
Michigan,Ingham,20
Michigan,Ionia,11
Michigan,Iosco,148
Michigan,Iron,35
Michigan,Isabella,15
Michigan,Jackson,44
Michigan,Kalamazoo,31
Michigan,Kent,91
Michigan,Lake,2
Michigan,Lapeer,55
Michigan,Leelanau,19
Michigan,Lenawee,35
Michigan,Livingston,63
Michigan,Luce,3
Michigan,Mackinac,72
Michigan,Macomb,25
Michigan,Manistee,1
Michigan,Marquette,1655
Michigan,Mecosta,9
Michigan,Menominee,5
Michigan,Midland,4
Michigan,Missaukee,7
Michigan,Monroe,309
Michigan,Montcalm,15
Michigan,Montmorency,4
Michigan,Muskegon,37
Michigan,Newaygo,9
Michigan,Oakland,207
Michigan,Oceana,11
Michigan,Ogemaw,19
Michigan,Ontonagon,20
Michigan,Osceola,5
Michigan,Oscoda,0
Michigan,Otsego,4
Michigan,Ottawa,71
Michigan,Presque Isle,246
Michigan,Roscommon,41
Michigan,Saginaw,8
Michigan,Sanilac,22
Michigan,Schoolcraft,79
Michigan,Shiawassee,35
Michigan,St Clair,1
Michigan,St Joseph,10
Michigan,Tuscola,36
Michigan,Van Buren,5
Michigan,Washtenaw,86
Michigan,Wayne,221
Michigan,Wexford,18
Minnesota,Aitkin,2
Minnesota,Anoka,3
Minnesota,Becker,35
Minnesota,Beltrami,16
Minnesota,Benton,19
Minnesota,Big Stone,34
Minnesota,Blue Earth,82
Minnesota,Brown,18
Minnesota,Carlton,25
Minnesota,Carver,18
Minnesota,Cass,9
Minnesota,Chippewa,0
Minnesota,Chisago,11
Minnesota,Clay,53
Minnesota,Clearwater,6
Minnesota,Cook,12
Minnesota,Cottonwood,18
Minnesota,Crow Wing,13
Minnesota,Dakota,111
Minnesota,Dodge,13
Minnesota,Douglas,33
Minnesota,Faribault,8
Minnesota,Fillmore,17
Minnesota,Freeborn,12
Minnesota,Goodhue,40
Minnesota,Hennepin,80
Minnesota,Houston,69
Minnesota,Hubbard,10
Minnesota,Isanti,2
Minnesota,Itasca,18
Minnesota,Jackson,4
Minnesota,Kanabec,8
Minnesota,Kandiyohi,29
Minnesota,Kittson,12
Minnesota,Koochiching,7
Minnesota,Lac qui Parle,3
Minnesota,Lake,12
Minnesota,Le Sueur,67
Minnesota,Lincoln,3
Minnesota,Lyon,17
Minnesota,Marshall,19
Minnesota,Martin,12
Minnesota,McLeod,10
Minnesota,Meeker,11
Minnesota,Mille Lacs,15
Minnesota,Morrison,29
Minnesota,Mower,5
Minnesota,Murray,13
Minnesota,Nicollet,14
Minnesota,Nobles,2
Minnesota,Olmsted,23
Minnesota,Otter Tail,32
Minnesota,Pennington,13
Minnesota,Pine,4
Minnesota,Polk,20
Minnesota,Pope,9
Minnesota,Ramsey,4
Minnesota,Red Lake,2
Minnesota,Redwood,11
Minnesota,Renville,15
Minnesota,Rice,11
Minnesota,Rock,19
Minnesota,Roseau,6
Minnesota,Scott,74
Minnesota,Sherburne,44
Minnesota,Sibley,5
Minnesota,St Louis,5177
Minnesota,Stearns,129
Minnesota,Steele,15
Minnesota,Stevens,9
Minnesota,Swift,0
Minnesota,Todd,7
Minnesota,Traverse,2
Minnesota,Wabasha,10
Minnesota,Wadena,7
Minnesota,Waseca,1
Minnesota,Washington,91
Minnesota,Watonwan,2
Minnesota,Wilkin,4
Minnesota,Winona,12
Minnesota,Wright,25
Minnesota,Yellow Medicine,23
Mississippi,Adams,10
Mississippi,Benton,0
Mississippi,Bolivar,4
Mississippi,Carroll,38
Mississippi,Choctaw,37
Mississippi,Claiborne,6
Mississippi,Clay,4
Mississippi,Coahoma,12
Mississippi,Copiah,113
Mississippi,Covington,14
Mississippi,De Soto,31
Mississippi,Forrest,30
Mississippi,George,16
Mississippi,Greene,2
Mississippi,Grenada,10
Mississippi,Hancock,8
Mississippi,Harrison,8
Mississippi,Hinds,112
Mississippi,Holmes,18
Mississippi,Itawamba,19
Mississippi,Jasper,15
Mississippi,Jefferson Davis,0
Mississippi,Lafayette,3
Mississippi,Lamar,8
Mississippi,Lauderdale,2
Mississippi,Lawrence,3
Mississippi,Leake,0
Mississippi,Lincoln,27
Mississippi,Lowndes,170
Mississippi,Marion,19
Mississippi,Monroe,80
Mississippi,Noxubee,11
Mississippi,Panola,59
Mississippi,Pearl River,66
Mississippi,Perry,21
Mississippi,Pike,2
Mississippi,Quitman,6
Mississippi,Rankin,4
Mississippi,Simpson,0
Mississippi,Smith,8
Mississippi,Stone,7
Mississippi,Tallahatchie,8
Mississippi,Tate,14
Mississippi,Tippah,226
Mississippi,Tishomingo,0
Mississippi,Walthall,19
Mississippi,Warren,12
Mississippi,Washington,5
Mississippi,Wayne,6
Mississippi,Winston,9
Mississippi,Yalobusha,6
Mississippi,Yazoo,14
Missouri,Adair,5
Missouri,Andrew,15
Missouri,Audrain,0
Missouri,Barry,27
Missouri,Barton,28
Missouri,Bates,67
Missouri,Benton,16
Missouri,Bollinger,18
Missouri,Boone,63
Missouri,Buchanan,29
Missouri,Butler,13
Missouri,Caldwell,13
Missouri,Callaway,100
Missouri,Camden,32
Missouri,Cape Girardeau,217
Missouri,Carroll,3
Missouri,Cass,89
Missouri,Cedar,5
Missouri,Christian,46
Missouri,Clark,3
Missouri,Clay,73
Missouri,Cole,20
Missouri,Cooper,28
Missouri,Crawford,22
Missouri,Dade,6
Missouri,Dallas,1
Missouri,Daviess,34
Missouri,De Kalb,20
Missouri,Dent,30
Missouri,Douglas,20
Missouri,Franklin,39
Missouri,Gasconade,14
Missouri,Gentry,1
Missouri,Greene,137
Missouri,Grundy,11
Missouri,Harrison,3
Missouri,Henry,22
Missouri,Hickory,3
Missouri,Holt,7
Missouri,Howard,9
Missouri,Howell,29
Missouri,Iron,459
Missouri,Jackson,172
Missouri,Jasper,82
Missouri,Jefferson,277
Missouri,Johnson,21
Missouri,Knox,26
Missouri,Laclede,16
Missouri,Lafayette,8
Missouri,Lawrence,28
Missouri,Lincoln,72
Missouri,Livingston,16
Missouri,Macon,5
Missouri,Marion,7
Missouri,McDonald,32
Missouri,Mercer,12
Missouri,Miller,22
Missouri,Monroe,6
Missouri,Montgomery,57
Missouri,Morgan,27
Missouri,New Madrid,0
Missouri,Newton,21
Missouri,Nodaway,44
Missouri,Oregon,12
Missouri,Osage,12
Missouri,Ozark,1
Missouri,Pemiscot,2
Missouri,Perry,25
Missouri,Pettis,40
Missouri,Phelps,42
Missouri,Pike,199
Missouri,Platte,76
Missouri,Polk,32
Missouri,Pulaski,38
Missouri,Ralls,210
Missouri,Randolph,24
Missouri,Ray,41
Missouri,Reynolds,475
Missouri,Ripley,9
Missouri,Saline,46
Missouri,Scotland,10
Missouri,Scott,71
Missouri,Shannon,3
Missouri,Shelby,23
Missouri,St Charles,55
Missouri,St Francois,83
Missouri,St Louis,306
Missouri,St Louis City,2
Missouri,Ste. Genevieve,1035
Missouri,Stoddard,135
Missouri,Stone,19
Missouri,Sullivan,0
Missouri,Taney,111
Missouri,Texas,32
Missouri,Vernon,14
Missouri,Warren,25
Missouri,Washington,122
Missouri,Wayne,55
Missouri,Webster,11
Missouri,Worth,12
Missouri,Wright,25
Montana,Beaverhead,77
Montana,Big Horn,459
Montana,Blaine,5
Montana,Broadwater,30
Montana,Carbon,20
Montana,Cascade,42
Montana,Chouteau,4
Montana,Custer,3
Montana,Dawson,14
Montana,Deer Lodge,6
Montana,Fallon,4
Montana,Fergus,45
Montana,Flathead,66
Montana,Gallatin,204
Montana,Glacier,2
Montana,Granite,5
Montana,Hill,7
Montana,Jefferson,448
Montana,Judith Basin,14
Montana,Lake,16
Montana,Lewis and Clark,27
Montana,Lincoln,15
Montana,Madison,120
Montana,Meagher,1
Montana,Mineral,2
Montana,Missoula,57
Montana,Park,27
Montana,Phillips,17
Montana,Pondera,4
Montana,Powell,5
Montana,Ravalli,33
Montana,Richland,11
Montana,Roosevelt,2
Montana,Rosebud,369
Montana,Sanders,11
Montana,Sheridan,9
Montana,Silver Bow,349
Montana,Stillwater,774
Montana,Sweet Grass,15
Montana,Teton,1
Montana,Toole,13
Montana,Treasure,3
Montana,Valley,3
Montana,Yellowstone,72
Nebraska,Adams,3
Nebraska,Antelope,8
Nebraska,Boone,8
Nebraska,Boyd,1
Nebraska,Brown,6
Nebraska,Buffalo,23
Nebraska,Butler,8
Nebraska,Cass,298
Nebraska,Cedar,13
Nebraska,Cherry,1
Nebraska,Clay,3
Nebraska,Colfax,9
Nebraska,Cuming,25
Nebraska,Custer,7
Nebraska,Dakota,0
Nebraska,Dawes,38
Nebraska,Dawson,16
Nebraska,Dixon,0
Nebraska,Dodge,7
Nebraska,Douglas,34
Nebraska,Dundy,2
Nebraska,Franklin,8
Nebraska,Furnas,3
Nebraska,Gage,8
Nebraska,Garden,3
Nebraska,Garfield,4
Nebraska,Hall,41
Nebraska,Hamilton,5
Nebraska,Hitchcock,8
Nebraska,Holt,42
Nebraska,Howard,10
Nebraska,Jefferson,12
Nebraska,Kearney,5
Nebraska,Keith,14
Nebraska,Knox,7
Nebraska,Lancaster,11
Nebraska,Lincoln,16
Nebraska,Loup,0
Nebraska,Madison,14
Nebraska,Merrick,8
Nebraska,Morrill,12
Nebraska,Nuckolls,2
Nebraska,Pawnee,12
Nebraska,Perkins,11
Nebraska,Phelps,2
Nebraska,Pierce,5
Nebraska,Platte,41
Nebraska,Polk,3
Nebraska,Red Willow,12
Nebraska,Sarpy,28
Nebraska,Saunders,38
Nebraska,Scotts Bluff,18
Nebraska,Seward,1
Nebraska,Sheridan,2
Nebraska,Stanton,15
Nebraska,Thayer,12
Nebraska,Thomas,8
Nebraska,Valley,4
Nebraska,Washington,37
Nebraska,Webster,4
Nebraska,York,8
Nevada,Carson City,7
Nevada,Churchill,84
Nevada,Clark,954
Nevada,Douglas,6
Nevada,Elko,686
Nevada,Esmeralda,87
Nevada,Eureka,2819
Nevada,Humboldt,1439
Nevada,Lander,831
Nevada,Lincoln,29
Nevada,Lyon,246
Nevada,Mineral,169
Nevada,Nye,887
Nevada,Pershing,648
Nevada,Storey,141
Nevada,Washoe,115
Nevada,White Pine,382
New Hampshire,Belknap,25
New Hampshire,Carroll,48
New Hampshire,Cheshire,22
New Hampshire,Coos,11
New Hampshire,Grafton,41
New Hampshire,Hillsborough,70
New Hampshire,Merrimack,141
New Hampshire,Rockingham,58
New Hampshire,Strafford,35
New Hampshire,Sullivan,21
New Jersey,Atlantic,13
New Jersey,Burlington,29
New Jersey,Camden,45
New Jersey,Cape May,41
New Jersey,Cumberland,175
New Jersey,Gloucester,26
New Jersey,Hunterdon,76
New Jersey,Mercer,54
New Jersey,Middlesex,59
New Jersey,Monmouth,1
New Jersey,Morris,235
New Jersey,Ocean,82
New Jersey,Passaic,148
New Jersey,Salem,0
New Jersey,Somerset,223
New Jersey,Sussex,162
New Jersey,Warren,61
New Mexico,Bernalillo,231
New Mexico,Catron,3
New Mexico,Chaves,52
New Mexico,Cibola,11
New Mexico,Colfax,146
New Mexico,Curry,11
New Mexico,De Baca,13
New Mexico,Dona Ana,122
New Mexico,Eddy,1007
New Mexico,Grant,1180
New Mexico,Guadalupe,7
New Mexico,Hidalgo,8
New Mexico,Lea,314
New Mexico,Lincoln,31
New Mexico,Luna,22
New Mexico,McKinley,743
New Mexico,Mora,3
New Mexico,Otero,48
New Mexico,Quay,7
New Mexico,Rio Arriba,62
New Mexico,Roosevelt,7
New Mexico,San Juan,883
New Mexico,San Miguel,11
New Mexico,Sandoval,129
New Mexico,Santa Fe,62
New Mexico,Sierra,54
New Mexico,Socorro,60
New Mexico,Taos,287
New Mexico,Torrance,27
New Mexico,Union,17
New Mexico,Valencia,16
New York,Albany,262
New York,Allegany,27
New York,Broome,54
New York,Cattaraugus,109
New York,Cayuga,18
New York,Chautauqua,18
New York,Chemung,59
New York,Chenango,25
New York,Clinton,55
New York,Columbia,44
New York,Cortland,30
New York,Delaware,120
New York,Dutchess,213
New York,Erie,140
New York,Essex,130
New York,Franklin,34
New York,Fulton,36
New York,Genesee,82
New York,Greene,136
New York,Hamilton,30
New York,Herkimer,58
New York,Jefferson,63
New York,Kings,5
New York,Lewis,47
New York,Livingston,70
New York,Madison,40
New York,Monroe,57
New York,Montgomery,46
New York,Niagara,49
New York,Oneida,54
New York,Onondaga,110
New York,Ontario,79
New York,Orange,75
New York,Orleans,37
New York,Oswego,47
New York,Otsego,40
New York,Putnam,12
New York,Rensselaer,68
New York,Rockland,140
New York,Saratoga,80
New York,Schenectady,22
New York,Schoharie,39
New York,Schuyler,8
New York,Seneca,13
New York,St Lawrence,306
New York,Steuben,78
New York,Suffolk,84
New York,Sullivan,69
New York,Tioga,60
New York,Tompkins,227
New York,Ulster,69
New York,Warren,171
New York,Washington,130
New York,Wayne,49
New York,Westchester,2
New York,Wyoming,11
New York,Yates,16
North Carolina,Alamance,42
North Carolina,Alexander,0
North Carolina,Anson,104
North Carolina,Ashe,15
North Carolina,Avery,57
North Carolina,Beaufort,442
North Carolina,Bertie,7
North Carolina,Brunswick,18
North Carolina,Buncombe,95
North Carolina,Burke,24
North Carolina,Cabarrus,59
North Carolina,Caldwell,19
North Carolina,Camden,1
North Carolina,Caswell,28
North Carolina,Catawba,29
North Carolina,Chatham,30
North Carolina,Cherokee,20
North Carolina,Clay,32
North Carolina,Cleveland,121
North Carolina,Craven,57
North Carolina,Cumberland,17
North Carolina,Davidson,44
North Carolina,Davie,19
North Carolina,Duplin,8
North Carolina,Durham,29
North Carolina,Edgecombe,44
North Carolina,Forsyth,130
North Carolina,Franklin,10
North Carolina,Gaston,13
North Carolina,Granville,32
North Carolina,Guilford,89
North Carolina,Halifax,4
North Carolina,Harnett,95
North Carolina,Haywood,24
North Carolina,Henderson,29
North Carolina,Hertford,14
North Carolina,Hoke,2
North Carolina,Iredell,20
North Carolina,Jackson,23
North Carolina,Johnston,43
North Carolina,Lee,73
North Carolina,Lenoir,9
North Carolina,Lincoln,38
North Carolina,Macon,24
North Carolina,Madison,14
North Carolina,Martin,2
North Carolina,McDowell,80
North Carolina,Mecklenburg,113
North Carolina,Mitchell,269
North Carolina,Montgomery,29
North Carolina,Moore,46
North Carolina,Nash,25
North Carolina,New Hanover,36
North Carolina,Northampton,16
North Carolina,Onslow,23
North Carolina,Orange,39
North Carolina,Pender,30
North Carolina,Pitt,46
North Carolina,Polk,3
North Carolina,Randolph,24
North Carolina,Richmond,118
North Carolina,Robeson,8
North Carolina,Rockingham,46
North Carolina,Rowan,262
North Carolina,Rutherford,26
North Carolina,Sampson,11
North Carolina,Scotland,3
North Carolina,Stanly,37
North Carolina,Stokes,11
North Carolina,Surry,138
North Carolina,Swain,17
North Carolina,Transylvania,28
North Carolina,Union,29
North Carolina,Vance,21
North Carolina,Wake,178
North Carolina,Watauga,19
North Carolina,Wayne,18
North Carolina,Wilkes,26
North Carolina,Wilson,33
North Carolina,Yadkin,5
North Carolina,Yancey,60
North Dakota,Barnes,12
North Dakota,Bottineau,3
North Dakota,Bowman,13
North Dakota,Burke,3
North Dakota,Burleigh,36
North Dakota,Cass,0
North Dakota,Cavalier,11
North Dakota,Dickey,2
North Dakota,Dunn,2
North Dakota,Eddy,19
North Dakota,Foster,2
North Dakota,Grand Forks,22
North Dakota,Grant,6
North Dakota,Hettinger,1
North Dakota,La Moure,6
North Dakota,McHenry,5
North Dakota,McLean,247
North Dakota,Mercer,539
North Dakota,Morton,33
North Dakota,Mountrail,3
North Dakota,Nelson,0
North Dakota,Oliver,138
North Dakota,Pembina,2
North Dakota,Ransom,11
North Dakota,Renville,2
North Dakota,Richland,22
North Dakota,Sargent,7
North Dakota,Sheridan,10
North Dakota,Stark,97
North Dakota,Steele,2
North Dakota,Stutsman,4
North Dakota,Traill,2
North Dakota,Walsh,15
North Dakota,Ward,64
North Dakota,Wells,23
North Dakota,Williams,17
Ohio,Adams,56
Ohio,Allen,37
Ohio,Ashland,14
Ohio,Ashtabula,15
Ohio,Athens,31
Ohio,Auglaize,29
Ohio,Belmont,678
Ohio,Brown,28
Ohio,Butler,121
Ohio,Carroll,35
Ohio,Champaign,26
Ohio,Clark,40
Ohio,Clermont,12
Ohio,Clinton,28
Ohio,Columbiana,132
Ohio,Coshocton,83
Ohio,Crawford,38
Ohio,Cuyahoga,238
Ohio,Darke,14
Ohio,Delaware,82
Ohio,Erie,186
Ohio,Fairfield,10
Ohio,Fayette,13
Ohio,Franklin,229
Ohio,Gallia,32
Ohio,Geauga,88
Ohio,Greene,149
Ohio,Guernsey,31
Ohio,Hamilton,138
Ohio,Hancock,18
Ohio,Hardin,7
Ohio,Harrison,331
Ohio,Henry,4
Ohio,Highland,68
Ohio,Hocking,10
Ohio,Holmes,87
Ohio,Jackson,181
Ohio,Jefferson,76
Ohio,Knox,50
Ohio,Lake,200
Ohio,Lawrence,5
Ohio,Licking,34
Ohio,Logan,38
Ohio,Lorain,57
Ohio,Lucas,61
Ohio,Madison,5
Ohio,Mahoning,54
Ohio,Marion,38
Ohio,Medina,37
Ohio,Meigs,843
Ohio,Mercer,15
Ohio,Miami,62
Ohio,Monroe,81
Ohio,Montgomery,59
Ohio,Morgan,206
Ohio,Morrow,7
Ohio,Muskingum,149
Ohio,Noble,76
Ohio,Ottawa,181
Ohio,Paulding,119
Ohio,Perry,152
Ohio,Pickaway,33
Ohio,Pike,47
Ohio,Portage,157
Ohio,Preble,43
Ohio,Putnam,9
Ohio,Richland,24
Ohio,Ross,33
Ohio,Sandusky,269
Ohio,Scioto,49
Ohio,Seneca,115
Ohio,Shelby,38
Ohio,Stark,134
Ohio,Summit,7
Ohio,Trumbull,13
Ohio,Tuscarawas,203
Ohio,Union,49
Ohio,Van Wert,20
Ohio,Vinton,162
Ohio,Warren,42
Ohio,Washington,17
Ohio,Wayne,42
Ohio,Williams,16
Ohio,Wood,62
Ohio,Wyandot,170
Oklahoma,Adair,2
Oklahoma,Atoka,79
Oklahoma,Beaver,9
Oklahoma,Beckham,0
Oklahoma,Blaine,77
Oklahoma,Bryan,52
Oklahoma,Caddo,49
Oklahoma,Canadian,14
Oklahoma,Carter,20
Oklahoma,Cherokee,17
Oklahoma,Choctaw,115
Oklahoma,Cleveland,9
Oklahoma,Comanche,106
Oklahoma,Cotton,11
Oklahoma,Craig,34
Oklahoma,Creek,21
Oklahoma,Custer,2
Oklahoma,Delaware,2
Oklahoma,Dewey,3
Oklahoma,Ellis,1
Oklahoma,Grady,2
Oklahoma,Greer,11
Oklahoma,Haskell,79
Oklahoma,Hughes,1
Oklahoma,Jackson,23
Oklahoma,Jefferson,16
Oklahoma,Johnston,157
Oklahoma,Kay,23
Oklahoma,Kingfisher,9
Oklahoma,Kiowa,55
Oklahoma,Latimer,33
Oklahoma,Le Flore,193
Oklahoma,Logan,6
Oklahoma,Love,36
Oklahoma,Major,14
Oklahoma,Marshall,11
Oklahoma,Mayes,137
Oklahoma,McClain,0
Oklahoma,McCurtain,32
Oklahoma,McIntosh,10
Oklahoma,Murray,162
Oklahoma,Muskogee,46
Oklahoma,Nowata,8
Oklahoma,Oklahoma,49
Oklahoma,Okmulgee,2
Oklahoma,Osage,14
Oklahoma,Ottawa,40
Oklahoma,Pawnee,39
Oklahoma,Payne,20
Oklahoma,Pittsburg,40
Oklahoma,Pontotoc,127
Oklahoma,Pottawatomie,5
Oklahoma,Pushmataha,1
Oklahoma,Rogers,72
Oklahoma,Seminole,11
Oklahoma,Sequoyah,81
Oklahoma,Texas,11
Oklahoma,Tillman,5
Oklahoma,Tulsa,223
Oklahoma,Wagoner,25
Oklahoma,Washington,17
Oklahoma,Washita,12
Oklahoma,Woodward,20
Oregon,Baker,122
Oregon,Benton,44
Oregon,Clackamas,95
Oregon,Clatsop,18
Oregon,Columbia,83
Oregon,Coos,57
Oregon,Crook,27
Oregon,Curry,23
Oregon,Deschutes,108
Oregon,Douglas,84
Oregon,Gilliam,3
Oregon,Grant,8
Oregon,Harney,15
Oregon,Hood River,2
Oregon,Jackson,113
Oregon,Jefferson,6
Oregon,Josephine,41
Oregon,Klamath,43
Oregon,Lake,36
Oregon,Lane,197
Oregon,Lincoln,36
Oregon,Linn,37
Oregon,Malheur,71
Oregon,Marion,125
Oregon,Morrow,20
Oregon,Multnomah,99
Oregon,Polk,49
Oregon,Sherman,4
Oregon,Tillamook,35
Oregon,Umatilla,51
Oregon,Union,14
Oregon,Wallowa,2
Oregon,Wasco,17
Oregon,Washington,147
Oregon,Yamhill,78
Pennsylvania,Adams,228
Pennsylvania,Allegheny,161
Pennsylvania,Armstrong,930
Pennsylvania,Beaver,65
Pennsylvania,Bedford,43
Pennsylvania,Berks,334
Pennsylvania,Blair,85
Pennsylvania,Bradford,86
Pennsylvania,Bucks,210
Pennsylvania,Butler,256
Pennsylvania,Cambria,331
Pennsylvania,Carbon,32
Pennsylvania,Centre,347
Pennsylvania,Chester,140
Pennsylvania,Clarion,101
Pennsylvania,Clearfield,714
Pennsylvania,Clinton,3
Pennsylvania,Columbia,130
Pennsylvania,Crawford,43
Pennsylvania,Cumberland,104
Pennsylvania,Dauphin,88
Pennsylvania,Delaware,54
Pennsylvania,Elk,48
Pennsylvania,Erie,69
Pennsylvania,Fayette,222
Pennsylvania,Franklin,54
Pennsylvania,Fulton,15
Pennsylvania,Greene,2390
Pennsylvania,Huntingdon,76
Pennsylvania,Indiana,1074
Pennsylvania,Jefferson,232
Pennsylvania,Juniata,8
Pennsylvania,Lackawanna,58
Pennsylvania,Lancaster,240
Pennsylvania,Lawrence,409
Pennsylvania,Lebanon,156
Pennsylvania,Lehigh,162
Pennsylvania,Luzerne,477
Pennsylvania,Lycoming,123
Pennsylvania,McKean,9
Pennsylvania,Mercer,38
Pennsylvania,Mifflin,23
Pennsylvania,Monroe,72
Pennsylvania,Montgomery,145
Pennsylvania,Montour,16
Pennsylvania,Northampton,619
Pennsylvania,Northumberland,229
Pennsylvania,Perry,7
Pennsylvania,Pike,19
Pennsylvania,Potter,5
Pennsylvania,Schuylkill,1001
Pennsylvania,Snyder,30
Pennsylvania,Somerset,703
Pennsylvania,Sullivan,25
Pennsylvania,Susquehanna,163
Pennsylvania,Tioga,23
Pennsylvania,Union,46
Pennsylvania,Venango,52
Pennsylvania,Warren,36
Pennsylvania,Washington,1040
Pennsylvania,Wayne,45
Pennsylvania,Westmoreland,248
Pennsylvania,Wyoming,23
Pennsylvania,York,377
Puerto Rico,72002,35
Puerto Rico,72004,372
Puerto Rico,72006,124
Puerto Rico,72008,46
Puerto Rico,72010,401
Puerto Rico,72012,65
Puerto Rico,Adjuntas,209
Puerto Rico,Aguada,56
Puerto Rico,Aguadilla,296
Puerto Rico,Aguas Buenas,110
Puerto Rico,Aibonito,224
Puerto Rico,Anasco,20
Rhode Island,Kent,36
Rhode Island,Newport,18
Rhode Island,Providence,59
Rhode Island,Washington,44
South Carolina,Abbeville,2
South Carolina,Aiken,155
South Carolina,Anderson,43
South Carolina,Bamberg,4
South Carolina,Berkeley,65
South Carolina,Charleston,15
South Carolina,Cherokee,60
South Carolina,Chesterfield,95
South Carolina,Colleton,3
South Carolina,Darlington,3
South Carolina,Dorchester,335
South Carolina,Edgefield,2
South Carolina,Fairfield,166
South Carolina,Florence,9
South Carolina,Greenville,54
South Carolina,Greenwood,34
South Carolina,Hampton,0
South Carolina,Horry,42
South Carolina,Jasper,8
South Carolina,Kershaw,34
South Carolina,Lancaster,18
South Carolina,Laurens,94
South Carolina,Lexington,128
South Carolina,Marion,13
South Carolina,Marlboro,51
South Carolina,McCormick,2
South Carolina,Oconee,13
South Carolina,Orangeburg,185
South Carolina,Pickens,46
South Carolina,Richland,103
South Carolina,Spartanburg,105
South Carolina,Sumter,25
South Carolina,Union,8
South Carolina,York,35
South Dakota,Bon Homme,2
South Dakota,Brookings,15
South Dakota,Brown,9
South Dakota,Brule,10
South Dakota,Butte,65
South Dakota,Campbell,4
South Dakota,Charles Mix,12
South Dakota,Clark,11
South Dakota,Clay,5
South Dakota,Codington,16
South Dakota,Custer,17
South Dakota,Davison,15
South Dakota,Day,5
South Dakota,Douglas,3
South Dakota,Fall River,3
South Dakota,Grant,102
South Dakota,Haakon,0
South Dakota,Hanson,18
South Dakota,Hughes,17
South Dakota,Jerauld,8
South Dakota,Kingsbury,6
South Dakota,Lake,9
South Dakota,Lawrence,506
South Dakota,Marshall,7
South Dakota,McPherson,31
South Dakota,Meade,0
South Dakota,Mellette,2
South Dakota,Miner,2
South Dakota,Minnehaha,100
South Dakota,Moody,6
South Dakota,Pennington,328
South Dakota,Perkins,2
South Dakota,Potter,1
South Dakota,Roberts,16
South Dakota,Sanborn,1
South Dakota,Spink,8
South Dakota,Sully,5
South Dakota,Tripp,4
South Dakota,Turner,7
South Dakota,Union,23
South Dakota,Yankton,4
Tennessee,Anderson,49
Tennessee,Bedford,18
Tennessee,Benton,90
Tennessee,Bledsoe,5
Tennessee,Blount,88
Tennessee,Bradley,25
Tennessee,Campbell,236
Tennessee,Cannon,13
Tennessee,Carroll,16
Tennessee,Carter,22
Tennessee,Claiborne,245
Tennessee,Clay,7
Tennessee,Cocke,15
Tennessee,Coffee,13
Tennessee,Cumberland,168
Tennessee,Davidson,121
Tennessee,De Kalb,8
Tennessee,Decatur,100
Tennessee,Dickson,19
Tennessee,Fayette,3
Tennessee,Fentress,43
Tennessee,Franklin,57
Tennessee,Gibson,5
Tennessee,Giles,11
Tennessee,Grainger,18
Tennessee,Greene,48
Tennessee,Grundy,19
Tennessee,Hamblen,18
Tennessee,Hamilton,146
Tennessee,Hardeman,83
Tennessee,Hardin,52
Tennessee,Hawkins,51
Tennessee,Henry,65
Tennessee,Hickman,7
Tennessee,Humphreys,8
Tennessee,Jefferson,307
Tennessee,Johnson,27
Tennessee,Knox,316
Tennessee,Lauderdale,0
Tennessee,Lawrence,11
Tennessee,Lewis,2
Tennessee,Lincoln,16
Tennessee,Loudon,13
Tennessee,Madison,30
Tennessee,Marion,50
Tennessee,Marshall,15
Tennessee,Maury,40
Tennessee,McMinn,19
Tennessee,McNairy,17
Tennessee,Meigs,14
Tennessee,Monroe,30
Tennessee,Montgomery,33
Tennessee,Moore,5
Tennessee,Morgan,20
Tennessee,Obion,7
Tennessee,Overton,20
Tennessee,Perry,21
Tennessee,Polk,13
Tennessee,Putnam,43
Tennessee,Rhea,22
Tennessee,Roane,14
Tennessee,Robertson,49
Tennessee,Rutherford,83
Tennessee,Scott,46
Tennessee,Sequatchie,89
Tennessee,Sevier,42
Tennessee,Shelby,63
Tennessee,Smith,244
Tennessee,Sullivan,56
Tennessee,Sumner,48
Tennessee,Tipton,17
Tennessee,Unicoi,11
Tennessee,Union,112
Tennessee,Van Buren,3
Tennessee,Warren,13
Tennessee,Washington,16
Tennessee,Wayne,12
Tennessee,Weakley,165
Tennessee,White,19
Tennessee,Williamson,42
Tennessee,Wilson,45
Texas,Anderson,5
Texas,Atascosa,131
Texas,Austin,3
Texas,Bailey,5
Texas,Bandera,7
Texas,Bastrop,0
Texas,Bell,129
Texas,Bexar,618
Texas,Borden,3
Texas,Bosque,82
Texas,Bowie,3
Texas,Brazoria,10
Texas,Brazos,19
Texas,Brewster,34
Texas,Brown,26
Texas,Burleson,1
Texas,Burnet,208
Texas,Calhoun,690
Texas,Callahan,22
Texas,Cameron,34
Texas,Cass,25
Texas,Chambers,3
Texas,Cherokee,23
Texas,Childress,0
Texas,Coke,17
Texas,Coleman,0
Texas,Collin,3
Texas,Colorado,223
Texas,Comal,541
Texas,Comanche,3
Texas,Cooke,13
Texas,Coryell,23
Texas,Crosby,27
Texas,Culberson,45
Texas,Dallam,0
Texas,Dallas,124
Texas,De Witt,0
Texas,Deaf Smith,18
Texas,Denton,19
Texas,Dimmit,7
Texas,Duval,76
Texas,Eastland,8
Texas,Ector,104
Texas,El Paso,187
Texas,Ellis,509
Texas,Erath,6
Texas,Falls,3
Texas,Fannin,43
Texas,Fayette,121
Texas,Floyd,12
Texas,Fort Bend,82
Texas,Freestone,274
Texas,Galveston,38
Texas,Garza,5
Texas,Gillespie,55
Texas,Glasscock,21
Texas,Goliad,0
Texas,Gonzales,84
Texas,Gray,8
Texas,Grayson,31
Texas,Gregg,4
Texas,Grimes,0
Texas,Guadalupe,15
Texas,Hall,12
Texas,Hamilton,0
Texas,Hansford,21
Texas,Hardeman,16
Texas,Hardin,9
Texas,Harris,207
Texas,Harrison,168
Texas,Haskell,0
Texas,Hays,154
Texas,Henderson,50
Texas,Hidalgo,204
Texas,Hill,58
Texas,Hood,53
Texas,Hopkins,103
Texas,Houston,9
Texas,Howard,44
Texas,Hudspeth,58
Texas,Hunt,8
Texas,Hutchinson,88
Texas,Jack,17
Texas,Jeff Davis,3
Texas,Jefferson,0
Texas,Jim Wells,22
Texas,Johnson,122
Texas,Jones,51
Texas,Kaufman,118
Texas,Kendall,26
Texas,Kerr,27
Texas,Kimble,9
Texas,Kinney,3
Texas,Kleberg,12
Texas,Lamar,0
Texas,Lampasas,28
Texas,Leon,351
Texas,Liberty,67
Texas,Limestone,156
Texas,Live Oak,0
Texas,Llano,14
Texas,Lubbock,18
Texas,Madison,0
Texas,Mason,14
Texas,Maverick,15
Texas,McCulloch,73
Texas,McLennan,196
Texas,McMullen,17
Texas,Medina,41
Texas,Midland,13
Texas,Milam,221
Texas,Montague,10
Texas,Montgomery,101
Texas,Moore,0
Texas,Nacogdoches,3
Texas,Navarro,79
Texas,Newton,9
Texas,Nolan,189
Texas,Nueces,91
Texas,Oldham,52
Texas,Orange,16
Texas,Palo Pinto,91
Texas,Panola,426
Texas,Parker,99
Texas,Pecos,7
Texas,Potter,132
Texas,Randall,13
Texas,Reeves,19
Texas,Robertson,61
Texas,Rusk,208
Texas,Sabine,43
Texas,San Augustine,9
Texas,San Patricio,955
Texas,San Saba,49
Texas,Shackelford,31
Texas,Smith,1
Texas,Somervell,62
Texas,Starr,29
Texas,Stephens,5
Texas,Stonewall,29
Texas,Sutton,0
Texas,Swisher,3
Texas,Tarrant,55
Texas,Taylor,27
Texas,Titus,412
Texas,Tom Green,14
Texas,Travis,261
Texas,Trinity,0
Texas,Tyler,0
Texas,Upshur,8
Texas,Uvalde,69
Texas,Val Verde,8
Texas,Van Zandt,236
Texas,Victoria,108
Texas,Walker,11
Texas,Ward,10
Texas,Washington,9
Texas,Webb,81
Texas,Williamson,612
Texas,Wise,543
Texas,Wood,7
Texas,Young,23
Texas,Zapata,3
Texas,Zavala,5
Utah,Beaver,44
Utah,Box Elder,79
Utah,Cache,16
Utah,Carbon,803
Utah,Davis,28
Utah,Duchesne,11
Utah,Emery,694
Utah,Garfield,21
Utah,Grand,42
Utah,Iron,10
Utah,Juab,115
Utah,Kane,11
Utah,Millard,130
Utah,Morgan,140
Utah,Piute,0
Utah,Rich,2
Utah,Salt Lake,1826
Utah,San Juan,100
Utah,Sanpete,35
Utah,Sevier,442
Utah,Summit,73
Utah,Tooele,75
Utah,Uintah,247
Utah,Utah,216
Utah,Wasatch,24
Utah,Washington,70
Utah,Wayne,9
Utah,Weber,24
Vermont,Addison,46
Vermont,Bennington,28
Vermont,Caledonia,26
Vermont,Chittenden,59
Vermont,Essex,5
Vermont,Franklin,34
Vermont,Grand Isle,9
Vermont,Lamoille,23
Vermont,Orange,12
Vermont,Orleans,14
Vermont,Rutland,576
Vermont,Washington,125
Vermont,Windham,26
Vermont,Windsor,98
Virgin Islands of the U.S.,78001,373
Virginia,Accomack,3
Virginia,Albemarle,33
Virginia,Alleghany,4
Virginia,Amelia,2
Virginia,Appomattox,16
Virginia,Augusta,58
Virginia,Bedford,29
Virginia,Bland,9
Virginia,Botetourt,229
Virginia,Brunswick,49
Virginia,Buchanan,1716
Virginia,Buckingham,282
Virginia,Campbell,49
Virginia,Caroline,15
Virginia,Carroll,7
Virginia,Charles City,20
Virginia,Charlotte,0
Virginia,Chesapeake City,38
Virginia,Chesterfield,44
Virginia,Clarke,13
Virginia,Craig,7
Virginia,Culpeper,40
Virginia,Danville City,2
Virginia,Dickenson,821
Virginia,Dinwiddie,30
Virginia,Essex,23
Virginia,Fairfax,67
Virginia,Fauquier,25
Virginia,Floyd,8
Virginia,Franklin,15
Virginia,Frederick,175
Virginia,Giles,154
Virginia,Gloucester,6
Virginia,Goochland,95
Virginia,Grayson,27
Virginia,Greene,18
Virginia,Greensville,27
Virginia,Halifax,21
Virginia,Hanover,85
Virginia,Henrico,119
Virginia,Henry,38
Virginia,Highland,4
Virginia,Isle of Wight,5
Virginia,King and Queen,42
Virginia,King George,26
Virginia,King William,92
Virginia,Lee,326
Virginia,Loudoun,157
Virginia,Louisa,35
Virginia,Mecklenburg,16
Virginia,Montgomery,60
Virginia,Nelson,13
Virginia,Nottoway,16
Virginia,Orange,1
Virginia,Pittsylvania,34
Virginia,Powhatan,15
Virginia,Prince Edward,9
Virginia,Prince George,38
Virginia,Prince William,48
Virginia,Pulaski,47
Virginia,Roanoke,51
Virginia,Roanoke City,7
Virginia,Rockbridge,19
Virginia,Rockingham,62
Virginia,Russell,311
Virginia,Scott,24
Virginia,Shenandoah,105
Virginia,Smyth,71
Virginia,Southampton,12
Virginia,Spotsylvania,45
Virginia,Stafford,32
Virginia,Sussex,66
Virginia,Tazewell,484
Virginia,Virginia Beach City,5
Virginia,Warren,52
Virginia,Washington,22
Virginia,Westmoreland,2
Virginia,Wise,2390
Virginia,Wythe,83
Washington,Asotin,17
Washington,Benton,21
Washington,Chelan,36
Washington,Clallam,64
Washington,Clark,166
Washington,Columbia,13
Washington,Cowlitz,74
Washington,Douglas,6
Washington,Ferry,123
Washington,Franklin,28
Washington,Garfield,4
Washington,Grant,75
Washington,Grays Harbor,112
Washington,Island,30
Washington,Jefferson,37
Washington,King,458
Washington,Kitsap,37
Washington,Kittitas,35
Washington,Klickitat,19
Washington,Lewis,550
Washington,Lincoln,12
Washington,Mason,24
Washington,Okanogan,46
Washington,Pacific,21
Washington,Pend Oreille,8
Washington,Pierce,227
Washington,San Juan,20
Washington,Skagit,52
Washington,Skamania,13
Washington,Snohomish,172
Washington,Spokane,80
Washington,Stevens,97
Washington,Thurston,91
Washington,Wahkiakum,2
Washington,Walla Walla,5
Washington,Whatcom,109
Washington,Whitman,3
Washington,Yakima,47
West Virginia,Barbour,186
West Virginia,Berkeley,224
West Virginia,Boone,2741
West Virginia,Braxton,0
West Virginia,Brooke,278
West Virginia,Cabell,0
West Virginia,Clay,543
West Virginia,Fayette,312
West Virginia,Gilmer,0
West Virginia,Grant,146
West Virginia,Greenbrier,137
West Virginia,Hampshire,6
West Virginia,Hancock,5
West Virginia,Harrison,674
West Virginia,Jefferson,68
West Virginia,Kanawha,1150
West Virginia,Lewis,1
West Virginia,Lincoln,30
West Virginia,Logan,1066
West Virginia,Marion,322
West Virginia,Marshall,795
West Virginia,Mason,8
West Virginia,McDowell,978
West Virginia,Mercer,33
West Virginia,Mineral,32
West Virginia,Mingo,1830
West Virginia,Monongalia,1189
West Virginia,Morgan,86
West Virginia,Nicholas,422
West Virginia,Pendleton,48
West Virginia,Pocahontas,17
West Virginia,Preston,241
West Virginia,Putnam,14
West Virginia,Raleigh,994
West Virginia,Randolph,81
West Virginia,Ritchie,6
West Virginia,Summers,0
West Virginia,Tucker,58
West Virginia,Upshur,319
West Virginia,Wayne,518
West Virginia,Webster,482
West Virginia,Wetzel,9
West Virginia,Wyoming,1194
Wisconsin,Adams,2
Wisconsin,Ashland,4
Wisconsin,Barron,10
Wisconsin,Bayfield,7
Wisconsin,Brown,117
Wisconsin,Buffalo,4
Wisconsin,Burnett,10
Wisconsin,Calumet,123
Wisconsin,Chippewa,24
Wisconsin,Clark,24
Wisconsin,Columbia,37
Wisconsin,Crawford,10
Wisconsin,Dane,84
Wisconsin,Dodge,86
Wisconsin,Door,20
Wisconsin,Douglas,58
Wisconsin,Dunn,9
Wisconsin,Eau Claire,28
Wisconsin,Fond du Lac,294
Wisconsin,Forest,9
Wisconsin,Grant,13
Wisconsin,Green,13
Wisconsin,Green Lake,56
Wisconsin,Iowa,8
Wisconsin,Iron,8
Wisconsin,Jackson,51
Wisconsin,Jefferson,9
Wisconsin,Juneau,18
Wisconsin,Kenosha,5
Wisconsin,Kewaunee,11
Wisconsin,La Crosse,71
Wisconsin,Lafayette,10
Wisconsin,Langlade,36
Wisconsin,Lincoln,12
Wisconsin,Manitowoc,96
Wisconsin,Marathon,234
Wisconsin,Marinette,116
Wisconsin,Milwaukee,36
Wisconsin,Monroe,25
Wisconsin,Oconto,33
Wisconsin,Oneida,10
Wisconsin,Outagamie,58
Wisconsin,Ozaukee,14
Wisconsin,Pierce,37
Wisconsin,Polk,31
Wisconsin,Portage,45
Wisconsin,Price,12
Wisconsin,Racine,71
Wisconsin,Richland,4
Wisconsin,Rock,83
Wisconsin,Rusk,5
Wisconsin,Sauk,58
Wisconsin,Sawyer,7
Wisconsin,Shawano,21
Wisconsin,Sheboygan,16
Wisconsin,St Croix,26
Wisconsin,Taylor,24
Wisconsin,Trempealeau,6
Wisconsin,Vilas,11
Wisconsin,Walworth,52
Wisconsin,Washburn,1
Wisconsin,Washington,45
Wisconsin,Waukesha,182
Wisconsin,Waupaca,49
Wisconsin,Waushara,4
Wisconsin,Winnebago,6
Wisconsin,Wood,8
Wyoming,Albany,114
Wyoming,Big Horn,283
Wyoming,Campbell,2950
Wyoming,Carbon,131
Wyoming,Converse,378
Wyoming,Crook,260
Wyoming,Fremont,41
Wyoming,Goshen,11
Wyoming,Hot Springs,4
Wyoming,Johnson,51
Wyoming,Laramie,82
Wyoming,Lincoln,292
Wyoming,Natrona,102
Wyoming,Niobrara,0
Wyoming,Park,33
Wyoming,Platte,74
Wyoming,Sheridan,26
Wyoming,Sublette,10
Wyoming,Sweetwater,2888
Wyoming,Teton,17
Wyoming,Uinta,13
Wyoming,Washakie,27
Wyoming,Weston,48
