State,County,Number of Employees
Alabama,Autauga,22
Alabama,Baldwin,24
Alabama,Barbour,62
Alabama,Bibb,21
Alabama,Blount,80
Alabama,Calhoun,27
Alabama,Cherokee,5
Alabama,Chilton,32
Alabama,Clarke,12
Alabama,Colbert,96
Alabama,Conecuh,11
Alabama,Coosa,17
Alabama,Covington,7
Alabama,Cullman,57
Alabama,Dale,5
Alabama,Dallas,35
Alabama,De Kalb,17
Alabama,Elmore,46
Alabama,Escambia,57
Alabama,Etowah,27
Alabama,Fayette,30
Alabama,Franklin,39
Alabama,Geneva,3
Alabama,Hale,7
Alabama,Henry,2
Alabama,Houston,2
Alabama,Jackson,30
Alabama,Jefferson,1474
Alabama,Lawrence,14
Alabama,Lee,40
Alabama,Limestone,9
Alabama,Lowndes,40
Alabama,Macon,29
Alabama,Madison,51
Alabama,Marengo,80
Alabama,Marion,37
Alabama,Marshall,37
Alabama,Mobile,158
Alabama,Monroe,10
Alabama,Montgomery,101
Alabama,Morgan,48
Alabama,Pickens,13
Alabama,Randolph,8
Alabama,Russell,25
Alabama,Shelby,697
Alabama,St Clair,202
Alabama,Sumter,59
Alabama,Talladega,446
Alabama,Tuscaloosa,1744
Alabama,Walker,369
Alabama,Washington,3
Alabama,Winston,21
Alaska,2010,9
Alaska,2014,0
Alaska,Aleutians West,0
Alaska,Anchorage,114
Alaska,Bethel,28
Alaska,Denali,8
Alaska,Dillingham,7
Alaska,Fairbanks North Star,541
Alaska,Haines,0
Alaska,Juneau,292
Alaska,Kenai Peninsula,25
Alaska,Ketchikan Gateway,3
Alaska,Kodiak Island,17
Alaska,Lake and Peninsula,0
Alaska,Matanuska-Susitna,76
Alaska,Nome,14
Alaska,North Slope,2
Alaska,Northwest Arctic,177
Alaska,Sitka,18
Alaska,Skagway-Hoonah-Angoon,18
Alaska,Southeast Fairbanks,17
Alaska,Valdez-Cordova,20
Alaska,Wade Hampton,0
Alaska,Yukon-Koyukuk,130
Arizona,Apache,56
Arizona,Cochise,107
Arizona,Coconino,307
Arizona,Gila,856
Arizona,Graham,12
Arizona,Greenlee,2061
Arizona,La Paz,26
Arizona,Maricopa,919
Arizona,Mohave,190
Arizona,Navajo,779
Arizona,Pima,1218
Arizona,Pinal,349
Arizona,Santa Cruz,26
Arizona,Yavapai,940
Arizona,Yuma,70
Arkansas,Arkansas,2
Arkansas,Baxter,30
Arkansas,Benton,81
Arkansas,Boone,11
Arkansas,Bradley,10
Arkansas,Calhoun,12
Arkansas,Carroll,13
Arkansas,Clark,7
Arkansas,Cleburne,6
Arkansas,Conway,11
Arkansas,Craighead,20
Arkansas,Crawford,46
Arkansas,Crittenden,39
Arkansas,Cross,19
Arkansas,Desha,4
Arkansas,Faulkner,23
Arkansas,Franklin,22
Arkansas,Garland,97
Arkansas,Grant,26
Arkansas,Greene,10
Arkansas,Hot Spring,65
Arkansas,Howard,5
Arkansas,Independence,117
Arkansas,Izard,20
Arkansas,Jackson,5
Arkansas,Jefferson,2
Arkansas,Johnson,4
Arkansas,Lawrence,48
Arkansas,Lincoln,12
Arkansas,Little River,181
Arkansas,Logan,80
Arkansas,Marion,2
Arkansas,Montgomery,46
Arkansas,Nevada,25
Arkansas,Ouachita,39
Arkansas,Pike,19
Arkansas,Poinsett,29
Arkansas,Polk,3
Arkansas,Pope,50
Arkansas,Pulaski,425
Arkansas,Randolph,6
Arkansas,Saline,210
Arkansas,Scott,0
Arkansas,Searcy,2
Arkansas,Sebastian,173
Arkansas,Sevier,11
Arkansas,Sharp,4
Arkansas,Stone,194
Arkansas,Van Buren,13
Arkansas,Washington,65
Arkansas,White,23
California,Alameda,162
California,Alpine,0
California,Amador,107
California,Butte,52
California,Calaveras,25
California,Colusa,8
California,Contra Costa,89
California,Del Norte,9
California,El Dorado,53
California,Fresno,94
California,Glenn,37
California,Humboldt,67
California,Imperial,100
California,Inyo,168
California,Kern,1354
California,Kings,3
California,Lake,49
California,Lassen,32
California,Los Angeles,495
California,Madera,37
California,Marin,42
California,Mariposa,17
California,Mendocino,48
California,Merced,59
California,Modoc,34
California,Mono,32
California,Monterey,119
California,Napa,63
California,Nevada,60
California,Orange,117
California,Placer,81
California,Plumas,25
California,Riverside,584
California,Sacramento,237
California,San Benito,148
California,San Bernardino,1354
California,San Diego,329
California,San Francisco,6
California,San Joaquin,206
California,San Luis Obispo,58
California,San Mateo,36
California,Santa Barbara,360
California,Santa Clara,247
California,Santa Cruz,152
California,Shasta,224
California,Sierra,6
California,Siskiyou,42
California,Solano,79
California,Sonoma,150
California,Stanislaus,55
California,Sutter,16
California,Tehama,41
California,Trinity,15
California,Tulare,64
California,Tuolumne,65
California,Ventura,170
California,Yolo,114
California,Yuba,93
Colorado,Adams,156
Colorado,Alamosa,29
Colorado,Arapahoe,23
Colorado,Archuleta,29
Colorado,Baca,10
Colorado,Bent,3
Colorado,Boulder,176
Colorado,Chaffee,41
Colorado,Clear Creek,385
Colorado,Conejos,45
Colorado,Custer,2
Colorado,Delta,227
Colorado,Denver,20
Colorado,Dolores,3
Colorado,Douglas,16
Colorado,Eagle,17
Colorado,El Paso,95
Colorado,Elbert,1
Colorado,Fremont,267
Colorado,Garfield,52
Colorado,Grand,18
Colorado,Gunnison,667
Colorado,Hinsdale,4
Colorado,Huerfano,4
Colorado,Jackson,7
Colorado,Jefferson,191
Colorado,Kit Carson,2
Colorado,La Plata,92
Colorado,Lake,26
Colorado,Larimer,322
Colorado,Las Animas,19
Colorado,Logan,4
Colorado,Mesa,90
Colorado,Moffat,413
Colorado,Montezuma,46
Colorado,Montrose,49
Colorado,Morgan,10
Colorado,Otero,7
Colorado,Ouray,4
Colorado,Park,19
Colorado,Phillips,7
Colorado,Pitkin,0
Colorado,Prowers,43
Colorado,Pueblo,60
Colorado,Rio Blanco,185
Colorado,Rio Grande,10
Colorado,Routt,466
Colorado,Saguache,2
Colorado,San Juan,5
Colorado,San Miguel,3
Colorado,Sedgwick,2
Colorado,Summit,33
Colorado,Teller,281
Colorado,Weld,179
Connecticut,Fairfield,48
Connecticut,Hartford,173
Connecticut,Litchfield,156
Connecticut,Middlesex,22
Connecticut,New Haven,209
Connecticut,New London,29
Connecticut,Tolland,57
Connecticut,Windham,84
Delaware,Kent,20
Delaware,New Castle,50
Delaware,Sussex,17
Florida,Alachua,126
Florida,Bay,3
Florida,Brevard,34
Florida,Broward,27
Florida,Calhoun,2
Florida,Charlotte,81
Florida,Citrus,95
Florida,Clay,247
Florida,Collier,58
Florida,Dade,1075
Florida,De Soto,5
Florida,Dixie,4
Florida,Duval,11
Florida,Escambia,24
Florida,Gadsden,108
Florida,Gilchrist,2
Florida,Glades,45
Florida,Hamilton,280
Florida,Hardee,154
Florida,Hendry,10
Florida,Hernando,450
Florida,Hillsborough,139
Florida,Jackson,59
Florida,Jefferson,2
Florida,Lafayette,9
Florida,Lake,120
Florida,Lee,276
Florida,Leon,1
Florida,Levy,35
Florida,Liberty,0
Florida,Manatee,32
Florida,Marion,222
Florida,Monroe,17
Florida,Okaloosa,9
Florida,Okeechobee,20
Florida,Orange,36
Florida,Palm Beach,131
Florida,Pasco,41
Florida,Polk,1560
Florida,Putnam,57
Florida,Santa Rosa,34
Florida,Sarasota,45
Florida,St Lucie,38
Florida,Sumter,101
Florida,Suwannee,100
Florida,Taylor,72
Florida,Volusia,1
Florida,Walton,14
Florida,Washington,13
Georgia,Baldwin,7
Georgia,Banks,0
Georgia,Barrow,18
Georgia,Bartow,114
Georgia,Berrien,2
Georgia,Bibb,34
Georgia,Brantley,4
Georgia,Calhoun,4
Georgia,Carroll,24
Georgia,Catoosa,20
Georgia,Chatham,65
Georgia,Cherokee,37
Georgia,Clarke,20
Georgia,Clayton,155
Georgia,Cobb,67
Georgia,Columbia,39
Georgia,Cook,5
Georgia,Coweta,17
Georgia,Crawford,39
Georgia,De Kalb,74
Georgia,Decatur,270
Georgia,Dougherty,3
Georgia,Douglas,61
Georgia,Echols,7
Georgia,Effingham,11
Georgia,Elbert,113
Georgia,Evans,2
Georgia,Fayette,34
Georgia,Floyd,17
Georgia,Forsyth,70
Georgia,Fulton,130
Georgia,Gilmer,47
Georgia,Glascock,108
Georgia,Greene,20
Georgia,Gwinnett,91
Georgia,Habersham,11
Georgia,Hall,56
Georgia,Hancock,14
Georgia,Harris,16
Georgia,Hart,57
Georgia,Heard,8
Georgia,Henry,39
Georgia,Houston,112
Georgia,Jackson,26
Georgia,Jasper,23
Georgia,Jefferson,184
Georgia,Jones,119
Georgia,Lee,10
Georgia,Long,10
Georgia,Lumpkin,10
Georgia,Macon,20
Georgia,Madison,6
Georgia,Marion,33
Georgia,Monroe,41
Georgia,Montgomery,5
Georgia,Morgan,12
Georgia,Murray,44
Georgia,Muscogee,53
Georgia,Newton,19
Georgia,Oglethorpe,182
Georgia,Paulding,18
Georgia,Pickens,296
Georgia,Polk,22
Georgia,Rabun,14
Georgia,Richmond,98
Georgia,Rockdale,4
Georgia,Spalding,15
Georgia,Stephens,11
Georgia,Sumter,152
Georgia,Talbot,98
Georgia,Taylor,29
Georgia,Thomas,266
Georgia,Toombs,1
Georgia,Towns,12
Georgia,Troup,12
Georgia,Twiggs,293
Georgia,Union,11
Georgia,Walker,11
Georgia,Warren,93
Georgia,Washington,848
Georgia,White,5
Georgia,Whitfield,81
Georgia,Wilkes,10
Georgia,Wilkinson,817
Hawaii,Hawaii,113
Hawaii,Honolulu,145
Hawaii,Kauai,24
Hawaii,Maui,50
Idaho,Ada,121
Idaho,Adams,3
Idaho,Bannock,72
Idaho,Bear Lake,13
Idaho,Benewah,36
Idaho,Bingham,21
Idaho,Blaine,17
Idaho,Boise,4
Idaho,Bonner,36
Idaho,Bonneville,45
Idaho,Boundary,4
Idaho,Canyon,54
Idaho,Caribou,367
Idaho,Cassia,126
Idaho,Clark,2
Idaho,Clearwater,9
Idaho,Custer,155
Idaho,Elmore,8
Idaho,Franklin,35
Idaho,Fremont,4
Idaho,Gem,13
Idaho,Gooding,2
Idaho,Idaho,40
Idaho,Jefferson,12
Idaho,Kootenai,34
Idaho,Latah,8
Idaho,Lemhi,14
Idaho,Madison,22
Idaho,Minidoka,28
Idaho,Nez Perce,48
Idaho,Oneida,43
Idaho,Owyhee,19
Idaho,Payette,9
Idaho,Power,11
Idaho,Shoshone,269
Idaho,Teton,6
Idaho,Twin Falls,23
Idaho,Valley,17
Idaho,Washington,3
Illinois,Adams,204
Illinois,Alexander,47
Illinois,Bond,17
Illinois,Boone,26
Illinois,Bureau,3
Illinois,Carroll,9
Illinois,Champaign,12
Illinois,Christian,17
Illinois,Clark,40
Illinois,Clinton,0
Illinois,Coles,20
Illinois,Cook,396
Illinois,Crawford,6
Illinois,Cumberland,12
Illinois,De Kalb,37
Illinois,Douglas,11
Illinois,Du Page,3
Illinois,Fayette,8
Illinois,Ford,5
Illinois,Franklin,22
Illinois,Fulton,12
Illinois,Gallatin,227
Illinois,Greene,11
Illinois,Grundy,45
Illinois,Hancock,22
Illinois,Hardin,153
Illinois,Henderson,10
Illinois,Henry,15
Illinois,Iroquois,5
Illinois,Jackson,80
Illinois,Jefferson,38
Illinois,Jersey,14
Illinois,Jo Daviess,22
Illinois,Johnson,39
Illinois,Kane,137
Illinois,Kankakee,66
Illinois,Kendall,27
Illinois,Knox,2
Illinois,La Salle,510
Illinois,Lake,59
Illinois,Lawrence,16
Illinois,Lee,128
Illinois,Livingston,54
Illinois,Logan,21
Illinois,Macon,3
Illinois,Macoupin,498
Illinois,Madison,70
Illinois,Marshall,19
Illinois,Mason,6
Illinois,Massac,107
Illinois,McDonough,75
Illinois,McHenry,154
Illinois,McLean,43
Illinois,Menard,15
Illinois,Monroe,43
Illinois,Montgomery,280
Illinois,Ogle,91
Illinois,Peoria,29
Illinois,Perry,27
Illinois,Piatt,4
Illinois,Pike,42
Illinois,Pope,14
Illinois,Pulaski,49
Illinois,Putnam,9
Illinois,Randolph,288
Illinois,Rock Island,54
Illinois,Saline,1225
Illinois,Sangamon,227
Illinois,Schuyler,0
Illinois,Scott,10
Illinois,Shelby,13
Illinois,St Clair,69
Illinois,Stephenson,26
Illinois,Tazewell,43
Illinois,Union,29
Illinois,Vermilion,239
Illinois,Wabash,251
Illinois,Warren,11
Illinois,White,236
Illinois,Whiteside,11
Illinois,Will,258
Illinois,Williamson,24
Illinois,Winnebago,81
Illinois,Woodford,27
Indiana,Adams,23
Indiana,Allen,97
Indiana,Bartholomew,26
Indiana,Blackford,5
Indiana,Boone,9
Indiana,Carroll,32
Indiana,Cass,112
Indiana,Clark,292
Indiana,Clay,72
Indiana,Crawford,118
Indiana,Daviess,244
Indiana,De Kalb,19
Indiana,Dearborn,8
Indiana,Decatur,15
Indiana,Delaware,30
Indiana,Dubois,6
Indiana,Elkhart,36
Indiana,Fayette,4
Indiana,Floyd,10
Indiana,Franklin,18
Indiana,Fulton,6
Indiana,Gibson,823
Indiana,Grant,57
Indiana,Greene,54
Indiana,Hamilton,161
Indiana,Hancock,5
Indiana,Harrison,92
Indiana,Hendricks,11
Indiana,Henry,5
Indiana,Howard,19
Indiana,Huntington,21
Indiana,Jackson,25
Indiana,Jasper,24
Indiana,Jay,24
Indiana,Jennings,21
Indiana,Johnson,7
Indiana,Knox,569
Indiana,Kosciusko,26
Indiana,La Grange,4
Indiana,La Porte,8
Indiana,Lake,70
Indiana,Lawrence,235
Indiana,Madison,33
Indiana,Marion,123
Indiana,Marshall,9
Indiana,Martin,74
Indiana,Miami,29
Indiana,Monroe,183
Indiana,Montgomery,12
Indiana,Morgan,80
Indiana,Newton,16
Indiana,Noble,17
Indiana,Ohio,1
Indiana,Orange,32
Indiana,Owen,11
Indiana,Parke,14
Indiana,Pike,495
Indiana,Porter,9
Indiana,Posey,4
Indiana,Pulaski,27
Indiana,Putnam,173
Indiana,Randolph,11
Indiana,Ripley,22
Indiana,Rush,8
Indiana,Scott,25
Indiana,Shelby,48
Indiana,Spencer,62
Indiana,St Joseph,13
Indiana,Starke,5
Indiana,Steuben,21
Indiana,Sullivan,119
Indiana,Switzerland,46
Indiana,Tippecanoe,23
Indiana,Vanderburgh,28
Indiana,Vermillion,13
Indiana,Vigo,268
Indiana,Wabash,7
Indiana,Warren,13
Indiana,Warrick,99
Indiana,Washington,9
Indiana,Wayne,27
Indiana,Wells,11
Indiana,White,10
Indiana,Whitley,4
Iowa,Adair,132
Iowa,Appanoose,14
Iowa,Benton,16
Iowa,Black Hawk,46
Iowa,Boone,4
Iowa,Buena Vista,3
Iowa,Butler,4
Iowa,Carroll,5
Iowa,Cedar,5
Iowa,Cerro Gordo,249
Iowa,Cherokee,5
Iowa,Chickasaw,5
Iowa,Clay,14
Iowa,Clayton,4
Iowa,Clinton,63
Iowa,Dallas,12
Iowa,Decatur,0
Iowa,Delaware,14
Iowa,Des Moines,120
Iowa,Dickinson,14
Iowa,Dubuque,11
Iowa,Emmet,20
Iowa,Fayette,60
Iowa,Floyd,42
Iowa,Greene,8
Iowa,Hamilton,11
Iowa,Hancock,2
Iowa,Hardin,113
Iowa,Harrison,14
Iowa,Henry,5
Iowa,Humboldt,9
Iowa,Iowa,4
Iowa,Jackson,10
Iowa,Jasper,24
Iowa,Jefferson,1
Iowa,Johnson,69
Iowa,Jones,63
Iowa,Keokuk,20
Iowa,Kossuth,8
Iowa,Lee,8
Iowa,Linn,41
Iowa,Louisa,22
Iowa,Lyon,7
Iowa,Madison,4
Iowa,Marion,54
Iowa,Marshall,31
Iowa,Mitchell,60
Iowa,Muscatine,37
Iowa,O Brien,3
Iowa,Osceola,2
Iowa,Palo Alto,3
Iowa,Plymouth,7
Iowa,Pocahontas,36
Iowa,Polk,138
Iowa,Pottawattamie,34
Iowa,Poweshiek,14
Iowa,Sac,14
Iowa,Scott,208
Iowa,Sioux,18
Iowa,Story,62
Iowa,Tama,4
Iowa,Van Buren,31
Iowa,Wapello,55
Iowa,Webster,105
Iowa,Winneshiek,57
Iowa,Woodbury,17
Iowa,Worth,5
Iowa,Wright,7
Kansas,Allen,161
Kansas,Atchison,22
Kansas,Barber,22
Kansas,Barton,11
Kansas,Bourbon,19
Kansas,Butler,34
Kansas,Chase,48
Kansas,Cherokee,9
Kansas,Clay,4
Kansas,Cloud,7
Kansas,Coffey,2
Kansas,Cowley,19
Kansas,Crawford,65
Kansas,Dickinson,31
Kansas,Doniphan,21
Kansas,Douglas,7
Kansas,Edwards,6
Kansas,Ellis,17
Kansas,Ellsworth,54
Kansas,Finney,26
Kansas,Ford,14
Kansas,Franklin,37
Kansas,Geary,4
Kansas,Gray,2
Kansas,Hamilton,7
Kansas,Harper,2
Kansas,Jefferson,23
Kansas,Jewell,4
Kansas,Johnson,168
Kansas,Kearny,4
Kansas,Kiowa,1
Kansas,Labette,7
Kansas,Lincoln,14
Kansas,Linn,44
Kansas,Lyon,17
Kansas,Marion,28
Kansas,Marshall,33
Kansas,McPherson,23
Kansas,Miami,24
Kansas,Montgomery,111
Kansas,Nemaha,3
Kansas,Neosho,110
Kansas,Norton,2
Kansas,Osage,7
Kansas,Osborne,1
Kansas,Pawnee,2
Kansas,Phillips,2
Kansas,Pottawatomie,9
Kansas,Pratt,5
Kansas,Reno,45
Kansas,Republic,3
Kansas,Rice,49
Kansas,Riley,35
Kansas,Saline,9
Kansas,Sedgwick,42
Kansas,Seward,3
Kansas,Shawnee,62
Kansas,Sherman,1
Kansas,Smith,5
Kansas,Sumner,11
Kansas,Thomas,4
Kansas,Trego,1
Kansas,Wabaunsee,4
Kansas,Washington,2
Kansas,Wilson,91
Kansas,Wyandotte,73
Kentucky,Adair,31
Kentucky,Allen,6
Kentucky,Anderson,21
Kentucky,Barren,16
Kentucky,Bell,425
Kentucky,Boone,26
Kentucky,Bourbon,20
Kentucky,Boyd,172
Kentucky,Boyle,13
Kentucky,Breathitt,196
Kentucky,Breckinridge,21
Kentucky,Bullitt,78
Kentucky,Butler,6
Kentucky,Caldwell,48
Kentucky,Calloway,4
Kentucky,Carlisle,12
Kentucky,Carroll,14
Kentucky,Carter,65
Kentucky,Casey,23
Kentucky,Christian,23
Kentucky,Clay,101
Kentucky,Clinton,16
Kentucky,Crittenden,13
Kentucky,Daviess,20
Kentucky,Elliott,0
Kentucky,Estill,16
Kentucky,Fayette,40
Kentucky,Fleming,17
Kentucky,Floyd,540
Kentucky,Franklin,27
Kentucky,Gallatin,49
Kentucky,Garrard,12
Kentucky,Graves,48
Kentucky,Grayson,51
Kentucky,Green,10
Kentucky,Greenup,33
Kentucky,Hancock,8
Kentucky,Hardin,37
Kentucky,Harlan,1727
Kentucky,Hart,28
Kentucky,Henderson,222
Kentucky,Henry,27
Kentucky,Hickman,5
Kentucky,Hopkins,443
Kentucky,Jackson,39
Kentucky,Jefferson,210
Kentucky,Jessamine,25
Kentucky,Johnson,116
Kentucky,Knott,1395
Kentucky,Knox,173
Kentucky,Laurel,17
Kentucky,Lawrence,163
Kentucky,Lee,10
Kentucky,Leslie,526
Kentucky,Letcher,1208
Kentucky,Lewis,2
Kentucky,Livingston,400
Kentucky,Logan,11
Kentucky,Madison,40
Kentucky,Magoffin,4
Kentucky,Marion,9
Kentucky,Marshall,28
Kentucky,Martin,973
Kentucky,Mason,197
Kentucky,McCracken,10
Kentucky,McCreary,0
Kentucky,McLean,2
Kentucky,Meade,85
Kentucky,Menifee,11
Kentucky,Mercer,13
Kentucky,Monroe,5
Kentucky,Montgomery,20
Kentucky,Morgan,16
Kentucky,Muhlenberg,390
Kentucky,Nelson,19
Kentucky,Ohio,115
Kentucky,Oldham,42
Kentucky,Owsley,12
Kentucky,Pendleton,225
Kentucky,Perry,1413
Kentucky,Pike,3768
Kentucky,Powell,44
Kentucky,Pulaski,130
Kentucky,Rockcastle,13
Kentucky,Scott,30
Kentucky,Simpson,10
Kentucky,Taylor,8
Kentucky,Trigg,13
Kentucky,Trimble,5
Kentucky,Union,616
Kentucky,Warren,38
Kentucky,Washington,8
Kentucky,Wayne,22
Kentucky,Webster,508
Kentucky,Whitley,64
Kentucky,Wolfe,2
Louisiana,Allen,10
Louisiana,Ascension,75
Louisiana,Assumption,13
Louisiana,Beauregard,10
Louisiana,Bienville,4
Louisiana,Bossier,7
Louisiana,Caddo,1
Louisiana,Calcasieu,58
Louisiana,Cameron,0
Louisiana,Catahoula,12
Louisiana,De Soto,174
Louisiana,East Baton Rouge,43
Louisiana,East Feliciana,12
Louisiana,Grant,2
Louisiana,Iberia,336
Louisiana,Jefferson,37
Louisiana,Jefferson Davis,35
Louisiana,La Salle,13
Louisiana,Lafayette,3
Louisiana,Livingston,33
Louisiana,Orleans,224
Louisiana,Ouachita,18
Louisiana,Plaquemines,2
Louisiana,Pointe Coupee,38
Louisiana,Rapides,36
Louisiana,Red River,35
Louisiana,St Bernard,13
Louisiana,St Charles,2
Louisiana,St Helena,70
Louisiana,St James,352
Louisiana,St John the Baptist,4
Louisiana,St Martin,6
Louisiana,St Mary,19
Louisiana,St Tammany,59
Louisiana,Tangipahoa,40
Louisiana,Terrebonne,10
Louisiana,Vermilion,3
Louisiana,Vernon,5
Louisiana,Washington,130
Louisiana,Webster,22
Louisiana,West Baton Rouge,1
Louisiana,West Feliciana,12
Louisiana,Winn,8
Maine,Androscoggin,55
Maine,Aroostook,52
Maine,Cumberland,96
Maine,Franklin,5
Maine,Hancock,55
Maine,Kennebec,34
Maine,Knox,117
Maine,Lincoln,13
Maine,Oxford,14
Maine,Penobscot,56
Maine,Piscataquis,21
Maine,Sagadahoc,32
Maine,Somerset,43
Maine,Waldo,47
Maine,Washington,15
Maine,York,112
Maryland,Allegany,154
Maryland,Anne Arundel,40
Maryland,Baltimore,171
Maryland,Caroline,29
Maryland,Carroll,161
Maryland,Cecil,115
Maryland,Charles,64
Maryland,Dorchester,9
Maryland,Frederick,250
Maryland,Garrett,334
Maryland,Harford,94
Maryland,Howard,6
Maryland,Kent,7
Maryland,Montgomery,82
Maryland,Prince Georges,76
Maryland,Queen Annes,17
Maryland,St Marys,26
Maryland,Talbot,5
Maryland,Washington,160
Maryland,Wicomico,3
Massachusetts,Barnstable,64
Massachusetts,Berkshire,238
Massachusetts,Bristol,73
Massachusetts,Dukes,5
Massachusetts,Essex,65
Massachusetts,Franklin,56
Massachusetts,Hampden,66
Massachusetts,Hampshire,32
Massachusetts,Middlesex,139
Massachusetts,Norfolk,109
Massachusetts,Plymouth,264
Massachusetts,Suffolk,28
Massachusetts,Worcester,154
Michigan,Allegan,68
Michigan,Alpena,234
Michigan,Antrim,12
Michigan,Arenac,2
Michigan,Baraga,13
Michigan,Barry,24
Michigan,Bay,37
Michigan,Benzie,2
Michigan,Berrien,25
Michigan,Branch,14
Michigan,Calhoun,30
Michigan,Cass,28
Michigan,Charlevoix,135
Michigan,Cheboygan,2
Michigan,Chippewa,55
Michigan,Clare,12
Michigan,Clinton,44
Michigan,Delta,27
Michigan,Dickinson,12
Michigan,Eaton,17
Michigan,Emmet,25
Michigan,Genesee,4
Michigan,Gladwin,5
Michigan,Gogebic,2
Michigan,Grand Traverse,14
Michigan,Gratiot,8
Michigan,Hillsdale,35
Michigan,Houghton,9
Michigan,Huron,31
Michigan,Ingham,25
Michigan,Ionia,17
Michigan,Iosco,71
Michigan,Iron,14
Michigan,Isabella,15
Michigan,Jackson,43
Michigan,Kalamazoo,44
Michigan,Kalkaska,1
Michigan,Kent,59
Michigan,Keweenaw,2
Michigan,Lake,2
Michigan,Lapeer,65
Michigan,Leelanau,26
Michigan,Lenawee,26
Michigan,Livingston,71
Michigan,Luce,4
Michigan,Mackinac,76
Michigan,Macomb,27
Michigan,Manistee,4
Michigan,Marquette,1365
Michigan,Mecosta,10
Michigan,Menominee,6
Michigan,Midland,10
Michigan,Missaukee,8
Michigan,Monroe,291
Michigan,Montcalm,24
Michigan,Montmorency,2
Michigan,Muskegon,43
Michigan,Newaygo,8
Michigan,Oakland,187
Michigan,Oceana,5
Michigan,Ogemaw,18
Michigan,Ontonagon,3
Michigan,Osceola,3
Michigan,Oscoda,1
Michigan,Otsego,7
Michigan,Ottawa,55
Michigan,Presque Isle,207
Michigan,Roscommon,51
Michigan,Saginaw,4
Michigan,Sanilac,23
Michigan,Schoolcraft,80
Michigan,Shiawassee,29
Michigan,St Clair,16
Michigan,St Joseph,7
Michigan,Tuscola,26
Michigan,Washtenaw,64
Michigan,Wayne,176
Michigan,Wexford,20
Minnesota,Aitkin,8
Minnesota,Anoka,0
Minnesota,Becker,26
Minnesota,Beltrami,33
Minnesota,Benton,29
Minnesota,Big Stone,38
Minnesota,Blue Earth,77
Minnesota,Brown,32
Minnesota,Carlton,24
Minnesota,Carver,10
Minnesota,Cass,6
Minnesota,Chippewa,2
Minnesota,Chisago,19
Minnesota,Clay,53
Minnesota,Clearwater,2
Minnesota,Cook,9
Minnesota,Cottonwood,6
Minnesota,Crow Wing,18
Minnesota,Dakota,85
Minnesota,Dodge,1
Minnesota,Douglas,33
Minnesota,Fillmore,17
Minnesota,Freeborn,17
Minnesota,Goodhue,28
Minnesota,Hennepin,49
Minnesota,Houston,53
Minnesota,Hubbard,15
Minnesota,Isanti,1
Minnesota,Itasca,396
Minnesota,Jackson,3
Minnesota,Kanabec,14
Minnesota,Kandiyohi,30
Minnesota,Kittson,7
Minnesota,Koochiching,4
Minnesota,Lac qui Parle,3
Minnesota,Lake,345
Minnesota,Le Sueur,80
Minnesota,Lincoln,6
Minnesota,Lyon,16
Minnesota,Marshall,10
Minnesota,Martin,9
Minnesota,McLeod,9
Minnesota,Meeker,7
Minnesota,Mille Lacs,10
Minnesota,Morrison,37
Minnesota,Mower,8
Minnesota,Murray,12
Minnesota,Nicollet,13
Minnesota,Nobles,3
Minnesota,Olmsted,77
Minnesota,Otter Tail,23
Minnesota,Pennington,5
Minnesota,Pine,4
Minnesota,Pipestone,1
Minnesota,Polk,15
Minnesota,Pope,6
Minnesota,Ramsey,7
Minnesota,Red Lake,3
Minnesota,Redwood,16
Minnesota,Renville,14
Minnesota,Rice,21
Minnesota,Rock,20
Minnesota,Roseau,13
Minnesota,Scott,76
Minnesota,Sherburne,60
Minnesota,Sibley,10
Minnesota,St Louis,3279
Minnesota,Stearns,193
Minnesota,Steele,26
Minnesota,Stevens,7
Minnesota,Swift,10
Minnesota,Todd,6
Minnesota,Traverse,1
Minnesota,Wabasha,9
Minnesota,Wadena,5
Minnesota,Waseca,1
Minnesota,Washington,76
Minnesota,Watonwan,1
Minnesota,Wilkin,5
Minnesota,Winona,13
Minnesota,Wright,28
Minnesota,Yellow Medicine,26
Mississippi,Adams,15
Mississippi,Benton,3
Mississippi,Carroll,29
Mississippi,Choctaw,185
Mississippi,Claiborne,10
Mississippi,Clarke,13
Mississippi,Clay,5
Mississippi,Coahoma,8
Mississippi,Copiah,82
Mississippi,Covington,5
Mississippi,De Soto,36
Mississippi,Forrest,17
Mississippi,Grenada,5
Mississippi,Hancock,3
Mississippi,Harrison,11
Mississippi,Hinds,6
Mississippi,Holmes,25
Mississippi,Itawamba,18
Mississippi,Jackson,2
Mississippi,Jasper,6
Mississippi,Jefferson Davis,10
Mississippi,Lafayette,5
Mississippi,Lamar,3
Mississippi,Lauderdale,2
Mississippi,Lawrence,5
Mississippi,Lincoln,16
Mississippi,Lowndes,52
Mississippi,Marion,30
Mississippi,Monroe,67
Mississippi,Noxubee,2
Mississippi,Panola,39
Mississippi,Pearl River,49
Mississippi,Perry,2
Mississippi,Pike,0
Mississippi,Quitman,0
Mississippi,Smith,0
Mississippi,Stone,239
Mississippi,Tate,3
Mississippi,Tippah,206
Mississippi,Tishomingo,1
Mississippi,Walthall,8
Mississippi,Wayne,8
Mississippi,Wilkinson,9
Mississippi,Winston,9
Mississippi,Yalobusha,8
Mississippi,Yazoo,21
Missouri,Adair,4
Missouri,Andrew,10
Missouri,Audrain,0
Missouri,Barry,18
Missouri,Barton,7
Missouri,Bates,65
Missouri,Benton,28
Missouri,Bollinger,16
Missouri,Boone,53
Missouri,Buchanan,9
Missouri,Butler,21
Missouri,Caldwell,2
Missouri,Callaway,87
Missouri,Camden,20
Missouri,Cape Girardeau,223
Missouri,Carter,5
Missouri,Cass,83
Missouri,Cedar,1
Missouri,Christian,62
Missouri,Clark,5
Missouri,Clay,55
Missouri,Clinton,14
Missouri,Cole,34
Missouri,Cooper,9
Missouri,Crawford,12
Missouri,Dade,5
Missouri,Dallas,3
Missouri,Daviess,18
Missouri,De Kalb,17
Missouri,Dent,31
Missouri,Douglas,0
Missouri,Franklin,38
Missouri,Gasconade,17
Missouri,Gentry,1
Missouri,Greene,111
Missouri,Grundy,3
Missouri,Harrison,32
Missouri,Henry,34
Missouri,Hickory,3
Missouri,Holt,9
Missouri,Howard,7
Missouri,Howell,32
Missouri,Iron,328
Missouri,Jackson,171
Missouri,Jasper,82
Missouri,Jefferson,259
Missouri,Johnson,9
Missouri,Knox,23
Missouri,Laclede,26
Missouri,Lafayette,7
Missouri,Lawrence,16
Missouri,Lincoln,54
Missouri,Livingston,13
Missouri,Macon,2
Missouri,Marion,7
Missouri,McDonald,19
Missouri,Mercer,23
Missouri,Miller,16
Missouri,Monroe,6
Missouri,Montgomery,50
Missouri,Morgan,19
Missouri,Newton,34
Missouri,Nodaway,5
Missouri,Oregon,8
Missouri,Osage,9
Missouri,Ozark,1
Missouri,Pemiscot,6
Missouri,Perry,24
Missouri,Pettis,22
Missouri,Phelps,49
Missouri,Pike,182
Missouri,Platte,102
Missouri,Polk,11
Missouri,Pulaski,30
Missouri,Ralls,237
Missouri,Randolph,17
Missouri,Ray,35
Missouri,Reynolds,347
Missouri,Ripley,2
Missouri,Saline,23
Missouri,Scott,7
Missouri,Shannon,7
Missouri,Shelby,28
Missouri,St Charles,55
Missouri,St Francois,55
Missouri,St Louis,296
Missouri,Ste. Genevieve,873
Missouri,Stoddard,161
Missouri,Stone,31
Missouri,Taney,63
Missouri,Texas,19
Missouri,Vernon,5
Missouri,Warren,15
Missouri,Washington,24
Missouri,Wayne,56
Missouri,Webster,9
Missouri,Worth,11
Missouri,Wright,24
Montana,Beaverhead,70
Montana,Big Horn,359
Montana,Blaine,0
Montana,Broadwater,22
Montana,Carbon,19
Montana,Carter,0
Montana,Cascade,20
Montana,Chouteau,4
Montana,Custer,1
Montana,Dawson,6
Montana,Deer Lodge,4
Montana,Fallon,4
Montana,Fergus,26
Montana,Flathead,143
Montana,Gallatin,163
Montana,Glacier,2
Montana,Golden Valley,26
Montana,Granite,1
Montana,Hill,10
Montana,Jefferson,447
Montana,Judith Basin,9
Montana,Lake,36
Montana,Lewis and Clark,28
Montana,Lincoln,29
Montana,Madison,81
Montana,Meagher,0
Montana,Mineral,1
Montana,Missoula,55
Montana,Musselshell,16
Montana,Park,25
Montana,Phillips,3
Montana,Pondera,4
Montana,Powell,7
Montana,Ravalli,28
Montana,Richland,17
Montana,Roosevelt,2
Montana,Rosebud,320
Montana,Sanders,67
Montana,Sheridan,9
Montana,Silver Bow,166
Montana,Stillwater,1010
Montana,Sweet Grass,361
Montana,Teton,1
Montana,Toole,10
Montana,Treasure,4
Montana,Valley,4
Montana,Wheatland,4
Montana,Yellowstone,61
Nebraska,Adams,5
Nebraska,Antelope,4
Nebraska,Boone,4
Nebraska,Boyd,2
Nebraska,Brown,5
Nebraska,Buffalo,21
Nebraska,Butler,5
Nebraska,Cass,315
Nebraska,Cedar,19
Nebraska,Cheyenne,0
Nebraska,Clay,5
Nebraska,Colfax,8
Nebraska,Cuming,9
Nebraska,Custer,5
Nebraska,Dakota,0
Nebraska,Dawes,39
Nebraska,Dawson,17
Nebraska,Deuel,0
Nebraska,Dodge,11
Nebraska,Douglas,41
Nebraska,Dundy,4
Nebraska,Franklin,13
Nebraska,Gage,4
Nebraska,Garfield,6
Nebraska,Hall,18
Nebraska,Hamilton,2
Nebraska,Hitchcock,3
Nebraska,Holt,20
Nebraska,Howard,5
Nebraska,Jefferson,12
Nebraska,Kearney,6
Nebraska,Keith,15
Nebraska,Knox,6
Nebraska,Lancaster,9
Nebraska,Lincoln,22
Nebraska,Madison,11
Nebraska,Merrick,8
Nebraska,Morrill,13
Nebraska,Nuckolls,2
Nebraska,Pawnee,9
Nebraska,Perkins,0
Nebraska,Phelps,2
Nebraska,Pierce,3
Nebraska,Platte,38
Nebraska,Polk,4
Nebraska,Red Willow,14
Nebraska,Sarpy,30
Nebraska,Saunders,34
Nebraska,Scotts Bluff,19
Nebraska,Seward,1
Nebraska,Sheridan,2
Nebraska,Stanton,11
Nebraska,Thayer,7
Nebraska,Thomas,10
Nebraska,Valley,7
Nebraska,Washington,52
Nebraska,Webster,3
Nebraska,York,5
Nevada,Carson City,21
Nevada,Churchill,75
Nevada,Clark,909
Nevada,Douglas,17
Nevada,Elko,641
Nevada,Esmeralda,33
Nevada,Eureka,2550
Nevada,Humboldt,1134
Nevada,Lander,427
Nevada,Lincoln,28
Nevada,Lyon,187
Nevada,Mineral,123
Nevada,Nye,730
Nevada,Pershing,522
Nevada,Storey,124
Nevada,Washoe,103
Nevada,White Pine,133
New Hampshire,Belknap,32
New Hampshire,Carroll,63
New Hampshire,Cheshire,21
New Hampshire,Coos,15
New Hampshire,Grafton,34
New Hampshire,Hillsborough,71
New Hampshire,Merrimack,176
New Hampshire,Rockingham,63
New Hampshire,Strafford,41
New Hampshire,Sullivan,26
New Jersey,Atlantic,5
New Jersey,Burlington,19
New Jersey,Camden,41
New Jersey,Cape May,42
New Jersey,Cumberland,176
New Jersey,Gloucester,31
New Jersey,Hunterdon,77
New Jersey,Mercer,58
New Jersey,Middlesex,57
New Jersey,Monmouth,2
New Jersey,Morris,188
New Jersey,Ocean,99
New Jersey,Passaic,110
New Jersey,Somerset,225
New Jersey,Sussex,138
New Jersey,Warren,68
New Mexico,Bernalillo,159
New Mexico,Catron,5
New Mexico,Chaves,63
New Mexico,Cibola,22
New Mexico,Colfax,40
New Mexico,Curry,9
New Mexico,De Baca,17
New Mexico,Dona Ana,98
New Mexico,Eddy,700
New Mexico,Grant,568
New Mexico,Guadalupe,14
New Mexico,Hidalgo,8
New Mexico,Lea,204
New Mexico,Lincoln,13
New Mexico,Luna,16
New Mexico,McKinley,655
New Mexico,Mora,4
New Mexico,Otero,59
New Mexico,Quay,6
New Mexico,Rio Arriba,85
New Mexico,Roosevelt,14
New Mexico,San Juan,853
New Mexico,San Miguel,36
New Mexico,Sandoval,84
New Mexico,Santa Fe,51
New Mexico,Sierra,41
New Mexico,Socorro,41
New Mexico,Taos,244
New Mexico,Torrance,30
New Mexico,Union,46
New Mexico,Valencia,33
New York,Albany,280
New York,Allegany,29
New York,Broome,49
New York,Cattaraugus,87
New York,Cayuga,15
New York,Chautauqua,19
New York,Chemung,39
New York,Chenango,32
New York,Clinton,40
New York,Columbia,44
New York,Cortland,22
New York,Delaware,80
New York,Dutchess,227
New York,Erie,115
New York,Essex,97
New York,Franklin,36
New York,Fulton,10
New York,Genesee,40
New York,Greene,167
New York,Hamilton,34
New York,Herkimer,42
New York,Jefferson,71
New York,Lewis,35
New York,Livingston,208
New York,Madison,35
New York,Monroe,44
New York,Montgomery,47
New York,Niagara,33
New York,Oneida,52
New York,Onondaga,94
New York,Ontario,60
New York,Orange,46
New York,Orleans,33
New York,Oswego,142
New York,Otsego,32
New York,Putnam,12
New York,Rensselaer,70
New York,Rockland,145
New York,Saratoga,59
New York,Schenectady,15
New York,Schoharie,68
New York,Schuyler,9
New York,Seneca,12
New York,St Lawrence,146
New York,Steuben,85
New York,Suffolk,89
New York,Sullivan,57
New York,Tioga,48
New York,Tompkins,210
New York,Ulster,92
New York,Warren,147
New York,Washington,158
New York,Wayne,40
New York,Westchester,3
New York,Wyoming,7
New York,Yates,6
North Carolina,Alamance,36
North Carolina,Alexander,4
North Carolina,Anson,103
North Carolina,Ashe,17
North Carolina,Avery,0
North Carolina,Beaufort,367
North Carolina,Bertie,7
North Carolina,Brunswick,23
North Carolina,Buncombe,99
North Carolina,Burke,20
North Carolina,Cabarrus,56
North Carolina,Caldwell,24
North Carolina,Camden,3
North Carolina,Caswell,29
North Carolina,Catawba,27
North Carolina,Chatham,92
North Carolina,Cherokee,28
North Carolina,Clay,39
North Carolina,Cleveland,93
North Carolina,Craven,47
North Carolina,Cumberland,23
North Carolina,Currituck,7
North Carolina,Davidson,35
North Carolina,Davie,12
North Carolina,Duplin,4
North Carolina,Durham,23
North Carolina,Edgecombe,37
North Carolina,Forsyth,106
North Carolina,Franklin,15
North Carolina,Gaston,12
North Carolina,Graham,14
North Carolina,Granville,40
North Carolina,Guilford,87
North Carolina,Halifax,5
North Carolina,Harnett,75
North Carolina,Haywood,27
North Carolina,Henderson,29
North Carolina,Hertford,3
North Carolina,Hoke,2
North Carolina,Iredell,20
North Carolina,Jackson,27
North Carolina,Johnston,36
North Carolina,Lee,71
North Carolina,Lenoir,6
North Carolina,Lincoln,42
North Carolina,Macon,27
North Carolina,Madison,12
North Carolina,McDowell,93
North Carolina,Mecklenburg,115
North Carolina,Mitchell,288
North Carolina,Montgomery,41
North Carolina,Moore,44
North Carolina,Nash,20
North Carolina,New Hanover,36
North Carolina,Northampton,16
North Carolina,Onslow,29
North Carolina,Orange,31
North Carolina,Pasquotank,5
North Carolina,Pender,23
North Carolina,Pitt,42
North Carolina,Polk,2
North Carolina,Randolph,20
North Carolina,Richmond,103
North Carolina,Robeson,1
North Carolina,Rockingham,25
North Carolina,Rowan,247
North Carolina,Rutherford,21
North Carolina,Sampson,12
North Carolina,Scotland,1
North Carolina,Stanly,29
North Carolina,Stokes,33
North Carolina,Surry,112
North Carolina,Swain,18
North Carolina,Transylvania,26
North Carolina,Union,29
North Carolina,Vance,26
North Carolina,Wake,172
North Carolina,Watauga,19
North Carolina,Wayne,16
North Carolina,Wilkes,23
North Carolina,Wilson,35
North Carolina,Yadkin,3
North Carolina,Yancey,35
North Dakota,Barnes,15
North Dakota,Bottineau,13
North Dakota,Bowman,12
North Dakota,Burke,3
North Dakota,Burleigh,18
North Dakota,Cass,2
North Dakota,Cavalier,35
North Dakota,Dickey,3
North Dakota,Eddy,4
North Dakota,Foster,0
North Dakota,Grand Forks,39
North Dakota,Grant,3
North Dakota,Griggs,0
North Dakota,Kidder,3
North Dakota,La Moure,9
North Dakota,McHenry,3
North Dakota,McKenzie,6
North Dakota,McLean,221
North Dakota,Mercer,551
North Dakota,Morton,16
North Dakota,Mountrail,0
North Dakota,Oliver,127
North Dakota,Pembina,5
North Dakota,Ransom,5
North Dakota,Renville,1
North Dakota,Richland,18
North Dakota,Sargent,6
North Dakota,Sheridan,0
North Dakota,Stark,105
North Dakota,Steele,2
North Dakota,Stutsman,0
North Dakota,Traill,3
North Dakota,Walsh,8
North Dakota,Ward,90
North Dakota,Wells,11
North Dakota,Williams,13
Ohio,Adams,42
Ohio,Allen,37
Ohio,Ashland,13
Ohio,Ashtabula,16
Ohio,Athens,92
Ohio,Auglaize,15
Ohio,Belmont,646
Ohio,Brown,26
Ohio,Butler,115
Ohio,Carroll,24
Ohio,Champaign,17
Ohio,Clark,55
Ohio,Clermont,8
Ohio,Clinton,26
Ohio,Columbiana,101
Ohio,Coshocton,115
Ohio,Crawford,46
Ohio,Cuyahoga,167
Ohio,Darke,13
Ohio,Delaware,75
Ohio,Erie,158
Ohio,Fairfield,7
Ohio,Fayette,7
Ohio,Franklin,172
Ohio,Fulton,0
Ohio,Gallia,24
Ohio,Geauga,72
Ohio,Greene,161
Ohio,Guernsey,63
Ohio,Hamilton,92
Ohio,Hancock,14
Ohio,Hardin,8
Ohio,Harrison,358
Ohio,Henry,2
Ohio,Highland,69
Ohio,Hocking,9
Ohio,Holmes,63
Ohio,Jackson,82
Ohio,Jefferson,150
Ohio,Knox,46
Ohio,Lake,179
Ohio,Lawrence,1
Ohio,Licking,25
Ohio,Logan,31
Ohio,Lorain,31
Ohio,Lucas,48
Ohio,Madison,4
Ohio,Mahoning,57
Ohio,Marion,31
Ohio,Medina,31
Ohio,Meigs,49
Ohio,Mercer,13
Ohio,Miami,55
Ohio,Monroe,400
Ohio,Montgomery,50
Ohio,Morgan,2
Ohio,Morrow,8
Ohio,Muskingum,109
Ohio,Noble,45
Ohio,Ottawa,167
Ohio,Paulding,104
Ohio,Perry,118
Ohio,Pickaway,26
Ohio,Pike,25
Ohio,Portage,147
Ohio,Preble,35
Ohio,Putnam,9
Ohio,Richland,34
Ohio,Ross,41
Ohio,Sandusky,209
Ohio,Scioto,72
Ohio,Seneca,125
Ohio,Shelby,23
Ohio,Stark,149
Ohio,Trumbull,10
Ohio,Tuscarawas,263
Ohio,Union,35
Ohio,Van Wert,17
Ohio,Vinton,134
Ohio,Warren,37
Ohio,Washington,31
Ohio,Wayne,34
Ohio,Williams,16
Ohio,Wood,56
Ohio,Wyandot,146
Oklahoma,Adair,1
Oklahoma,Atoka,85
Oklahoma,Beaver,9
Oklahoma,Blaine,73
Oklahoma,Bryan,23
Oklahoma,Caddo,54
Oklahoma,Canadian,12
Oklahoma,Carter,26
Oklahoma,Cherokee,20
Oklahoma,Choctaw,69
Oklahoma,Cimarron,2
Oklahoma,Cleveland,11
Oklahoma,Comanche,133
Oklahoma,Cotton,4
Oklahoma,Craig,48
Oklahoma,Creek,22
Oklahoma,Delaware,2
Oklahoma,Dewey,3
Oklahoma,Grant,2
Oklahoma,Greer,8
Oklahoma,Haskell,139
Oklahoma,Jackson,21
Oklahoma,Jefferson,15
Oklahoma,Johnston,224
Oklahoma,Kay,10
Oklahoma,Kingfisher,10
Oklahoma,Kiowa,71
Oklahoma,Latimer,10
Oklahoma,Le Flore,198
Oklahoma,Lincoln,1
Oklahoma,Logan,6
Oklahoma,Love,79
Oklahoma,Major,19
Oklahoma,Marshall,9
Oklahoma,Mayes,130
Oklahoma,McClain,2
Oklahoma,McCurtain,26
Oklahoma,McIntosh,30
Oklahoma,Murray,173
Oklahoma,Muskogee,38
Oklahoma,Nowata,6
Oklahoma,Oklahoma,55
Oklahoma,Okmulgee,2
Oklahoma,Osage,13
Oklahoma,Ottawa,33
Oklahoma,Pawnee,43
Oklahoma,Payne,17
Oklahoma,Pittsburg,49
Oklahoma,Pontotoc,120
Oklahoma,Pottawatomie,5
Oklahoma,Pushmataha,2
Oklahoma,Rogers,159
Oklahoma,Seminole,11
Oklahoma,Sequoyah,67
Oklahoma,Texas,6
Oklahoma,Tillman,5
Oklahoma,Tulsa,116
Oklahoma,Wagoner,30
Oklahoma,Washington,21
Oklahoma,Washita,12
Oklahoma,Woodward,6
Oregon,Baker,99
Oregon,Benton,39
Oregon,Clackamas,62
Oregon,Clatsop,20
Oregon,Columbia,61
Oregon,Coos,60
Oregon,Crook,25
Oregon,Curry,22
Oregon,Deschutes,92
Oregon,Douglas,75
Oregon,Gilliam,3
Oregon,Grant,0
Oregon,Harney,8
Oregon,Hood River,4
Oregon,Jackson,84
Oregon,Jefferson,7
Oregon,Josephine,42
Oregon,Klamath,37
Oregon,Lake,41
Oregon,Lane,118
Oregon,Lincoln,32
Oregon,Linn,46
Oregon,Malheur,87
Oregon,Marion,131
Oregon,Morrow,13
Oregon,Multnomah,89
Oregon,Polk,40
Oregon,Sherman,2
Oregon,Tillamook,30
Oregon,Umatilla,36
Oregon,Union,37
Oregon,Wallowa,2
Oregon,Wasco,10
Oregon,Washington,104
Oregon,Wheeler,4
Oregon,Yamhill,50
Pennsylvania,Adams,201
Pennsylvania,Allegheny,39
Pennsylvania,Armstrong,532
Pennsylvania,Beaver,53
Pennsylvania,Bedford,35
Pennsylvania,Berks,355
Pennsylvania,Blair,95
Pennsylvania,Bradford,129
Pennsylvania,Bucks,225
Pennsylvania,Butler,232
Pennsylvania,Cambria,225
Pennsylvania,Carbon,26
Pennsylvania,Centre,289
Pennsylvania,Chester,137
Pennsylvania,Clarion,81
Pennsylvania,Clearfield,499
Pennsylvania,Clinton,7
Pennsylvania,Columbia,73
Pennsylvania,Crawford,38
Pennsylvania,Cumberland,90
Pennsylvania,Dauphin,74
Pennsylvania,Delaware,57
Pennsylvania,Elk,83
Pennsylvania,Erie,70
Pennsylvania,Fayette,240
Pennsylvania,Franklin,56
Pennsylvania,Fulton,87
Pennsylvania,Greene,2222
Pennsylvania,Huntingdon,98
Pennsylvania,Indiana,331
Pennsylvania,Jefferson,176
Pennsylvania,Juniata,10
Pennsylvania,Lackawanna,105
Pennsylvania,Lancaster,278
Pennsylvania,Lawrence,375
Pennsylvania,Lebanon,141
Pennsylvania,Lehigh,159
Pennsylvania,Luzerne,385
Pennsylvania,Lycoming,120
Pennsylvania,McKean,11
Pennsylvania,Mercer,40
Pennsylvania,Mifflin,28
Pennsylvania,Monroe,79
Pennsylvania,Montgomery,113
Pennsylvania,Montour,13
Pennsylvania,Northampton,586
Pennsylvania,Northumberland,194
Pennsylvania,Perry,7
Pennsylvania,Pike,44
Pennsylvania,Potter,3
Pennsylvania,Schuylkill,494
Pennsylvania,Snyder,27
Pennsylvania,Somerset,682
Pennsylvania,Sullivan,6
Pennsylvania,Susquehanna,330
Pennsylvania,Tioga,27
Pennsylvania,Union,31
Pennsylvania,Venango,39
Pennsylvania,Warren,26
Pennsylvania,Washington,792
Pennsylvania,Wayne,53
Pennsylvania,Westmoreland,202
Pennsylvania,Wyoming,56
Pennsylvania,York,313
Puerto Rico,72039,0
Puerto Rico,72999,8
Puerto Rico,Aguada,19
Puerto Rico,Aguadilla,129
Puerto Rico,Aguas Buenas,6
Puerto Rico,Anasco,11
Puerto Rico,Arecibo,31
Puerto Rico,Bayamon,203
Puerto Rico,Caguas,0
Puerto Rico,Carolina,0
Puerto Rico,Cayey,0
Puerto Rico,Coamo,7
Puerto Rico,Dorado,32
Puerto Rico,Fajardo,113
Puerto Rico,Florida,6
Puerto Rico,Guayama,56
Puerto Rico,Humacao Municipio,101
Puerto Rico,Isabela,11
Puerto Rico,Manati,306
Puerto Rico,Mayaguez,65
Puerto Rico,Morovis,5
Puerto Rico,Ponce,269
Puerto Rico,Quebradillas,6
Puerto Rico,Rio Grande,0
Puerto Rico,Santa Isabel,195
Puerto Rico,Vega Baja,52
Puerto Rico,Yauco,15
Rhode Island,Bristol,3
Rhode Island,Kent,7
Rhode Island,Newport,24
Rhode Island,Providence,73
Rhode Island,Washington,67
South Carolina,Abbeville,2
South Carolina,Aiken,152
South Carolina,Anderson,35
South Carolina,Bamberg,3
South Carolina,Berkeley,54
South Carolina,Charleston,0
South Carolina,Cherokee,45
South Carolina,Chesterfield,86
South Carolina,Colleton,7
South Carolina,Darlington,5
South Carolina,Dorchester,354
South Carolina,Edgefield,2
South Carolina,Fairfield,9
South Carolina,Florence,14
South Carolina,Greenville,56
South Carolina,Greenwood,28
South Carolina,Horry,62
South Carolina,Jasper,7
South Carolina,Kershaw,31
South Carolina,Lancaster,15
South Carolina,Laurens,59
South Carolina,Lexington,95
South Carolina,Marion,14
South Carolina,Marlboro,30
South Carolina,Oconee,14
South Carolina,Orangeburg,200
South Carolina,Pickens,35
South Carolina,Richland,123
South Carolina,Spartanburg,74
South Carolina,Sumter,8
South Carolina,Union,8
South Carolina,York,34
South Dakota,Beadle,9
South Dakota,Bon Homme,5
South Dakota,Brookings,15
South Dakota,Brown,16
South Dakota,Brule,9
South Dakota,Butte,55
South Dakota,Campbell,4
South Dakota,Charles Mix,6
South Dakota,Clay,5
South Dakota,Codington,19
South Dakota,Custer,17
South Dakota,Davison,9
South Dakota,Day,13
South Dakota,Douglas,7
South Dakota,Fall River,5
South Dakota,Grant,162
South Dakota,Gregory,3
South Dakota,Haakon,1
South Dakota,Hanson,20
South Dakota,Hughes,15
South Dakota,Hutchinson,0
South Dakota,Jerauld,5
South Dakota,Kingsbury,4
South Dakota,Lake,9
South Dakota,Lawrence,200
South Dakota,Marshall,9
South Dakota,McPherson,58
South Dakota,Meade,2
South Dakota,Mellette,3
South Dakota,Miner,2
South Dakota,Minnehaha,154
South Dakota,Moody,3
South Dakota,Pennington,275
South Dakota,Perkins,2
South Dakota,Roberts,18
South Dakota,Spink,8
South Dakota,Stanley,7
South Dakota,Sully,4
South Dakota,Turner,7
South Dakota,Union,26
South Dakota,Walworth,5
South Dakota,Yankton,9
Tennessee,Anderson,92
Tennessee,Bedford,21
Tennessee,Benton,66
Tennessee,Bledsoe,16
Tennessee,Blount,102
Tennessee,Bradley,14
Tennessee,Campbell,211
Tennessee,Cannon,6
Tennessee,Carroll,11
Tennessee,Carter,16
Tennessee,Claiborne,281
Tennessee,Clay,5
Tennessee,Cocke,20
Tennessee,Coffee,18
Tennessee,Cumberland,149
Tennessee,Davidson,82
Tennessee,De Kalb,11
Tennessee,Decatur,55
Tennessee,Dickson,16
Tennessee,Dyer,5
Tennessee,Fentress,11
Tennessee,Franklin,57
Tennessee,Gibson,5
Tennessee,Giles,17
Tennessee,Grainger,59
Tennessee,Greene,25
Tennessee,Grundy,5
Tennessee,Hamblen,12
Tennessee,Hamilton,137
Tennessee,Hardeman,61
Tennessee,Hardin,43
Tennessee,Hawkins,47
Tennessee,Henry,44
Tennessee,Hickman,8
Tennessee,Humphreys,4
Tennessee,Jackson,3
Tennessee,Jefferson,24
Tennessee,Johnson,29
Tennessee,Knox,204
Tennessee,Lake,3
Tennessee,Lawrence,11
Tennessee,Lincoln,10
Tennessee,Loudon,11
Tennessee,Madison,23
Tennessee,Marion,43
Tennessee,Marshall,15
Tennessee,Maury,31
Tennessee,McMinn,10
Tennessee,McNairy,14
Tennessee,Meigs,6
Tennessee,Monroe,21
Tennessee,Montgomery,30
Tennessee,Moore,5
Tennessee,Obion,3
Tennessee,Overton,32
Tennessee,Perry,16
Tennessee,Polk,37
Tennessee,Putnam,57
Tennessee,Rhea,42
Tennessee,Roane,11
Tennessee,Robertson,40
Tennessee,Rutherford,77
Tennessee,Scott,60
Tennessee,Sequatchie,38
Tennessee,Sevier,28
Tennessee,Shelby,32
Tennessee,Smith,106
Tennessee,Sullivan,42
Tennessee,Sumner,30
Tennessee,Tipton,13
Tennessee,Unicoi,9
Tennessee,Union,105
Tennessee,Warren,11
Tennessee,Washington,25
Tennessee,Wayne,8
Tennessee,Weakley,148
Tennessee,White,18
Tennessee,Williamson,32
Tennessee,Wilson,32
Texas,Anderson,1
Texas,Angelina,2
Texas,Armstrong,7
Texas,Atascosa,182
Texas,Austin,4
Texas,Bailey,2
Texas,Bandera,8
Texas,Bastrop,27
Texas,Bee,3
Texas,Bell,139
Texas,Bexar,675
Texas,Blanco,2
Texas,Borden,9
Texas,Bosque,76
Texas,Bowie,4
Texas,Brazoria,36
Texas,Brazos,7
Texas,Brewster,31
Texas,Brown,36
Texas,Burleson,7
Texas,Burnet,225
Texas,Calhoun,437
Texas,Callahan,18
Texas,Cameron,44
Texas,Carson,11
Texas,Cass,6
Texas,Cherokee,21
Texas,Coke,21
Texas,Collin,2
Texas,Colorado,191
Texas,Comal,527
Texas,Cooke,33
Texas,Coryell,37
Texas,Cottle,7
Texas,Crockett,0
Texas,Crosby,29
Texas,Culberson,39
Texas,Dallam,6
Texas,Dallas,66
Texas,Deaf Smith,9
Texas,Denton,8
Texas,Duval,49
Texas,Eastland,12
Texas,Ector,90
Texas,El Paso,272
Texas,Ellis,498
Texas,Erath,21
Texas,Fannin,42
Texas,Fayette,128
Texas,Fisher,9
Texas,Floyd,31
Texas,Fort Bend,103
Texas,Freestone,244
Texas,Galveston,34
Texas,Garza,4
Texas,Gillespie,92
Texas,Glasscock,9
Texas,Gonzales,90
Texas,Gray,0
Texas,Grayson,30
Texas,Gregg,10
Texas,Grimes,0
Texas,Guadalupe,20
Texas,Hardeman,18
Texas,Hardin,4
Texas,Harris,220
Texas,Harrison,183
Texas,Hartley,0
Texas,Hays,188
Texas,Henderson,46
Texas,Hidalgo,229
Texas,Hill,39
Texas,Hood,78
Texas,Hopkins,96
Texas,Houston,13
Texas,Howard,33
Texas,Hudspeth,62
Texas,Hunt,5
Texas,Hutchinson,44
Texas,Jack,45
Texas,Jasper,4
Texas,Johnson,120
Texas,Jones,130
Texas,Kaufman,82
Texas,Kendall,44
Texas,Kerr,32
Texas,Kimble,12
Texas,Kleberg,3
Texas,Lamb,2
Texas,Lampasas,50
Texas,Leon,337
Texas,Liberty,39
Texas,Limestone,165
Texas,Llano,20
Texas,Lubbock,40
Texas,Maverick,17
Texas,McCulloch,78
Texas,McLennan,217
Texas,McMullen,18
Texas,Medina,68
Texas,Midland,27
Texas,Milam,210
Texas,Mitchell,7
Texas,Montague,18
Texas,Montgomery,121
Texas,Nacogdoches,2
Texas,Navarro,92
Texas,Newton,6
Texas,Nolan,157
Texas,Nueces,90
Texas,Oldham,71
Texas,Orange,12
Texas,Palo Pinto,157
Texas,Panola,401
Texas,Parker,96
Texas,Parmer,18
Texas,Pecos,13
Texas,Potter,124
Texas,Randall,42
Texas,Reeves,28
Texas,Robertson,91
Texas,Rusk,211
Texas,Sabine,33
Texas,San Patricio,643
Texas,San Saba,51
Texas,Scurry,3
Texas,Shackelford,32
Texas,Sherman,0
Texas,Smith,19
Texas,Somervell,51
Texas,Starr,44
Texas,Stephens,4
Texas,Stonewall,27
Texas,Swisher,0
Texas,Tarrant,40
Texas,Taylor,23
Texas,Titus,365
Texas,Tom Green,27
Texas,Travis,312
Texas,Upshur,0
Texas,Uvalde,112
Texas,Val Verde,20
Texas,Van Zandt,193
Texas,Victoria,127
Texas,Walker,8
Texas,Ward,16
Texas,Washington,10
Texas,Webb,79
Texas,Williamson,794
Texas,Wise,499
Texas,Wood,6
Texas,Yoakum,2
Texas,Young,8
Texas,Zapata,3
Texas,Zavala,7
Utah,Beaver,69
Utah,Box Elder,168
Utah,Cache,25
Utah,Carbon,679
Utah,Davis,26
Utah,Duchesne,13
Utah,Emery,650
Utah,Garfield,3
Utah,Grand,41
Utah,Iron,34
Utah,Juab,105
Utah,Kane,11
Utah,Millard,108
Utah,Morgan,88
Utah,Piute,17
Utah,Rich,2
Utah,Salt Lake,1255
Utah,San Juan,67
Utah,Sanpete,28
Utah,Sevier,347
Utah,Summit,100
Utah,Tooele,65
Utah,Uintah,259
Utah,Utah,114
Utah,Wasatch,17
Utah,Washington,111
Utah,Wayne,3
Utah,Weber,21
Vermont,Addison,34
Vermont,Bennington,30
Vermont,Caledonia,23
Vermont,Chittenden,49
Vermont,Essex,9
Vermont,Franklin,33
Vermont,Grand Isle,6
Vermont,Lamoille,27
Vermont,Orange,9
Vermont,Orleans,11
Vermont,Rutland,551
Vermont,Washington,106
Vermont,Windham,31
Vermont,Windsor,106
Virgin Islands of the U.S.,St. Croix,40
Virginia,Accomack,2
Virginia,Albemarle,35
Virginia,Alleghany,7
Virginia,Amelia,3
Virginia,Appomattox,13
Virginia,Augusta,64
Virginia,Bedford,35
Virginia,Bland,5
Virginia,Botetourt,234
Virginia,Brunswick,41
Virginia,Buchanan,1345
Virginia,Buckingham,231
Virginia,Campbell,44
Virginia,Caroline,11
Virginia,Carroll,8
Virginia,Charles City,33
Virginia,Charlotte,2
Virginia,Chesapeake City,32
Virginia,Chesterfield,43
Virginia,Clarke,17
Virginia,Craig,7
Virginia,Culpeper,68
Virginia,Dickenson,554
Virginia,Dinwiddie,21
Virginia,Essex,16
Virginia,Fairfax,81
Virginia,Fauquier,34
Virginia,Floyd,6
Virginia,Franklin,14
Virginia,Frederick,187
Virginia,Giles,111
Virginia,Gloucester,5
Virginia,Goochland,110
Virginia,Grayson,31
Virginia,Greene,23
Virginia,Greensville,31
Virginia,Halifax,27
Virginia,Hanover,73
Virginia,Henrico,77
Virginia,Henry,27
Virginia,Highland,6
Virginia,Isle of Wight,4
Virginia,King and Queen,49
Virginia,King George,41
Virginia,King William,95
Virginia,Lee,244
Virginia,Loudoun,150
Virginia,Louisa,28
Virginia,Mecklenburg,8
Virginia,Montgomery,86
Virginia,Nelson,10
Virginia,Nottoway,16
Virginia,Orange,0
Virginia,Pittsylvania,34
Virginia,Powhatan,22
Virginia,Prince Edward,0
Virginia,Prince George,22
Virginia,Prince William,54
Virginia,Pulaski,41
Virginia,Roanoke,36
Virginia,Roanoke City,3
Virginia,Rockbridge,21
Virginia,Rockingham,61
Virginia,Russell,230
Virginia,Scott,21
Virginia,Shenandoah,91
Virginia,Smyth,12
Virginia,Southampton,12
Virginia,Spotsylvania,38
Virginia,Stafford,31
Virginia,Sussex,108
Virginia,Tazewell,258
Virginia,Virginia Beach City,6
Virginia,Warren,60
Virginia,Washington,29
Virginia,Westmoreland,2
Virginia,Wise,2312
Virginia,Wythe,57
Washington,Asotin,10
Washington,Benton,25
Washington,Chelan,13
Washington,Clallam,35
Washington,Clark,147
Washington,Columbia,4
Washington,Cowlitz,79
Washington,Douglas,20
Washington,Ferry,64
Washington,Franklin,44
Washington,Garfield,4
Washington,Grant,63
Washington,Grays Harbor,95
Washington,Island,48
Washington,Jefferson,36
Washington,King,401
Washington,Kitsap,41
Washington,Kittitas,26
Washington,Klickitat,26
Washington,Lewis,602
Washington,Lincoln,10
Washington,Mason,29
Washington,Okanogan,49
Washington,Pacific,24
Washington,Pend Oreille,49
Washington,Pierce,203
Washington,San Juan,26
Washington,Skagit,38
Washington,Skamania,3
Washington,Snohomish,193
Washington,Spokane,85
Washington,Stevens,80
Washington,Thurston,89
Washington,Wahkiakum,2
Washington,Walla Walla,4
Washington,Whatcom,80
Washington,Whitman,6
Washington,Yakima,42
West Virginia,Barbour,163
West Virginia,Berkeley,205
West Virginia,Boone,3081
West Virginia,Braxton,14
West Virginia,Brooke,5
West Virginia,Cabell,0
West Virginia,Clay,323
West Virginia,Fayette,312
West Virginia,Gilmer,0
West Virginia,Grant,172
West Virginia,Greenbrier,142
West Virginia,Harrison,592
West Virginia,Jefferson,50
West Virginia,Kanawha,1478
West Virginia,Lincoln,59
West Virginia,Logan,1022
West Virginia,Marion,292
West Virginia,Marshall,602
West Virginia,Mason,5
West Virginia,McDowell,823
West Virginia,Mercer,17
West Virginia,Mineral,41
West Virginia,Mingo,1479
West Virginia,Monongalia,1178
West Virginia,Morgan,86
West Virginia,Nicholas,359
West Virginia,Ohio,374
West Virginia,Pendleton,43
West Virginia,Pocahontas,8
West Virginia,Preston,320
West Virginia,Putnam,3
West Virginia,Raleigh,803
West Virginia,Randolph,56
West Virginia,Ritchie,0
West Virginia,Tucker,17
West Virginia,Upshur,384
West Virginia,Wayne,517
West Virginia,Webster,472
West Virginia,Wetzel,9
West Virginia,Wood,15
West Virginia,Wyoming,927
Wisconsin,Adams,0
Wisconsin,Ashland,6
Wisconsin,Barron,9
Wisconsin,Bayfield,12
Wisconsin,Brown,97
Wisconsin,Burnett,5
Wisconsin,Calumet,209
Wisconsin,Chippewa,20
Wisconsin,Clark,19
Wisconsin,Columbia,40
Wisconsin,Crawford,10
Wisconsin,Dane,107
Wisconsin,Dodge,84
Wisconsin,Door,22
Wisconsin,Douglas,51
Wisconsin,Dunn,7
Wisconsin,Eau Claire,23
Wisconsin,Fond du Lac,345
Wisconsin,Forest,8
Wisconsin,Grant,26
Wisconsin,Green,12
Wisconsin,Green Lake,49
Wisconsin,Iowa,9
Wisconsin,Iron,8
Wisconsin,Jackson,50
Wisconsin,Jefferson,10
Wisconsin,Juneau,11
Wisconsin,Kenosha,9
Wisconsin,Kewaunee,18
Wisconsin,La Crosse,99
Wisconsin,Lafayette,8
Wisconsin,Langlade,38
Wisconsin,Lincoln,16
Wisconsin,Manitowoc,86
Wisconsin,Marathon,204
Wisconsin,Marinette,96
Wisconsin,Milwaukee,34
Wisconsin,Monroe,20
Wisconsin,Oconto,40
Wisconsin,Oneida,17
Wisconsin,Outagamie,63
Wisconsin,Ozaukee,18
Wisconsin,Pierce,30
Wisconsin,Polk,34
Wisconsin,Portage,52
Wisconsin,Price,5
Wisconsin,Racine,51
Wisconsin,Richland,5
Wisconsin,Rock,48
Wisconsin,Rusk,11
Wisconsin,Sauk,56
Wisconsin,Sawyer,5
Wisconsin,Shawano,16
Wisconsin,Sheboygan,16
Wisconsin,St Croix,15
Wisconsin,Taylor,21
Wisconsin,Trempealeau,5
Wisconsin,Vernon,2
Wisconsin,Vilas,8
Wisconsin,Walworth,39
Wisconsin,Washburn,2
Wisconsin,Washington,46
Wisconsin,Waukesha,187
Wisconsin,Waupaca,29
Wisconsin,Waushara,4
Wisconsin,Winnebago,6
Wisconsin,Wood,17
Wyoming,Albany,123
Wyoming,Big Horn,348
Wyoming,Campbell,3563
Wyoming,Carbon,57
Wyoming,Converse,356
Wyoming,Crook,254
Wyoming,Fremont,35
Wyoming,Goshen,18
Wyoming,Hot Springs,8
Wyoming,Johnson,45
Wyoming,Laramie,65
Wyoming,Lincoln,305
Wyoming,Natrona,104
Wyoming,Park,26
Wyoming,Platte,63
Wyoming,Sheridan,19
Wyoming,Sublette,29
Wyoming,Sweetwater,2397
Wyoming,Teton,19
Wyoming,Uinta,17
Wyoming,Washakie,40
Wyoming,Weston,8
