State,County,Number of Employees
Alabama,Autauga,17
Alabama,Baldwin,0
Alabama,Barbour,78
Alabama,Bibb,32
Alabama,Blount,124
Alabama,Calhoun,117
Alabama,Cherokee,0
Alabama,Chilton,22
Alabama,Choctaw,0
Alabama,Clarke,18
Alabama,Coffee,2
Alabama,Colbert,56
Alabama,Conecuh,18
Alabama,Coosa,14
Alabama,Cullman,125
Alabama,Dale,6
Alabama,Dallas,64
Alabama,De Kalb,25
Alabama,Elmore,25
Alabama,Escambia,38
Alabama,Etowah,16
Alabama,Fayette,361
Alabama,Franklin,128
Alabama,Geneva,3
Alabama,Greene,3
Alabama,Hale,8
Alabama,Henry,5
Alabama,Jackson,31
Alabama,Jefferson,2842
Alabama,Lawrence,16
Alabama,Lee,29
Alabama,Lowndes,49
Alabama,Macon,28
Alabama,Madison,64
Alabama,Marengo,61
Alabama,Marion,74
Alabama,Marshall,26
Alabama,Mobile,116
Alabama,Monroe,21
Alabama,Montgomery,103
Alabama,Morgan,50
Alabama,Pickens,0
Alabama,Randolph,4
Alabama,Russell,40
Alabama,Shelby,640
Alabama,St Clair,200
Alabama,Sumter,64
Alabama,Talladega,350
Alabama,Tuscaloosa,2679
Alabama,Walker,2703
Alabama,Washington,7
Alabama,Wilcox,0
Alabama,Winston,85
Alaska,2003,38
Alaska,2005,133
Alaska,2006,88
Alaska,2007,13
Alaska,2008,0
Alaska,2009,0
Alaska,2010,0
Alaska,2011,5
Alaska,2012,78
Alaska,2014,226
Alaska,Aleutians East,78
Arizona,Apache,45
Arizona,Cochise,202
Arizona,Coconino,99
Arizona,Gila,1524
Arizona,Graham,12
Arizona,Greenlee,928
Arizona,La Paz,10
Arizona,Maricopa,922
Arizona,Mohave,257
Arizona,Navajo,980
Arizona,Pima,1735
Arizona,Pinal,2645
Arizona,Santa Cruz,15
Arizona,Yavapai,815
Arizona,Yuma,27
Arkansas,Baxter,66
Arkansas,Benton,26
Arkansas,Boone,10
Arkansas,Bradley,12
Arkansas,Calhoun,41
Arkansas,Carroll,7
Arkansas,Clark,33
Arkansas,Clay,2
Arkansas,Cleburne,13
Arkansas,Craighead,10
Arkansas,Crawford,48
Arkansas,Crittenden,34
Arkansas,Cross,1
Arkansas,Dallas,0
Arkansas,Desha,14
Arkansas,Faulkner,16
Arkansas,Franklin,10
Arkansas,Fulton,6
Arkansas,Garland,300
Arkansas,Grant,24
Arkansas,Greene,10
Arkansas,Hempstead,4
Arkansas,Hot Spring,67
Arkansas,Howard,142
Arkansas,Independence,121
Arkansas,Izard,35
Arkansas,Jackson,9
Arkansas,Jefferson,6
Arkansas,Johnson,18
Arkansas,Lawrence,52
Arkansas,Little River,229
Arkansas,Logan,20
Arkansas,Marion,10
Arkansas,Miller,0
Arkansas,Montgomery,31
Arkansas,Nevada,3
Arkansas,Newton,13
Arkansas,Ouachita,50
Arkansas,Perry,14
Arkansas,Pike,32
Arkansas,Poinsett,9
Arkansas,Polk,54
Arkansas,Pope,32
Arkansas,Pulaski,443
Arkansas,Saline,970
Arkansas,Scott,0
Arkansas,Sebastian,64
Arkansas,Sevier,60
Arkansas,St Francis,14
Arkansas,Stone,2
Arkansas,Van Buren,5
Arkansas,Washington,33
Arkansas,White,12
Arkansas,Yell,1
California,Alameda,348
California,Alpine,7
California,Amador,99
California,Butte,32
California,Calaveras,173
California,Contra Costa,137
California,Del Norte,8
California,El Dorado,59
California,Fresno,105
California,Glenn,25
California,Humboldt,43
California,Imperial,160
California,Inyo,434
California,Kern,1662
California,Lake,25
California,Lassen,26
California,Los Angeles,681
California,Madera,85
California,Marin,62
California,Mariposa,19
California,Mendocino,36
California,Merced,28
California,Modoc,0
California,Mono,46
California,Monterey,178
California,Napa,242
California,Nevada,41
California,Orange,151
California,Placer,125
California,Plumas,62
California,Riverside,701
California,Sacramento,174
California,San Benito,155
California,San Bernardino,1791
California,San Diego,473
California,San Joaquin,94
California,San Luis Obispo,46
California,San Mateo,36
California,Santa Barbara,702
California,Santa Clara,342
California,Santa Cruz,233
California,Shasta,177
California,Sierra,44
California,Siskiyou,94
California,Solano,46
California,Sonoma,122
California,Stanislaus,38
California,Sutter,9
California,Tehama,16
California,Trinity,9
California,Tulare,28
California,Tuolumne,83
California,Ventura,272
California,Yolo,53
California,Yuba,183
Colorado,Adams,171
Colorado,Alamosa,21
Colorado,Arapahoe,75
Colorado,Archuleta,25
Colorado,Baca,0
Colorado,Bent,6
Colorado,Boulder,272
Colorado,Chaffee,30
Colorado,Clear Creek,796
Colorado,Conejos,17
Colorado,Costilla,15
Colorado,Crowley,1
Colorado,Custer,7
Colorado,Delta,144
Colorado,Denver,2
Colorado,Dolores,42
Colorado,Douglas,58
Colorado,Eagle,43
Colorado,El Paso,201
Colorado,Elbert,4
Colorado,Fremont,449
Colorado,Garfield,159
Colorado,Gilpin,6
Colorado,Grand,16
Colorado,Gunnison,498
Colorado,Hinsdale,3
Colorado,Huerfano,15
Colorado,Jackson,42
Colorado,Jefferson,273
Colorado,Kiowa,0
Colorado,Kit Carson,9
Colorado,La Plata,71
Colorado,Lake,633
Colorado,Larimer,296
Colorado,Las Animas,142
Colorado,Logan,8
Colorado,Mesa,249
Colorado,Mineral,47
Colorado,Moffat,622
Colorado,Montezuma,15
Colorado,Montrose,69
Colorado,Morgan,24
Colorado,Otero,4
Colorado,Ouray,40
Colorado,Park,48
Colorado,Phillips,7
Colorado,Pitkin,489
Colorado,Prowers,13
Colorado,Pueblo,43
Colorado,Rio Blanco,80
Colorado,Rio Grande,63
Colorado,Routt,452
Colorado,Saguache,34
Colorado,San Juan,67
Colorado,San Miguel,27
Colorado,Sedgwick,2
Colorado,Summit,46
Colorado,Teller,69
Colorado,Weld,143
Colorado,Yuma,31
Connecticut,Fairfield,65
Connecticut,Hartford,190
Connecticut,Litchfield,170
Connecticut,Middlesex,75
Connecticut,New Haven,254
Connecticut,New London,72
Connecticut,Tolland,49
Connecticut,Windham,56
Delaware,Kent,13
Delaware,New Castle,42
Delaware,Sussex,2
Florida,Alachua,63
Florida,Bay,31
Florida,Brevard,37
Florida,Broward,270
Florida,Calhoun,3
Florida,Charlotte,54
Florida,Citrus,82
Florida,Clay,412
Florida,Collier,64
Florida,Columbia,3
Florida,Dade,1005
Florida,De Soto,7
Florida,Duval,9
Florida,Escambia,49
Florida,Gadsden,223
Florida,Glades,53
Florida,Hamilton,626
Florida,Hardee,149
Florida,Hendry,5
Florida,Hernando,625
Florida,Hillsborough,742
Florida,Indian River,1
Florida,Jackson,34
Florida,Lake,89
Florida,Lee,123
Florida,Leon,9
Florida,Levy,48
Florida,Manatee,118
Florida,Marion,226
Florida,Martin,10
Florida,Monroe,32
Florida,Okaloosa,0
Florida,Orange,0
Florida,Palm Beach,18
Florida,Pasco,107
Florida,Polk,3114
Florida,Putnam,58
Florida,Santa Rosa,4
Florida,Sarasota,48
Florida,St Lucie,30
Florida,Sumter,144
Florida,Suwannee,29
Florida,Taylor,68
Florida,Walton,2
Georgia,Baldwin,4
Georgia,Barrow,13
Georgia,Bartow,167
Georgia,Bibb,24
Georgia,Brantley,12
Georgia,Carroll,13
Georgia,Cherokee,22
Georgia,Clarke,26
Georgia,Clayton,43
Georgia,Cobb,84
Georgia,Columbia,37
Georgia,Cook,4
Georgia,Coweta,19
Georgia,Crawford,31
Georgia,Dade,0
Georgia,De Kalb,124
Georgia,Decatur,495
Georgia,Dougherty,5
Georgia,Douglas,64
Georgia,Echols,2
Georgia,Effingham,11
Georgia,Elbert,104
Georgia,Evans,3
Georgia,Fannin,9
Georgia,Fayette,66
Georgia,Floyd,51
Georgia,Forsyth,43
Georgia,Franklin,17
Georgia,Fulton,200
Georgia,Gilmer,68
Georgia,Glascock,67
Georgia,Gordon,35
Georgia,Grady,0
Georgia,Greene,7
Georgia,Gwinnett,127
Georgia,Habersham,9
Georgia,Hall,54
Georgia,Hart,58
Georgia,Henry,38
Georgia,Houston,147
Georgia,Jackson,0
Georgia,Jasper,36
Georgia,Jefferson,231
Georgia,Jones,110
Georgia,Lee,18
Georgia,Lincoln,42
Georgia,Long,6
Georgia,Lowndes,2
Georgia,Lumpkin,14
Georgia,Macon,36
Georgia,Madison,42
Georgia,Marion,35
Georgia,Monroe,59
Georgia,Montgomery,3
Georgia,Murray,41
Georgia,Muscogee,69
Georgia,Newton,14
Georgia,Oglethorpe,164
Georgia,Pickens,265
Georgia,Polk,84
Georgia,Rabun,22
Georgia,Richmond,135
Georgia,Rockdale,50
Georgia,Spalding,19
Georgia,Stephens,18
Georgia,Sumter,133
Georgia,Talbot,18
Georgia,Taylor,17
Georgia,Thomas,248
Georgia,Towns,5
Georgia,Troup,21
Georgia,Twiggs,819
Georgia,Union,24
Georgia,Walker,31
Georgia,Warren,127
Georgia,Washington,1022
Georgia,Whitfield,84
Georgia,Wilkes,23
Georgia,Wilkinson,1214
Hawaii,Hawaii,109
Hawaii,Honolulu,235
Hawaii,Kauai,16
Hawaii,Maui,47
Idaho,Ada,35
Idaho,Adams,4
Idaho,Bannock,67
Idaho,Bear Lake,2
Idaho,Benewah,37
Idaho,Bingham,145
Idaho,Blaine,7
Idaho,Boise,16
Idaho,Bonner,27
Idaho,Bonneville,28
Idaho,Butte,0
Idaho,Canyon,29
Idaho,Caribou,216
Idaho,Cassia,36
Idaho,Clark,5
Idaho,Clearwater,0
Idaho,Custer,409
Idaho,Elmore,18
Idaho,Franklin,11
Idaho,Fremont,12
Idaho,Gem,14
Idaho,Gooding,13
Idaho,Idaho,60
Idaho,Kootenai,49
Idaho,Latah,25
Idaho,Lemhi,3
Idaho,Lincoln,5
Idaho,Madison,3
Idaho,Minidoka,5
Idaho,Nez Perce,63
Idaho,Oneida,47
Idaho,Owyhee,159
Idaho,Power,6
Idaho,Shoshone,1322
Idaho,Twin Falls,15
Idaho,Valley,9
Idaho,Washington,5
Illinois,Adams,199
Illinois,Alexander,78
Illinois,Bond,9
Illinois,Boone,23
Illinois,Brown,71
Illinois,Bureau,10
Illinois,Calhoun,13
Illinois,Carroll,10
Illinois,Champaign,18
Illinois,Christian,932
Illinois,Clark,25
Illinois,Clay,15
Illinois,Clinton,583
Illinois,Coles,31
Illinois,Cook,524
Illinois,Crawford,12
Illinois,Cumberland,8
Illinois,De Kalb,19
Illinois,De Witt,0
Illinois,Douglas,229
Illinois,Du Page,99
Illinois,Fayette,17
Illinois,Ford,10
Illinois,Franklin,1728
Illinois,Fulton,186
Illinois,Gallatin,455
Illinois,Greene,22
Illinois,Grundy,15
Illinois,Hamilton,442
Illinois,Hancock,42
Illinois,Hardin,233
Illinois,Henderson,22
Illinois,Henry,25
Illinois,Jackson,391
Illinois,Jefferson,1158
Illinois,Jersey,6
Illinois,Jo Daviess,41
Illinois,Johnson,40
Illinois,Kane,105
Illinois,Kankakee,52
Illinois,Kendall,17
Illinois,Knox,0
Illinois,La Salle,586
Illinois,Lake,29
Illinois,Lawrence,10
Illinois,Lee,135
Illinois,Livingston,79
Illinois,Logan,307
Illinois,Macon,9
Illinois,Macoupin,1130
Illinois,Madison,71
Illinois,Marshall,14
Illinois,Mason,7
Illinois,Massac,81
Illinois,McDonough,29
Illinois,McHenry,111
Illinois,McLean,22
Illinois,Menard,14
Illinois,Mercer,4
Illinois,Monroe,48
Illinois,Montgomery,53
Illinois,Moultrie,1
Illinois,Ogle,60
Illinois,Peoria,34
Illinois,Perry,1394
Illinois,Piatt,3
Illinois,Pike,39
Illinois,Pope,19
Illinois,Pulaski,118
Illinois,Putnam,17
Illinois,Randolph,1775
Illinois,Rock Island,61
Illinois,Saline,1483
Illinois,Sangamon,17
Illinois,Schuyler,6
Illinois,Scott,7
Illinois,Shelby,6
Illinois,St Clair,673
Illinois,Stephenson,21
Illinois,Tazewell,30
Illinois,Union,44
Illinois,Vermilion,33
Illinois,Wabash,841
Illinois,Warren,21
Illinois,Washington,214
Illinois,White,215
Illinois,Whiteside,17
Illinois,Will,164
Illinois,Williamson,854
Illinois,Winnebago,52
Illinois,Woodford,22
Indiana,Adams,26
Indiana,Allen,72
Indiana,Bartholomew,16
Indiana,Blackford,5
Indiana,Boone,6
Indiana,Carroll,25
Indiana,Cass,84
Indiana,Clark,281
Indiana,Clay,349
Indiana,Clinton,1
Indiana,Crawford,130
Indiana,Daviess,620
Indiana,De Kalb,20
Indiana,Dearborn,8
Indiana,Decatur,18
Indiana,Delaware,23
Indiana,Dubois,108
Indiana,Elkhart,30
Indiana,Fayette,5
Indiana,Floyd,5
Indiana,Fountain,11
Indiana,Franklin,12
Indiana,Fulton,4
Indiana,Gibson,26
Indiana,Grant,47
Indiana,Greene,502
Indiana,Hamilton,84
Indiana,Hancock,10
Indiana,Harrison,39
Indiana,Hendricks,7
Indiana,Henry,6
Indiana,Howard,16
Indiana,Huntington,32
Indiana,Jackson,11
Indiana,Jasper,21
Indiana,Jay,19
Indiana,Jennings,21
Indiana,Johnson,3
Indiana,Knox,524
Indiana,Kosciusko,15
Indiana,La Grange,0
Indiana,La Porte,10
Indiana,Lake,153
Indiana,Lawrence,261
Indiana,Madison,14
Indiana,Marion,97
Indiana,Marshall,10
Indiana,Martin,176
Indiana,Miami,24
Indiana,Monroe,133
Indiana,Montgomery,7
Indiana,Morgan,39
Indiana,Newton,24
Indiana,Noble,10
Indiana,Orange,20
Indiana,Owen,53
Indiana,Parke,7
Indiana,Perry,27
Indiana,Pike,772
Indiana,Porter,5
Indiana,Posey,3
Indiana,Pulaski,20
Indiana,Putnam,163
Indiana,Randolph,11
Indiana,Ripley,19
Indiana,Rush,10
Indiana,Scott,24
Indiana,Shelby,44
Indiana,Spencer,322
Indiana,St Joseph,25
Indiana,Starke,4
Indiana,Steuben,14
Indiana,Sullivan,239
Indiana,Switzerland,29
Indiana,Tippecanoe,33
Indiana,Union,3
Indiana,Vanderburgh,26
Indiana,Vermillion,352
Indiana,Vigo,78
Indiana,Wabash,8
Indiana,Warren,8
Indiana,Warrick,1420
Indiana,Washington,13
Indiana,Wayne,32
Indiana,Wells,5
Indiana,White,7
Indiana,Whitley,7
Iowa,Adair,110
Iowa,Adams,23
Iowa,Allamakee,28
Iowa,Appanoose,63
Iowa,Audubon,1
Iowa,Benton,25
Iowa,Black Hawk,41
Iowa,Boone,22
Iowa,Bremer,8
Iowa,Buchanan,28
Iowa,Buena Vista,11
Iowa,Butler,19
Iowa,Calhoun,0
Iowa,Carroll,8
Iowa,Cass,22
Iowa,Cedar,4
Iowa,Cerro Gordo,304
Iowa,Cherokee,3
Iowa,Chickasaw,15
Iowa,Clarke,9
Iowa,Clay,7
Iowa,Clayton,49
Iowa,Clinton,30
Iowa,Dallas,23
Iowa,Davis,1
Iowa,Decatur,9
Iowa,Delaware,69
Iowa,Des Moines,125
Iowa,Dickinson,24
Iowa,Dubuque,61
Iowa,Emmet,16
Iowa,Fayette,77
Iowa,Floyd,27
Iowa,Franklin,9
Iowa,Fremont,6
Iowa,Greene,39
Iowa,Grundy,1
Iowa,Guthrie,1
Iowa,Hamilton,9
Iowa,Hancock,6
Iowa,Hardin,175
Iowa,Harrison,30
Iowa,Henry,6
Iowa,Howard,6
Iowa,Humboldt,9
Iowa,Ida,0
Iowa,Iowa,5
Iowa,Jackson,50
Iowa,Jasper,12
Iowa,Jefferson,0
Iowa,Johnson,56
Iowa,Jones,44
Iowa,Keokuk,18
Iowa,Kossuth,2
Iowa,Lee,21
Iowa,Linn,74
Iowa,Louisa,16
Iowa,Lucas,0
Iowa,Lyon,7
Iowa,Madison,53
Iowa,Mahaska,3
Iowa,Marion,79
Iowa,Marshall,30
Iowa,Mills,0
Iowa,Mitchell,62
Iowa,Monona,22
Iowa,Monroe,127
Iowa,Montgomery,35
Iowa,Muscatine,70
Iowa,O Brien,3
Iowa,Osceola,11
Iowa,Page,12
Iowa,Palo Alto,4
Iowa,Plymouth,26
Iowa,Pocahontas,12
Iowa,Polk,259
Iowa,Pottawattamie,36
Iowa,Poweshiek,8
Iowa,Sac,40
Iowa,Scott,190
Iowa,Shelby,8
Iowa,Sioux,41
Iowa,Story,36
Iowa,Tama,12
Iowa,Taylor,8
Iowa,Union,10
Iowa,Van Buren,41
Iowa,Wapello,18
Iowa,Washington,1
Iowa,Webster,111
Iowa,Winneshiek,67
Iowa,Woodbury,5
Iowa,Worth,15
Iowa,Wright,9
Kansas,Allen,180
Kansas,Anderson,15
Kansas,Atchison,25
Kansas,Barber,27
Kansas,Barton,20
Kansas,Bourbon,80
Kansas,Brown,5
Kansas,Butler,19
Kansas,Chase,5
Kansas,Chautauqua,30
Kansas,Cherokee,30
Kansas,Cheyenne,2
Kansas,Clay,9
Kansas,Cloud,24
Kansas,Coffey,10
Kansas,Cowley,49
Kansas,Crawford,202
Kansas,Decatur,3
Kansas,Dickinson,84
Kansas,Doniphan,6
Kansas,Douglas,23
Kansas,Edwards,4
Kansas,Elk,16
Kansas,Ellis,10
Kansas,Ellsworth,57
Kansas,Finney,9
Kansas,Ford,24
Kansas,Franklin,62
Kansas,Geary,17
Kansas,Graham,0
Kansas,Gray,1
Kansas,Greenwood,29
Kansas,Hamilton,5
Kansas,Harper,1
Kansas,Harvey,4
Kansas,Haskell,4
Kansas,Hodgeman,0
Kansas,Jackson,0
Kansas,Jefferson,95
Kansas,Jewell,30
Kansas,Johnson,123
Kansas,Kearny,9
Kansas,Kiowa,7
Kansas,Labette,38
Kansas,Leavenworth,34
Kansas,Lincoln,54
Kansas,Linn,45
Kansas,Logan,6
Kansas,Lyon,49
Kansas,Marion,18
Kansas,Marshall,44
Kansas,McPherson,23
Kansas,Miami,9
Kansas,Montgomery,127
Kansas,Morris,2
Kansas,Nemaha,2
Kansas,Neosho,150
Kansas,Ness,4
Kansas,Osage,6
Kansas,Ottawa,0
Kansas,Pawnee,5
Kansas,Phillips,6
Kansas,Pottawatomie,42
Kansas,Pratt,19
Kansas,Reno,154
Kansas,Republic,11
Kansas,Rice,208
Kansas,Riley,47
Kansas,Rooks,0
Kansas,Saline,15
Kansas,Sedgwick,95
Kansas,Seward,13
Kansas,Shawnee,84
Kansas,Sheridan,0
Kansas,Sherman,3
Kansas,Smith,1
Kansas,Stafford,0
Kansas,Sumner,6
Kansas,Trego,10
Kansas,Wabaunsee,2
Kansas,Washington,8
Kansas,Wilson,114
Kansas,Woodson,3
Kansas,Wyandotte,197
Kentucky,Adair,11
Kentucky,Allen,58
Kentucky,Anderson,14
Kentucky,Barren,11
Kentucky,Bell,1495
Kentucky,Boone,28
Kentucky,Bourbon,19
Kentucky,Boyd,217
Kentucky,Boyle,14
Kentucky,Breathitt,1010
Kentucky,Breckinridge,31
Kentucky,Bullitt,102
Kentucky,Butler,306
Kentucky,Caldwell,70
Kentucky,Calloway,7
Kentucky,Carlisle,26
Kentucky,Carroll,22
Kentucky,Carter,86
Kentucky,Casey,8
Kentucky,Christian,121
Kentucky,Clay,656
Kentucky,Clinton,12
Kentucky,Crittenden,15
Kentucky,Cumberland,8
Kentucky,Daviess,301
Kentucky,Edmonson,10
Kentucky,Elliott,135
Kentucky,Estill,142
Kentucky,Fayette,43
Kentucky,Fleming,11
Kentucky,Floyd,1911
Kentucky,Franklin,19
Kentucky,Gallatin,1
Kentucky,Garrard,15
Kentucky,Graves,56
Kentucky,Grayson,57
Kentucky,Green,7
Kentucky,Greenup,95
Kentucky,Hancock,26
Kentucky,Hardin,27
Kentucky,Harlan,3404
Kentucky,Harrison,9
Kentucky,Hart,21
Kentucky,Henderson,154
Kentucky,Henry,23
Kentucky,Hickman,0
Kentucky,Hopkins,1786
Kentucky,Jackson,111
Kentucky,Jefferson,180
Kentucky,Jessamine,26
Kentucky,Johnson,175
Kentucky,Knott,1601
Kentucky,Knox,1109
Kentucky,Laurel,253
Kentucky,Lawrence,268
Kentucky,Lee,77
Kentucky,Leslie,1270
Kentucky,Letcher,1751
Kentucky,Livingston,273
Kentucky,Logan,17
Kentucky,Lyon,0
Kentucky,Madison,37
Kentucky,Magoffin,511
Kentucky,Marion,15
Kentucky,Martin,2634
Kentucky,Mason,238
Kentucky,McCreary,338
Kentucky,McLean,58
Kentucky,Meade,55
Kentucky,Menifee,16
Kentucky,Mercer,10
Kentucky,Metcalfe,12
Kentucky,Monroe,3
Kentucky,Montgomery,20
Kentucky,Morgan,173
Kentucky,Muhlenberg,1592
Kentucky,Nelson,15
Kentucky,Ohio,871
Kentucky,Oldham,54
Kentucky,Owsley,94
Kentucky,Pendleton,177
Kentucky,Perry,1639
Kentucky,Pike,7324
Kentucky,Powell,33
Kentucky,Pulaski,162
Kentucky,Rockcastle,65
Kentucky,Rowan,0
Kentucky,Scott,17
Kentucky,Simpson,10
Kentucky,Spencer,0
Kentucky,Taylor,6
Kentucky,Todd,6
Kentucky,Trigg,7
Kentucky,Union,1879
Kentucky,Warren,25
Kentucky,Washington,6
Kentucky,Wayne,64
Kentucky,Webster,786
Kentucky,Whitley,734
Kentucky,Wolfe,79
Louisiana,Allen,11
Louisiana,Ascension,191
Louisiana,Assumption,9
Louisiana,Beauregard,4
Louisiana,Bienville,3
Louisiana,Caddo,1
Louisiana,Calcasieu,64
Louisiana,Cameron,7
Louisiana,Catahoula,26
Louisiana,Claiborne,0
Louisiana,De Soto,24
Louisiana,East Baton Rouge,51
Louisiana,East Feliciana,21
Louisiana,Iberia,540
Louisiana,Jefferson Davis,7
Louisiana,La Salle,22
Louisiana,Lafayette,7
Louisiana,Livingston,20
Louisiana,Morehouse,1
Louisiana,Natchitoches,5
Louisiana,Orleans,319
Louisiana,Ouachita,22
Louisiana,Plaquemines,5
Louisiana,Pointe Coupee,91
Louisiana,Rapides,99
Louisiana,Red River,19
Louisiana,Sabine,4
Louisiana,St Bernard,10
Louisiana,St Helena,123
Louisiana,St James,433
Louisiana,St Martin,4
Louisiana,St Mary,208
Louisiana,St Tammany,28
Louisiana,Tangipahoa,32
Louisiana,Terrebonne,59
Louisiana,Vermilion,11
Louisiana,Vernon,40
Louisiana,Washington,75
Louisiana,Webster,80
Louisiana,West Feliciana,8
Louisiana,Winn,17
Maine,Androscoggin,40
Maine,Aroostook,102
Maine,Cumberland,118
Maine,Franklin,8
Maine,Hancock,45
Maine,Kennebec,56
Maine,Knox,133
Maine,Lincoln,14
Maine,Oxford,52
Maine,Penobscot,64
Maine,Piscataquis,16
Maine,Sagadahoc,5
Maine,Somerset,18
Maine,Waldo,17
Maine,Washington,38
Maine,York,38
Maryland,Allegany,211
Maryland,Anne Arundel,122
Maryland,Baltimore,425
Maryland,Carroll,189
Maryland,Cecil,125
Maryland,Charles,110
Maryland,Dorchester,8
Maryland,Frederick,259
Maryland,Garrett,640
Maryland,Harford,83
Maryland,Howard,5
Maryland,Montgomery,128
Maryland,Prince Georges,203
Maryland,Queen Annes,35
Maryland,St Marys,43
Maryland,Washington,176
Maryland,Wicomico,3
Maryland,Worcester,14
Massachusetts,Barnstable,16
Massachusetts,Berkshire,249
Massachusetts,Bristol,78
Massachusetts,Dukes,11
Massachusetts,Essex,70
Massachusetts,Franklin,21
Massachusetts,Hampden,78
Massachusetts,Hampshire,31
Massachusetts,Middlesex,223
Massachusetts,Norfolk,92
Massachusetts,Plymouth,79
Massachusetts,Suffolk,3
Massachusetts,Worcester,145
Michigan,Alger,6
Michigan,Allegan,37
Michigan,Alpena,489
Michigan,Antrim,8
Michigan,Arenac,17
Michigan,Baraga,6
Michigan,Barry,7
Michigan,Bay,54
Michigan,Berrien,68
Michigan,Branch,10
Michigan,Calhoun,36
Michigan,Cass,20
Michigan,Charlevoix,134
Michigan,Cheboygan,10
Michigan,Chippewa,56
Michigan,Clare,10
Michigan,Clinton,21
Michigan,Crawford,2
Michigan,Delta,25
Michigan,Dickinson,9
Michigan,Eaton,20
Michigan,Emmet,7
Michigan,Genesee,0
Michigan,Gogebic,11
Michigan,Grand Traverse,15
Michigan,Gratiot,8
Michigan,Hillsdale,7
Michigan,Houghton,20
Michigan,Huron,25
Michigan,Ingham,26
Michigan,Ionia,21
Michigan,Iosco,107
Michigan,Iron,23
Michigan,Isabella,13
Michigan,Jackson,10
Michigan,Kalamazoo,20
Michigan,Kalkaska,0
Michigan,Kent,82
Michigan,Keweenaw,0
Michigan,Lake,6
Michigan,Lapeer,15
Michigan,Leelanau,7
Michigan,Lenawee,9
Michigan,Livingston,64
Michigan,Luce,9
Michigan,Mackinac,80
Michigan,Macomb,19
Michigan,Manistee,2
Michigan,Marquette,2183
Michigan,Mason,6
Michigan,Mecosta,4
Michigan,Menominee,6
Michigan,Midland,5
Michigan,Missaukee,3
Michigan,Monroe,211
Michigan,Montcalm,17
Michigan,Muskegon,40
Michigan,Newaygo,7
Michigan,Oakland,173
Michigan,Oceana,16
Michigan,Ogemaw,6
Michigan,Ontonagon,316
Michigan,Osceola,5
Michigan,Otsego,9
Michigan,Ottawa,84
Michigan,Presque Isle,333
Michigan,Roscommon,7
Michigan,Saginaw,0
Michigan,Sanilac,12
Michigan,Schoolcraft,90
Michigan,Shiawassee,11
Michigan,St Clair,7
Michigan,St Joseph,7
Michigan,Tuscola,31
Michigan,Van Buren,5
Michigan,Washtenaw,29
Michigan,Wayne,1173
Michigan,Wexford,30
Minnesota,Aitkin,0
Minnesota,Anoka,10
Minnesota,Becker,10
Minnesota,Beltrami,19
Minnesota,Benton,32
Minnesota,Big Stone,29
Minnesota,Blue Earth,69
Minnesota,Brown,12
Minnesota,Carlton,34
Minnesota,Carver,16
Minnesota,Cass,1
Minnesota,Chippewa,0
Minnesota,Chisago,10
Minnesota,Clay,60
Minnesota,Clearwater,2
Minnesota,Cook,0
Minnesota,Cottonwood,9
Minnesota,Crow Wing,34
Minnesota,Dakota,67
Minnesota,Dodge,13
Minnesota,Douglas,4
Minnesota,Faribault,1
Minnesota,Fillmore,72
Minnesota,Freeborn,7
Minnesota,Goodhue,31
Minnesota,Grant,0
Minnesota,Hennepin,49
Minnesota,Houston,34
Minnesota,Hubbard,7
Minnesota,Itasca,378
Minnesota,Jackson,0
Minnesota,Kanabec,14
Minnesota,Kandiyohi,22
Minnesota,Kittson,8
Minnesota,Koochiching,0
Minnesota,Lac qui Parle,1
Minnesota,Lake,446
Minnesota,Le Sueur,88
Minnesota,Lincoln,0
Minnesota,Lyon,13
Minnesota,Mahnomen,2
Minnesota,Marshall,13
Minnesota,Martin,6
Minnesota,McLeod,12
Minnesota,Meeker,7
Minnesota,Mille Lacs,14
Minnesota,Morrison,22
Minnesota,Mower,14
Minnesota,Murray,0
Minnesota,Nicollet,21
Minnesota,Norman,2
Minnesota,Olmsted,65
Minnesota,Otter Tail,10
Minnesota,Pennington,5
Minnesota,Pine,3
Minnesota,Pipestone,0
Minnesota,Polk,11
Minnesota,Pope,6
Minnesota,Ramsey,16
Minnesota,Red Lake,2
Minnesota,Redwood,7
Minnesota,Renville,15
Minnesota,Rice,16
Minnesota,Rock,24
Minnesota,Roseau,6
Minnesota,Scott,70
Minnesota,Sherburne,18
Minnesota,Sibley,0
Minnesota,St Louis,5274
Minnesota,Stearns,126
Minnesota,Steele,14
Minnesota,Stevens,2
Minnesota,Todd,19
Minnesota,Wabasha,14
Minnesota,Wadena,6
Minnesota,Waseca,1
Minnesota,Washington,89
Minnesota,Watonwan,5
Minnesota,Wilkin,4
Minnesota,Winona,32
Minnesota,Wright,26
Minnesota,Yellow Medicine,23
Mississippi,Adams,46
Mississippi,Benton,5
Mississippi,Carroll,23
Mississippi,Clay,21
Mississippi,Copiah,91
Mississippi,De Soto,43
Mississippi,Forrest,48
Mississippi,Hancock,10
Mississippi,Harrison,6
Mississippi,Hinds,124
Mississippi,Holmes,17
Mississippi,Itawamba,24
Mississippi,Jackson,2
Mississippi,Jasper,8
Mississippi,Jones,2
Mississippi,Kemper,0
Mississippi,Lafayette,2
Mississippi,Lauderdale,2
Mississippi,Lincoln,4
Mississippi,Lowndes,176
Mississippi,Marion,4
Mississippi,Monroe,79
Mississippi,Noxubee,11
Mississippi,Panola,72
Mississippi,Pearl River,19
Mississippi,Perry,14
Mississippi,Pike,13
Mississippi,Rankin,2
Mississippi,Smith,3
Mississippi,Stone,15
Mississippi,Tallahatchie,11
Mississippi,Tate,6
Mississippi,Tippah,138
Mississippi,Tishomingo,30
Mississippi,Walthall,7
Mississippi,Warren,30
Mississippi,Washington,3
Mississippi,Wayne,5
Mississippi,Winston,9
Mississippi,Yalobusha,12
Mississippi,Yazoo,15
Missouri,Adair,0
Missouri,Andrew,62
Missouri,Atchison,1
Missouri,Audrain,11
Missouri,Barry,22
Missouri,Barton,87
Missouri,Bates,208
Missouri,Benton,33
Missouri,Bollinger,14
Missouri,Boone,55
Missouri,Buchanan,19
Missouri,Butler,33
Missouri,Caldwell,4
Missouri,Callaway,59
Missouri,Camden,37
Missouri,Cape Girardeau,205
Missouri,Carroll,3
Missouri,Cass,49
Missouri,Cedar,0
Missouri,Christian,29
Missouri,Clark,4
Missouri,Clay,69
Missouri,Clinton,68
Missouri,Cole,48
Missouri,Cooper,33
Missouri,Crawford,18
Missouri,Dade,7
Missouri,Dallas,2
Missouri,Daviess,36
Missouri,De Kalb,6
Missouri,Dent,4
Missouri,Douglas,22
Missouri,Franklin,34
Missouri,Gasconade,43
Missouri,Gentry,1
Missouri,Greene,153
Missouri,Grundy,23
Missouri,Harrison,12
Missouri,Henry,210
Missouri,Hickory,2
Missouri,Holt,29
Missouri,Howard,60
Missouri,Howell,24
Missouri,Iron,917
Missouri,Jackson,264
Missouri,Jasper,165
Missouri,Jefferson,322
Missouri,Johnson,26
Missouri,Knox,21
Missouri,Laclede,17
Missouri,Lafayette,10
Missouri,Lawrence,6
Missouri,Lewis,20
Missouri,Lincoln,39
Missouri,Livingston,87
Missouri,Macon,2
Missouri,Madison,4
Missouri,Maries,0
Missouri,Marion,1
Missouri,McDonald,9
Missouri,Mercer,42
Missouri,Miller,16
Missouri,Moniteau,4
Missouri,Monroe,23
Missouri,Montgomery,67
Missouri,Morgan,22
Missouri,Newton,31
Missouri,Nodaway,18
Missouri,Oregon,5
Missouri,Osage,1
Missouri,Ozark,25
Missouri,Pemiscot,3
Missouri,Perry,46
Missouri,Pettis,31
Missouri,Phelps,34
Missouri,Pike,211
Missouri,Platte,43
Missouri,Polk,18
Missouri,Pulaski,17
Missouri,Putnam,28
Missouri,Ralls,296
Missouri,Randolph,591
Missouri,Ray,28
Missouri,Reynolds,127
Missouri,Ripley,2
Missouri,Saline,38
Missouri,Scotland,4
Missouri,Scott,77
Missouri,Shannon,3
Missouri,Shelby,13
Missouri,St Charles,72
Missouri,St Clair,3
Missouri,St Francois,91
Missouri,St Louis,348
Missouri,St Louis City,5
Missouri,Ste. Genevieve,835
Missouri,Stoddard,101
Missouri,Stone,3
Missouri,Sullivan,13
Missouri,Taney,35
Missouri,Texas,23
Missouri,Vernon,71
Missouri,Warren,30
Missouri,Washington,357
Missouri,Wayne,49
Missouri,Webster,12
Missouri,Worth,4
Missouri,Wright,8
Montana,Beaverhead,100
Montana,Big Horn,580
Montana,Blaine,0
Montana,Broadwater,55
Montana,Carbon,7
Montana,Carter,17
Montana,Cascade,36
Montana,Chouteau,2
Montana,Custer,2
Montana,Dawson,11
Montana,Deer Lodge,16
Montana,Fallon,5
Montana,Fergus,69
Montana,Flathead,44
Montana,Gallatin,132
Montana,Granite,49
Montana,Hill,9
Montana,Jefferson,220
Montana,Judith Basin,5
Montana,Lake,24
Montana,Lewis and Clark,17
Montana,Liberty,1
Montana,Lincoln,458
Montana,Madison,186
Montana,Meagher,6
Montana,Missoula,44
Montana,Musselshell,15
Montana,Park,33
Montana,Phillips,80
Montana,Pondera,1
Montana,Powell,151
Montana,Ravalli,2
Montana,Richland,19
Montana,Rosebud,495
Montana,Sanders,16
Montana,Sheridan,12
Montana,Silver Bow,19
Montana,Stillwater,13
Montana,Teton,4
Montana,Toole,4
Montana,Valley,7
Montana,Yellowstone,55
Nebraska,Adams,2
Nebraska,Antelope,13
Nebraska,Blaine,0
Nebraska,Brown,9
Nebraska,Buffalo,23
Nebraska,Butler,3
Nebraska,Cass,409
Nebraska,Cedar,11
Nebraska,Chase,0
Nebraska,Clay,17
Nebraska,Colfax,16
Nebraska,Cuming,18
Nebraska,Custer,7
Nebraska,Dawes,2
Nebraska,Dawson,18
Nebraska,Deuel,2
Nebraska,Dixon,2
Nebraska,Dodge,9
Nebraska,Douglas,39
Nebraska,Dundy,1
Nebraska,Fillmore,0
Nebraska,Franklin,7
Nebraska,Frontier,0
Nebraska,Furnas,2
Nebraska,Gage,18
Nebraska,Garden,1
Nebraska,Garfield,3
Nebraska,Greeley,0
Nebraska,Hall,58
Nebraska,Hamilton,3
Nebraska,Harlan,0
Nebraska,Hayes,0
Nebraska,Hitchcock,9
Nebraska,Holt,18
Nebraska,Howard,10
Nebraska,Jefferson,19
Nebraska,Keith,9
Nebraska,Kimball,0
Nebraska,Knox,13
Nebraska,Lancaster,9
Nebraska,Lincoln,18
Nebraska,Loup,5
Nebraska,Madison,24
Nebraska,Merrick,17
Nebraska,Morrill,6
Nebraska,Nance,6
Nebraska,Nemaha,0
Nebraska,Nuckolls,112
Nebraska,Pawnee,10
Nebraska,Perkins,1
Nebraska,Phelps,11
Nebraska,Pierce,7
Nebraska,Platte,10
Nebraska,Polk,4
Nebraska,Red Willow,15
Nebraska,Rock,0
Nebraska,Saline,2
Nebraska,Sarpy,23
Nebraska,Saunders,50
Nebraska,Scotts Bluff,24
Nebraska,Seward,2
Nebraska,Sheridan,8
Nebraska,Stanton,7
Nebraska,Thayer,14
Nebraska,Thomas,7
Nebraska,Valley,3
Nebraska,Washington,33
Nebraska,Webster,7
Nebraska,York,3
Nevada,Churchill,34
Nevada,Clark,332
Nevada,Douglas,66
Nevada,Elko,474
Nevada,Esmeralda,125
Nevada,Eureka,575
Nevada,Humboldt,253
Nevada,Lander,756
Nevada,Lincoln,42
Nevada,Lyon,215
Nevada,Mineral,272
Nevada,Nye,712
Nevada,Pershing,189
Nevada,Storey,159
Nevada,Washoe,188
Nevada,White Pine,215
New Hampshire,Belknap,18
New Hampshire,Carroll,27
New Hampshire,Cheshire,34
New Hampshire,Coos,21
New Hampshire,Grafton,39
New Hampshire,Hillsborough,82
New Hampshire,Merrimack,94
New Hampshire,Rockingham,59
New Hampshire,Strafford,18
New Hampshire,Sullivan,8
New Jersey,Atlantic,8
New Jersey,Bergen,2
New Jersey,Burlington,15
New Jersey,Camden,74
New Jersey,Cape May,35
New Jersey,Cumberland,206
New Jersey,Essex,5
New Jersey,Gloucester,13
New Jersey,Hunterdon,124
New Jersey,Mercer,34
New Jersey,Middlesex,75
New Jersey,Monmouth,19
New Jersey,Morris,179
New Jersey,Ocean,66
New Jersey,Passaic,93
New Jersey,Salem,5
New Jersey,Somerset,354
New Jersey,Sussex,310
New Jersey,Union,5
New Jersey,Warren,44
New Mexico,Bernalillo,410
New Mexico,Catron,6
New Mexico,Chaves,62
New Mexico,Cibola,118
New Mexico,Colfax,373
New Mexico,Curry,10
New Mexico,De Baca,10
New Mexico,Dona Ana,94
New Mexico,Eddy,1373
New Mexico,Grant,1223
New Mexico,Guadalupe,0
New Mexico,Hidalgo,0
New Mexico,Lea,282
New Mexico,Lincoln,45
New Mexico,Luna,15
New Mexico,McKinley,756
New Mexico,Mora,4
New Mexico,Otero,34
New Mexico,Rio Arriba,43
New Mexico,San Juan,750
New Mexico,San Miguel,14
New Mexico,Sandoval,22
New Mexico,Santa Fe,107
New Mexico,Sierra,55
New Mexico,Socorro,55
New Mexico,Taos,849
New Mexico,Torrance,28
New Mexico,Union,14
New Mexico,Valencia,19
New York,Albany,451
New York,Allegany,39
New York,Broome,34
New York,Cattaraugus,100
New York,Cayuga,8
New York,Chautauqua,17
New York,Chemung,36
New York,Chenango,39
New York,Clinton,61
New York,Columbia,39
New York,Cortland,35
New York,Delaware,44
New York,Dutchess,205
New York,Erie,133
New York,Essex,226
New York,Franklin,44
New York,Fulton,21
New York,Genesee,143
New York,Greene,264
New York,Hamilton,26
New York,Herkimer,38
New York,Jefferson,91
New York,Lewis,84
New York,Livingston,331
New York,Madison,43
New York,Monroe,109
New York,Montgomery,43
New York,Nassau,73
New York,Niagara,83
New York,Oneida,52
New York,Onondaga,277
New York,Ontario,74
New York,Orange,84
New York,Orleans,39
New York,Oswego,50
New York,Otsego,17
New York,Putnam,21
New York,Rensselaer,40
New York,Rockland,171
New York,Saratoga,58
New York,Schenectady,13
New York,Schoharie,33
New York,Schuyler,10
New York,Seneca,13
New York,St Lawrence,426
New York,Steuben,111
New York,Suffolk,95
New York,Sullivan,66
New York,Tioga,88
New York,Tompkins,194
New York,Ulster,94
New York,Warren,191
New York,Washington,116
New York,Wayne,65
New York,Westchester,11
New York,Wyoming,21
New York,Yates,23
North Carolina,Alamance,21
North Carolina,Anson,133
North Carolina,Ashe,13
North Carolina,Avery,25
North Carolina,Beaufort,415
North Carolina,Bertie,8
North Carolina,Bladen,2
North Carolina,Brunswick,5
North Carolina,Buncombe,118
North Carolina,Burke,16
North Carolina,Cabarrus,49
North Carolina,Caldwell,30
North Carolina,Caswell,21
North Carolina,Catawba,28
North Carolina,Chatham,9
North Carolina,Cherokee,48
North Carolina,Chowan,0
North Carolina,Cleveland,237
North Carolina,Columbus,0
North Carolina,Craven,41
North Carolina,Cumberland,28
North Carolina,Currituck,1
North Carolina,Dare,2
North Carolina,Davidson,47
North Carolina,Davie,21
North Carolina,Duplin,8
North Carolina,Durham,45
North Carolina,Edgecombe,55
North Carolina,Forsyth,105
North Carolina,Franklin,10
North Carolina,Gaston,126
North Carolina,Granville,23
North Carolina,Greene,1
North Carolina,Guilford,89
North Carolina,Halifax,10
North Carolina,Harnett,122
North Carolina,Haywood,23
North Carolina,Henderson,27
North Carolina,Hertford,4
North Carolina,Hoke,3
North Carolina,Iredell,20
North Carolina,Jackson,48
North Carolina,Johnston,76
North Carolina,Jones,2
North Carolina,Lee,52
North Carolina,Lenoir,5
North Carolina,Lincoln,21
North Carolina,Macon,53
North Carolina,McDowell,28
North Carolina,Mecklenburg,90
North Carolina,Mitchell,323
North Carolina,Montgomery,22
North Carolina,Moore,58
North Carolina,New Hanover,42
North Carolina,Northampton,10
North Carolina,Onslow,19
North Carolina,Orange,36
North Carolina,Pasquotank,0
North Carolina,Pender,37
North Carolina,Pitt,44
North Carolina,Polk,2
North Carolina,Randolph,23
North Carolina,Richmond,65
North Carolina,Robeson,0
North Carolina,Rockingham,35
North Carolina,Rowan,149
North Carolina,Rutherford,29
North Carolina,Sampson,4
North Carolina,Scotland,0
North Carolina,Stanly,45
North Carolina,Stokes,8
North Carolina,Surry,155
North Carolina,Swain,20
North Carolina,Transylvania,17
North Carolina,Union,31
North Carolina,Vance,29
North Carolina,Wake,173
North Carolina,Watauga,29
North Carolina,Wayne,17
North Carolina,Wilkes,21
North Carolina,Wilson,26
North Carolina,Yadkin,1
North Carolina,Yancey,54
North Dakota,Adams,2
North Dakota,Barnes,8
North Dakota,Bottineau,0
North Dakota,Bowman,100
North Dakota,Burke,19
North Dakota,Burleigh,16
North Dakota,Cass,1
North Dakota,Cavalier,0
North Dakota,Dickey,6
North Dakota,Divide,0
North Dakota,Dunn,8
North Dakota,Eddy,9
North Dakota,Emmons,0
North Dakota,Foster,9
North Dakota,Grand Forks,20
North Dakota,Grant,8
North Dakota,Hettinger,0
North Dakota,La Moure,2
North Dakota,McHenry,0
North Dakota,McIntosh,2
North Dakota,McLean,288
North Dakota,Mercer,443
North Dakota,Morton,14
North Dakota,Mountrail,0
North Dakota,Nelson,2
North Dakota,Oliver,142
North Dakota,Pembina,0
North Dakota,Pierce,1
North Dakota,Ramsey,7
North Dakota,Ransom,5
North Dakota,Renville,11
North Dakota,Richland,20
North Dakota,Rolette,3
North Dakota,Sheridan,4
North Dakota,Stark,47
North Dakota,Stutsman,14
North Dakota,Towner,2
North Dakota,Traill,4
North Dakota,Walsh,22
North Dakota,Ward,211
North Dakota,Wells,28
North Dakota,Williams,27
Ohio,Adams,51
Ohio,Allen,52
Ohio,Ashland,7
Ohio,Ashtabula,8
Ohio,Athens,33
Ohio,Auglaize,19
Ohio,Belmont,1399
Ohio,Brown,3
Ohio,Butler,97
Ohio,Carroll,104
Ohio,Champaign,25
Ohio,Clark,29
Ohio,Clermont,22
Ohio,Clinton,25
Ohio,Columbiana,262
Ohio,Coshocton,199
Ohio,Crawford,39
Ohio,Cuyahoga,240
Ohio,Darke,13
Ohio,Delaware,58
Ohio,Erie,100
Ohio,Fairfield,8
Ohio,Fayette,26
Ohio,Franklin,161
Ohio,Gallia,197
Ohio,Geauga,86
Ohio,Greene,175
Ohio,Guernsey,69
Ohio,Hamilton,104
Ohio,Hancock,30
Ohio,Hardin,13
Ohio,Harrison,934
Ohio,Henry,5
Ohio,Highland,31
Ohio,Hocking,41
Ohio,Holmes,99
Ohio,Huron,3
Ohio,Jackson,148
Ohio,Jefferson,392
Ohio,Knox,90
Ohio,Lake,223
Ohio,Lawrence,169
Ohio,Licking,26
Ohio,Logan,38
Ohio,Lorain,65
Ohio,Lucas,55
Ohio,Mahoning,89
Ohio,Marion,44
Ohio,Medina,36
Ohio,Meigs,1281
Ohio,Mercer,25
Ohio,Miami,67
Ohio,Monroe,1093
Ohio,Montgomery,70
Ohio,Morgan,774
Ohio,Morrow,4
Ohio,Muskingum,786
Ohio,Noble,44
Ohio,Ottawa,183
Ohio,Paulding,135
Ohio,Perry,626
Ohio,Pickaway,19
Ohio,Pike,26
Ohio,Portage,104
Ohio,Preble,23
Ohio,Putnam,10
Ohio,Richland,21
Ohio,Ross,51
Ohio,Sandusky,325
Ohio,Scioto,57
Ohio,Seneca,59
Ohio,Shelby,35
Ohio,Stark,253
Ohio,Summit,37
Ohio,Trumbull,19
Ohio,Tuscarawas,467
Ohio,Union,19
Ohio,Van Wert,26
Ohio,Vinton,587
Ohio,Warren,54
Ohio,Washington,50
Ohio,Wayne,62
Ohio,Williams,8
Ohio,Wood,43
Ohio,Wyandot,144
Oklahoma,Adair,2
Oklahoma,Atoka,89
Oklahoma,Beaver,4
Oklahoma,Beckham,5
Oklahoma,Blaine,109
Oklahoma,Bryan,67
Oklahoma,Caddo,64
Oklahoma,Canadian,18
Oklahoma,Carter,33
Oklahoma,Cherokee,14
Oklahoma,Choctaw,64
Oklahoma,Cleveland,40
Oklahoma,Coal,18
Oklahoma,Comanche,146
Oklahoma,Cotton,7
Oklahoma,Craig,395
Oklahoma,Creek,23
Oklahoma,Custer,13
Oklahoma,Delaware,2
Oklahoma,Ellis,0
Oklahoma,Garvin,3
Oklahoma,Grady,5
Oklahoma,Greer,19
Oklahoma,Haskell,179
Oklahoma,Hughes,2
Oklahoma,Jackson,26
Oklahoma,Jefferson,5
Oklahoma,Johnston,162
Oklahoma,Kay,26
Oklahoma,Kingfisher,64
Oklahoma,Kiowa,57
Oklahoma,Latimer,55
Oklahoma,Le Flore,22
Oklahoma,Lincoln,2
Oklahoma,Logan,8
Oklahoma,Love,15
Oklahoma,Major,8
Oklahoma,Marshall,14
Oklahoma,Mayes,152
Oklahoma,McClain,5
Oklahoma,McCurtain,30
Oklahoma,McIntosh,45
Oklahoma,Murray,174
Oklahoma,Muskogee,43
Oklahoma,Noble,6
Oklahoma,Nowata,3
Oklahoma,Oklahoma,66
Oklahoma,Okmulgee,16
Oklahoma,Osage,18
Oklahoma,Ottawa,19
Oklahoma,Pawnee,37
Oklahoma,Payne,13
Oklahoma,Pittsburg,132
Oklahoma,Pontotoc,191
Oklahoma,Pottawatomie,32
Oklahoma,Pushmataha,8
Oklahoma,Roger Mills,10
Oklahoma,Rogers,413
Oklahoma,Seminole,67
Oklahoma,Sequoyah,75
Oklahoma,Stephens,3
Oklahoma,Texas,3
Oklahoma,Tillman,5
Oklahoma,Tulsa,149
Oklahoma,Wagoner,66
Oklahoma,Washington,22
Oklahoma,Washita,17
Oklahoma,Woods,2
Oklahoma,Woodward,16
Oregon,Baker,101
Oregon,Benton,25
Oregon,Clackamas,85
Oregon,Clatsop,3
Oregon,Columbia,39
Oregon,Coos,45
Oregon,Crook,12
Oregon,Curry,17
Oregon,Deschutes,25
Oregon,Douglas,135
Oregon,Gilliam,0
Oregon,Grant,5
Oregon,Harney,5
Oregon,Hood River,6
Oregon,Jackson,40
Oregon,Jefferson,0
Oregon,Josephine,13
Oregon,Klamath,0
Oregon,Lake,21
Oregon,Lane,96
Oregon,Lincoln,38
Oregon,Linn,14
Oregon,Malheur,11
Oregon,Marion,52
Oregon,Morrow,3
Oregon,Multnomah,110
Oregon,Polk,23
Oregon,Tillamook,12
Oregon,Umatilla,22
Oregon,Union,0
Oregon,Wasco,0
Oregon,Washington,119
Oregon,Yamhill,29
Pennsylvania,Adams,287
Pennsylvania,Allegheny,555
Pennsylvania,Armstrong,1566
Pennsylvania,Beaver,47
Pennsylvania,Bedford,99
Pennsylvania,Berks,361
Pennsylvania,Blair,155
Pennsylvania,Bradford,17
Pennsylvania,Bucks,206
Pennsylvania,Butler,719
Pennsylvania,Cambria,2075
Pennsylvania,Cameron,3
Pennsylvania,Carbon,54
Pennsylvania,Centre,738
Pennsylvania,Chester,207
Pennsylvania,Clarion,535
Pennsylvania,Clearfield,1934
Pennsylvania,Clinton,58
Pennsylvania,Columbia,88
Pennsylvania,Crawford,40
Pennsylvania,Cumberland,82
Pennsylvania,Dauphin,111
Pennsylvania,Delaware,61
Pennsylvania,Elk,112
Pennsylvania,Erie,62
Pennsylvania,Fayette,477
Pennsylvania,Forest,5
Pennsylvania,Franklin,56
Pennsylvania,Fulton,46
Pennsylvania,Greene,3034
Pennsylvania,Huntingdon,149
Pennsylvania,Indiana,4054
Pennsylvania,Jefferson,672
Pennsylvania,Juniata,7
Pennsylvania,Lackawanna,40
Pennsylvania,Lancaster,223
Pennsylvania,Lawrence,521
Pennsylvania,Lebanon,247
Pennsylvania,Lehigh,278
Pennsylvania,Luzerne,697
Pennsylvania,Lycoming,130
Pennsylvania,McKean,10
Pennsylvania,Mercer,194
Pennsylvania,Mifflin,18
Pennsylvania,Monroe,65
Pennsylvania,Montgomery,263
Pennsylvania,Montour,9
Pennsylvania,Northampton,773
Pennsylvania,Northumberland,464
Pennsylvania,Perry,9
Pennsylvania,Pike,13
Pennsylvania,Potter,2
Pennsylvania,Schuylkill,1406
Pennsylvania,Snyder,30
Pennsylvania,Somerset,1115
Pennsylvania,Sullivan,37
Pennsylvania,Susquehanna,38
Pennsylvania,Tioga,82
Pennsylvania,Union,26
Pennsylvania,Venango,181
Pennsylvania,Warren,34
Pennsylvania,Washington,2746
Pennsylvania,Wayne,32
Pennsylvania,Westmoreland,366
Pennsylvania,Wyoming,35
Pennsylvania,York,390
Puerto Rico,72002,20
Puerto Rico,72004,349
Puerto Rico,72006,118
Puerto Rico,72008,17
Puerto Rico,72010,384
Puerto Rico,72012,60
Puerto Rico,Adjuntas,72
Puerto Rico,Aguada,25
Puerto Rico,Aguadilla,152
Puerto Rico,Aguas Buenas,83
Puerto Rico,Aibonito,79
Rhode Island,Kent,19
Rhode Island,Newport,3
Rhode Island,Providence,93
Rhode Island,Washington,12
South Carolina,Abbeville,2
South Carolina,Aiken,359
South Carolina,Anderson,28
South Carolina,Bamberg,4
South Carolina,Berkeley,50
South Carolina,Calhoun,7
South Carolina,Charleston,13
South Carolina,Cherokee,59
South Carolina,Chester,0
South Carolina,Chesterfield,53
South Carolina,Colleton,4
South Carolina,Dillon,0
South Carolina,Dorchester,339
South Carolina,Edgefield,8
South Carolina,Fairfield,21
South Carolina,Florence,8
South Carolina,Georgetown,21
South Carolina,Greenville,55
South Carolina,Greenwood,26
South Carolina,Horry,17
South Carolina,Jasper,16
South Carolina,Kershaw,63
South Carolina,Lancaster,44
South Carolina,Laurens,127
South Carolina,Lee,3
South Carolina,Lexington,159
South Carolina,Marion,1
South Carolina,Marlboro,70
South Carolina,Oconee,6
South Carolina,Orangeburg,174
South Carolina,Pickens,45
South Carolina,Richland,121
South Carolina,Saluda,3
South Carolina,Spartanburg,111
South Carolina,Sumter,155
South Carolina,Union,4
South Carolina,York,21
South Dakota,Beadle,4
South Dakota,Brookings,25
South Dakota,Brown,15
South Dakota,Brule,13
South Dakota,Buffalo,0
South Dakota,Butte,92
South Dakota,Campbell,3
South Dakota,Charles Mix,10
South Dakota,Clark,1
South Dakota,Clay,6
South Dakota,Codington,33
South Dakota,Corson,4
South Dakota,Custer,55
South Dakota,Davison,4
South Dakota,Day,7
South Dakota,Deuel,4
South Dakota,Dewey,0
South Dakota,Douglas,4
South Dakota,Edmunds,6
South Dakota,Fall River,15
South Dakota,Grant,146
South Dakota,Gregory,2
South Dakota,Haakon,6
South Dakota,Hand,0
South Dakota,Hanson,13
South Dakota,Harding,0
South Dakota,Hughes,4
South Dakota,Jerauld,0
South Dakota,Kingsbury,4
South Dakota,Lake,4
South Dakota,Lawrence,1442
South Dakota,Lincoln,2
South Dakota,Marshall,10
South Dakota,McCook,1
South Dakota,McPherson,10
South Dakota,Meade,38
South Dakota,Mellette,8
South Dakota,Minnehaha,105
South Dakota,Moody,2
South Dakota,Pennington,344
South Dakota,Perkins,2
South Dakota,Roberts,7
South Dakota,Sanborn,3
South Dakota,Shannon,0
South Dakota,Spink,9
South Dakota,Sully,3
South Dakota,Todd,3
South Dakota,Tripp,1
South Dakota,Turner,16
South Dakota,Union,13
South Dakota,Yankton,8
South Dakota,Ziebach,0
Tennessee,Anderson,594
Tennessee,Bedford,14
Tennessee,Benton,62
Tennessee,Bledsoe,25
Tennessee,Blount,74
Tennessee,Bradley,31
Tennessee,Campbell,558
Tennessee,Cannon,11
Tennessee,Carroll,9
Tennessee,Carter,31
Tennessee,Claiborne,509
Tennessee,Clay,12
Tennessee,Cocke,49
Tennessee,Coffee,12
Tennessee,Cumberland,200
Tennessee,Davidson,213
Tennessee,De Kalb,20
Tennessee,Decatur,40
Tennessee,Dickson,15
Tennessee,Dyer,1
Tennessee,Fayette,1
Tennessee,Fentress,97
Tennessee,Franklin,52
Tennessee,Gibson,6
Tennessee,Giles,19
Tennessee,Grainger,7
Tennessee,Greene,45
Tennessee,Grundy,45
Tennessee,Hamblen,10
Tennessee,Hamilton,211
Tennessee,Hancock,4
Tennessee,Hardeman,3
Tennessee,Hardin,13
Tennessee,Hawkins,7
Tennessee,Henry,163
Tennessee,Hickman,19
Tennessee,Humphreys,12
Tennessee,Jackson,3
Tennessee,Jefferson,586
Tennessee,Johnson,16
Tennessee,Knox,324
Tennessee,Lauderdale,3
Tennessee,Lawrence,4
Tennessee,Lincoln,7
Tennessee,Loudon,13
Tennessee,Macon,1
Tennessee,Madison,5
Tennessee,Marion,371
Tennessee,Marshall,16
Tennessee,Maury,125
Tennessee,McMinn,26
Tennessee,McNairy,20
Tennessee,Meigs,13
Tennessee,Monroe,18
Tennessee,Montgomery,13
Tennessee,Moore,14
Tennessee,Morgan,132
Tennessee,Obion,11
Tennessee,Overton,21
Tennessee,Perry,8
Tennessee,Pickett,15
Tennessee,Polk,794
Tennessee,Putnam,22
Tennessee,Rhea,60
Tennessee,Roane,23
Tennessee,Robertson,38
Tennessee,Rutherford,36
Tennessee,Scott,183
Tennessee,Sequatchie,421
Tennessee,Sevier,31
Tennessee,Shelby,55
Tennessee,Smith,296
Tennessee,Stewart,5
Tennessee,Sullivan,45
Tennessee,Sumner,25
Tennessee,Tipton,24
Tennessee,Unicoi,17
Tennessee,Union,128
Tennessee,Van Buren,6
Tennessee,Warren,19
Tennessee,Washington,22
Tennessee,Wayne,2
Tennessee,Weakley,156
Tennessee,White,14
Tennessee,Williamson,48
Tennessee,Wilson,16
Texas,Anderson,5
Texas,Andrews,16
Texas,Angelina,4
Texas,Atascosa,152
Texas,Austin,6
Texas,Bastrop,29
Texas,Bee,49
Texas,Bell,127
Texas,Bexar,971
Texas,Borden,7
Texas,Bosque,109
Texas,Bowie,17
Texas,Brazoria,29
Texas,Brazos,27
Texas,Brewster,14
Texas,Brooks,30
Texas,Brown,28
Texas,Burleson,18
Texas,Burnet,240
Texas,Calhoun,655
Texas,Cameron,48
Texas,Cass,10
Texas,Chambers,3
Texas,Cherokee,21
Texas,Coke,16
Texas,Coleman,11
Texas,Collin,16
Texas,Colorado,347
Texas,Comal,524
Texas,Comanche,4
Texas,Cooke,34
Texas,Coryell,9
Texas,Crane,1
Texas,Crockett,0
Texas,Crosby,26
Texas,Culberson,34
Texas,Dallas,286
Texas,De Witt,8
Texas,Deaf Smith,0
Texas,Denton,9
Texas,Donley,12
Texas,Duval,61
Texas,Eastland,55
Texas,Ector,106
Texas,El Paso,133
Texas,Ellis,525
Texas,Erath,0
Texas,Fannin,7
Texas,Fayette,118
Texas,Fisher,9
Texas,Floyd,7
Texas,Fort Bend,44
Texas,Freestone,447
Texas,Gaines,1
Texas,Galveston,50
Texas,Garza,9
Texas,Gillespie,56
Texas,Gonzales,79
Texas,Grayson,39
Texas,Gregg,6
Texas,Grimes,138
Texas,Guadalupe,24
Texas,Hale,16
Texas,Hall,3
Texas,Hansford,21
Texas,Hardeman,21
Texas,Hardin,19
Texas,Harris,212
Texas,Harrison,171
Texas,Hays,320
Texas,Henderson,65
Texas,Hidalgo,204
Texas,Hill,87
Texas,Hood,27
Texas,Hopkins,167
Texas,Houston,2
Texas,Howard,17
Texas,Hudspeth,120
Texas,Hutchinson,48
Texas,Jack,26
Texas,Jasper,9
Texas,Jefferson,3
Texas,Jim Wells,23
Texas,Johnson,102
Texas,Jones,4
Texas,Karnes,162
Texas,Kaufman,74
Texas,Kerr,23
Texas,Kimble,31
Texas,Kleberg,16
Texas,Lamar,2
Texas,Lamb,1
Texas,Lampasas,15
Texas,Leon,71
Texas,Liberty,63
Texas,Limestone,272
Texas,Live Oak,168
Texas,Llano,36
Texas,Lubbock,20
Texas,Lynn,9
Texas,Madison,7
Texas,Mason,3
Texas,Maverick,19
Texas,McCulloch,121
Texas,McLennan,299
Texas,McMullen,14
Texas,Medina,13
Texas,Midland,33
Texas,Milam,334
Texas,Mitchell,11
Texas,Montague,0
Texas,Montgomery,70
Texas,Moore,0
Texas,Motley,17
Texas,Nacogdoches,3
Texas,Navarro,91
Texas,Newton,12
Texas,Nolan,189
Texas,Nueces,147
Texas,Oldham,78
Texas,Orange,32
Texas,Palo Pinto,22
Texas,Panola,1177
Texas,Parker,118
Texas,Pecos,8
Texas,Potter,127
Texas,Randall,2
Texas,Reeves,24
Texas,Robertson,14
Texas,Runnels,22
Texas,Rusk,12
Texas,San Patricio,616
Texas,San Saba,53
Texas,Shelby,0
Texas,Sherman,0
Texas,Smith,5
Texas,Somervell,36
Texas,Starr,22
Texas,Stonewall,10
Texas,Tarrant,203
Texas,Taylor,65
Texas,Throckmorton,7
Texas,Titus,692
Texas,Tom Green,24
Texas,Travis,281
Texas,Trinity,0
Texas,Upshur,3
Texas,Uvalde,137
Texas,Val Verde,7
Texas,Van Zandt,187
Texas,Victoria,124
Texas,Walker,50
Texas,Waller,17
Texas,Ward,49
Texas,Webb,152
Texas,Williamson,310
Texas,Wilson,0
Texas,Wise,546
Texas,Wood,4
Texas,Young,19
Utah,Beaver,18
Utah,Box Elder,128
Utah,Cache,38
Utah,Carbon,1351
Utah,Davis,56
Utah,Duchesne,30
Utah,Emery,1016
Utah,Garfield,23
Utah,Grand,116
Utah,Iron,123
Utah,Juab,201
Utah,Kane,9
Utah,Millard,175
Utah,Morgan,140
Utah,Rich,9
Utah,Salt Lake,763
Utah,San Juan,212
Utah,Sanpete,10
Utah,Sevier,314
Utah,Summit,36
Utah,Tooele,308
Utah,Uintah,337
Utah,Utah,111
Utah,Wasatch,17
Utah,Washington,96
Utah,Wayne,6
Utah,Weber,4
Vermont,Addison,86
Vermont,Bennington,24
Vermont,Caledonia,22
Vermont,Chittenden,72
Vermont,Essex,8
Vermont,Franklin,24
Vermont,Grand Isle,0
Vermont,Lamoille,38
Vermont,Orange,11
Vermont,Orleans,107
Vermont,Rutland,325
Vermont,Washington,185
Vermont,Windham,3
Vermont,Windsor,127
Virgin Islands of the U.S.,78001,144
Virginia,Albemarle,40
Virginia,Amherst,8
Virginia,Appomattox,14
Virginia,Augusta,46
Virginia,Bedford,46
Virginia,Bland,6
Virginia,Botetourt,331
Virginia,Brunswick,39
Virginia,Buchanan,5645
Virginia,Buckingham,278
Virginia,Campbell,67
Virginia,Caroline,67
Virginia,Carroll,9
Virginia,Charles City,32
Virginia,Chesapeake City,43
Virginia,Chesterfield,94
Virginia,Clarke,10
Virginia,Craig,6
Virginia,Culpeper,30
Virginia,Dickenson,2526
Virginia,Dinwiddie,57
Virginia,Essex,5
Virginia,Fairfax,59
Virginia,Fauquier,29
Virginia,Fluvanna,0
Virginia,Franklin,15
Virginia,Frederick,181
Virginia,Giles,161
Virginia,Gloucester,2
Virginia,Goochland,73
Virginia,Grayson,15
Virginia,Greene,10
Virginia,Greensville,79
Virginia,Halifax,18
Virginia,Hanover,90
Virginia,Henrico,120
Virginia,Henry,47
Virginia,Isle of Wight,0
Virginia,James City,2
Virginia,King George,34
Virginia,Lee,678
Virginia,Loudoun,152
Virginia,Louisa,44
Virginia,Montgomery,29
Virginia,Nelson,14
Virginia,New Kent,8
Virginia,Norfolk City,7
Virginia,Nottoway,15
Virginia,Orange,2
Virginia,Pittsylvania,34
Virginia,Powhatan,10
Virginia,Prince Edward,16
Virginia,Prince George,15
Virginia,Prince William,131
Virginia,Pulaski,36
Virginia,Roanoke,66
Virginia,Rockbridge,120
Virginia,Rockingham,60
Virginia,Russell,711
Virginia,Scott,52
Virginia,Shenandoah,70
Virginia,Smyth,74
Virginia,Southampton,12
Virginia,Spotsylvania,69
Virginia,Stafford,38
Virginia,Suffolk City,0
Virginia,Sussex,1
Virginia,Tazewell,954
Virginia,Virginia Beach City,7
Virginia,Warren,78
Virginia,Washington,31
Virginia,Westmoreland,2
Virginia,Wise,4125
Virginia,Wythe,119
Washington,Adams,7
Washington,Asotin,0
Washington,Benton,66
Washington,Chelan,127
Washington,Clallam,39
Washington,Clark,68
Washington,Cowlitz,23
Washington,Douglas,8
Washington,Ferry,86
Washington,Franklin,3
Washington,Grant,89
Washington,Grays Harbor,20
Washington,Island,16
Washington,Jefferson,18
Washington,King,337
Washington,Kitsap,38
Washington,Kittitas,6
Washington,Klickitat,33
Washington,Lewis,703
Washington,Lincoln,0
Washington,Mason,19
Washington,Okanogan,61
Washington,Pacific,41
Washington,Pend Oreille,75
Washington,Pierce,135
Washington,San Juan,33
Washington,Skagit,22
Washington,Skamania,28
Washington,Snohomish,163
Washington,Spokane,137
Washington,Stevens,117
Washington,Thurston,62
Washington,Wahkiakum,0
Washington,Walla Walla,5
Washington,Whatcom,151
Washington,Whitman,26
Washington,Yakima,36
West Virginia,Barbour,679
West Virginia,Berkeley,393
West Virginia,Boone,4979
West Virginia,Braxton,536
West Virginia,Brooke,387
West Virginia,Cabell,8
West Virginia,Clay,104
West Virginia,Doddridge,0
West Virginia,Fayette,504
West Virginia,Gilmer,9
West Virginia,Grant,1147
West Virginia,Greenbrier,393
West Virginia,Hampshire,6
West Virginia,Hancock,37
West Virginia,Harrison,900
West Virginia,Jefferson,62
West Virginia,Kanawha,1525
West Virginia,Lewis,127
West Virginia,Lincoln,25
West Virginia,Logan,3241
West Virginia,Marion,1504
West Virginia,Marshall,821
West Virginia,Mason,51
West Virginia,McDowell,3132
West Virginia,Mercer,38
West Virginia,Mineral,210
West Virginia,Mingo,1961
West Virginia,Monongalia,3138
West Virginia,Nicholas,2146
West Virginia,Ohio,66
West Virginia,Pendleton,46
West Virginia,Pleasants,0
West Virginia,Pocahontas,17
West Virginia,Preston,870
West Virginia,Putnam,12
West Virginia,Raleigh,3171
West Virginia,Randolph,524
West Virginia,Summers,33
West Virginia,Taylor,8
West Virginia,Tucker,60
West Virginia,Upshur,894
West Virginia,Wayne,12
West Virginia,Webster,477
West Virginia,Wetzel,11
West Virginia,Wyoming,3376
Wisconsin,Adams,2
Wisconsin,Ashland,3
Wisconsin,Barron,7
Wisconsin,Bayfield,10
Wisconsin,Brown,98
Wisconsin,Buffalo,10
Wisconsin,Burnett,9
Wisconsin,Calumet,25
Wisconsin,Chippewa,60
Wisconsin,Clark,26
Wisconsin,Columbia,53
Wisconsin,Crawford,26
Wisconsin,Dane,61
Wisconsin,Dodge,63
Wisconsin,Door,28
Wisconsin,Douglas,38
Wisconsin,Dunn,16
Wisconsin,Eau Claire,10
Wisconsin,Florence,1
Wisconsin,Fond du Lac,116
Wisconsin,Forest,6
Wisconsin,Grant,32
Wisconsin,Green,18
Wisconsin,Green Lake,50
Wisconsin,Iowa,49
Wisconsin,Iron,4
Wisconsin,Jackson,59
Wisconsin,Jefferson,10
Wisconsin,Juneau,49
Wisconsin,Kenosha,15
Wisconsin,Kewaunee,11
Wisconsin,La Crosse,14
Wisconsin,Lafayette,23
Wisconsin,Langlade,16
Wisconsin,Lincoln,7
Wisconsin,Manitowoc,102
Wisconsin,Marathon,108
Wisconsin,Marinette,90
Wisconsin,Marquette,6
Wisconsin,Milwaukee,21
Wisconsin,Monroe,34
Wisconsin,Oconto,36
Wisconsin,Oneida,13
Wisconsin,Outagamie,58
Wisconsin,Ozaukee,16
Wisconsin,Pepin,2
Wisconsin,Pierce,24
Wisconsin,Polk,35
Wisconsin,Portage,25
Wisconsin,Racine,33
Wisconsin,Richland,29
Wisconsin,Rock,45
Wisconsin,Rusk,6
Wisconsin,Sauk,49
Wisconsin,Sawyer,13
Wisconsin,Shawano,23
Wisconsin,Sheboygan,30
Wisconsin,St Croix,21
Wisconsin,Taylor,30
Wisconsin,Trempealeau,14
Wisconsin,Vernon,13
Wisconsin,Vilas,6
Wisconsin,Walworth,34
Wisconsin,Washburn,12
Wisconsin,Washington,27
Wisconsin,Waukesha,168
Wisconsin,Waupaca,22
Wisconsin,Waushara,18
Wisconsin,Winnebago,28
Wisconsin,Wood,4
Wyoming,Albany,147
Wyoming,Big Horn,263
Wyoming,Campbell,2603
Wyoming,Carbon,713
Wyoming,Converse,472
Wyoming,Crook,227
Wyoming,Fremont,132
Wyoming,Goshen,47
Wyoming,Hot Springs,23
Wyoming,Johnson,40
Wyoming,Laramie,77
Wyoming,Lincoln,481
Wyoming,Natrona,108
Wyoming,Niobrara,5
Wyoming,Park,24
Wyoming,Platte,83
Wyoming,Sheridan,214
Wyoming,Sublette,32
Wyoming,Sweetwater,3419
Wyoming,Teton,34
Wyoming,Uinta,42
Wyoming,Washakie,36
Wyoming,Weston,103
