State,County,Number of Employees
Alabama,Autauga,13
Alabama,Baldwin,11
Alabama,Barbour,79
Alabama,Bibb,27
Alabama,Blount,22
Alabama,Calhoun,69
Alabama,Cherokee,0
Alabama,Chilton,38
Alabama,Clarke,19
Alabama,Cleburne,5
Alabama,Coffee,2
Alabama,Colbert,78
Alabama,Conecuh,30
Alabama,Coosa,14
Alabama,Covington,2
Alabama,Crenshaw,4
Alabama,Cullman,73
Alabama,Dale,11
Alabama,Dallas,76
Alabama,De Kalb,17
Alabama,Elmore,31
Alabama,Escambia,67
Alabama,Etowah,22
Alabama,Fayette,343
Alabama,Franklin,27
Alabama,Geneva,1
Alabama,Greene,3
Alabama,Hale,4
Alabama,Henry,3
Alabama,Houston,6
Alabama,Jackson,32
Alabama,Jefferson,2053
Alabama,Lawrence,11
Alabama,Lee,23
Alabama,Lowndes,32
Alabama,Macon,71
Alabama,Madison,70
Alabama,Marengo,78
Alabama,Marion,60
Alabama,Marshall,49
Alabama,Mobile,157
Alabama,Monroe,12
Alabama,Montgomery,94
Alabama,Morgan,58
Alabama,Pickens,12
Alabama,Russell,25
Alabama,Shelby,639
Alabama,St Clair,190
Alabama,Sumter,63
Alabama,Talladega,400
Alabama,Tuscaloosa,1867
Alabama,Walker,1410
Alabama,Washington,9
Alabama,Winston,71
Alaska,2001,0
Alaska,2005,0
Alaska,2006,0
Alaska,2011,1
Alaska,2012,3
Alaska,2014,106
Alaska,Aleutians East,0
Alaska,Anchorage,60
Alaska,Bethel,11
Alaska,Fairbanks North Star,87
Alaska,Juneau,103
Alaska,Kenai Peninsula,5
Alaska,Ketchikan Gateway,12
Alaska,Matanuska-Susitna,201
Alaska,Nome,68
Alaska,Northwest Arctic,192
Alaska,Sitka,12
Alaska,Southeast Fairbanks,2
Alaska,Valdez-Cordova,3
Alaska,Yukon-Koyukuk,93
Arizona,Apache,33
Arizona,Cochise,225
Arizona,Coconino,76
Arizona,Gila,1343
Arizona,Graham,17
Arizona,Greenlee,2178
Arizona,La Paz,13
Arizona,Maricopa,737
Arizona,Mohave,120
Arizona,Navajo,910
Arizona,Pima,1803
Arizona,Pinal,3565
Arizona,Santa Cruz,13
Arizona,Yavapai,774
Arizona,Yuma,80
Arkansas,Ashley,2
Arkansas,Baxter,32
Arkansas,Benton,85
Arkansas,Boone,17
Arkansas,Bradley,7
Arkansas,Calhoun,35
Arkansas,Carroll,14
Arkansas,Clark,8
Arkansas,Cleburne,12
Arkansas,Conway,0
Arkansas,Craighead,19
Arkansas,Crawford,45
Arkansas,Crittenden,35
Arkansas,Cross,3
Arkansas,Desha,22
Arkansas,Faulkner,24
Arkansas,Franklin,10
Arkansas,Fulton,2
Arkansas,Garland,132
Arkansas,Grant,13
Arkansas,Greene,22
Arkansas,Hempstead,4
Arkansas,Hot Spring,42
Arkansas,Howard,51
Arkansas,Independence,130
Arkansas,Izard,69
Arkansas,Jackson,5
Arkansas,Jefferson,6
Arkansas,Johnson,17
Arkansas,Lawrence,58
Arkansas,Lincoln,10
Arkansas,Little River,218
Arkansas,Logan,41
Arkansas,Marion,20
Arkansas,Miller,1
Arkansas,Montgomery,48
Arkansas,Nevada,7
Arkansas,Ouachita,50
Arkansas,Perry,14
Arkansas,Pike,38
Arkansas,Poinsett,23
Arkansas,Polk,34
Arkansas,Pope,35
Arkansas,Pulaski,446
Arkansas,Saline,638
Arkansas,Scott,2
Arkansas,Sebastian,127
Arkansas,Sevier,14
Arkansas,Sharp,2
Arkansas,St Francis,6
Arkansas,Stone,4
Arkansas,Union,7
Arkansas,Van Buren,12
Arkansas,Washington,31
Arkansas,White,26
Arkansas,Yell,1
California,Alameda,250
California,Amador,146
California,Butte,49
California,Calaveras,98
California,Contra Costa,150
California,Del Norte,22
California,El Dorado,33
California,Fresno,95
California,Glenn,29
California,Humboldt,58
California,Imperial,627
California,Inyo,110
California,Kern,1240
California,Lake,392
California,Lassen,152
California,Los Angeles,477
California,Madera,47
California,Marin,31
California,Mariposa,44
California,Mendocino,49
California,Merced,32
California,Modoc,19
California,Mono,32
California,Monterey,162
California,Napa,70
California,Nevada,71
California,Orange,150
California,Placer,61
California,Plumas,9
California,Riverside,566
California,Sacramento,171
California,San Benito,98
California,San Bernardino,1914
California,San Diego,421
California,San Joaquin,118
California,San Luis Obispo,37
California,San Mateo,35
California,Santa Barbara,502
California,Santa Clara,164
California,Santa Cruz,193
California,Shasta,237
California,Sierra,57
California,Siskiyou,39
California,Solano,41
California,Sonoma,143
California,Stanislaus,34
California,Sutter,12
California,Tehama,26
California,Trinity,4
California,Tulare,62
California,Tuolumne,230
California,Ventura,162
California,Yolo,47
California,Yuba,105
Colorado,Adams,188
Colorado,Alamosa,30
Colorado,Arapahoe,18
Colorado,Archuleta,19
Colorado,Baca,8
Colorado,Bent,3
Colorado,Boulder,208
Colorado,Chaffee,44
Colorado,Cheyenne,3
Colorado,Clear Creek,395
Colorado,Conejos,23
Colorado,Costilla,119
Colorado,Delta,83
Colorado,Denver,9
Colorado,Dolores,4
Colorado,Douglas,36
Colorado,Eagle,17
Colorado,El Paso,91
Colorado,Fremont,266
Colorado,Garfield,45
Colorado,Grand,16
Colorado,Gunnison,323
Colorado,Hinsdale,11
Colorado,Huerfano,7
Colorado,Jackson,4
Colorado,Jefferson,159
Colorado,Kit Carson,8
Colorado,La Plata,80
Colorado,Lake,138
Colorado,Larimer,435
Colorado,Las Animas,213
Colorado,Lincoln,5
Colorado,Logan,6
Colorado,Mesa,127
Colorado,Moffat,594
Colorado,Montezuma,46
Colorado,Montrose,42
Colorado,Morgan,14
Colorado,Otero,11
Colorado,Ouray,47
Colorado,Park,9
Colorado,Phillips,14
Colorado,Pitkin,2
Colorado,Prowers,44
Colorado,Pueblo,58
Colorado,Rio Blanco,242
Colorado,Rio Grande,6
Colorado,Routt,389
Colorado,Saguache,2
Colorado,San Miguel,13
Colorado,Summit,28
Colorado,Teller,126
Colorado,Weld,119
Connecticut,Fairfield,29
Connecticut,Hartford,156
Connecticut,Litchfield,166
Connecticut,Middlesex,26
Connecticut,New Haven,206
Connecticut,New London,33
Connecticut,Tolland,46
Connecticut,Windham,50
Delaware,Kent,46
Delaware,New Castle,55
Delaware,Sussex,11
Florida,Alachua,31
Florida,Brevard,16
Florida,Broward,82
Florida,Calhoun,4
Florida,Charlotte,50
Florida,Citrus,105
Florida,Clay,312
Florida,Collier,81
Florida,Columbia,30
Florida,Dade,776
Florida,De Soto,6
Florida,Dixie,4
Florida,Escambia,37
Florida,Gadsden,185
Florida,Glades,39
Florida,Hamilton,276
Florida,Hardee,58
Florida,Hendry,3
Florida,Hernando,604
Florida,Hillsborough,1081
Florida,Indian River,5
Florida,Jackson,41
Florida,Lafayette,2
Florida,Lake,80
Florida,Lee,163
Florida,Leon,9
Florida,Levy,51
Florida,Manatee,18
Florida,Marion,244
Florida,Martin,4
Florida,Monroe,24
Florida,Okaloosa,2
Florida,Okeechobee,29
Florida,Orange,14
Florida,Palm Beach,68
Florida,Pasco,47
Florida,Polk,1499
Florida,Putnam,63
Florida,Santa Rosa,32
Florida,Sarasota,40
Florida,Seminole,8
Florida,St Lucie,35
Florida,Sumter,69
Florida,Suwannee,23
Florida,Taylor,98
Florida,Volusia,3
Florida,Walton,17
Florida,Washington,11
Georgia,Baldwin,6
Georgia,Banks,8
Georgia,Barrow,32
Georgia,Bartow,119
Georgia,Berrien,3
Georgia,Bibb,23
Georgia,Carroll,23
Georgia,Catoosa,22
Georgia,Chatham,36
Georgia,Cherokee,32
Georgia,Clarke,23
Georgia,Clay,35
Georgia,Clayton,33
Georgia,Cobb,59
Georgia,Columbia,34
Georgia,Cook,4
Georgia,Coweta,17
Georgia,Crawford,32
Georgia,De Kalb,104
Georgia,Decatur,408
Georgia,Dougherty,6
Georgia,Douglas,57
Georgia,Echols,3
Georgia,Effingham,16
Georgia,Elbert,108
Georgia,Evans,2
Georgia,Fayette,58
Georgia,Floyd,48
Georgia,Forsyth,82
Georgia,Fulton,180
Georgia,Gilmer,64
Georgia,Glascock,122
Georgia,Gordon,0
Georgia,Grady,0
Georgia,Greene,9
Georgia,Gwinnett,100
Georgia,Habersham,16
Georgia,Hall,71
Georgia,Hancock,19
Georgia,Harris,20
Georgia,Hart,115
Georgia,Heard,6
Georgia,Henry,41
Georgia,Houston,123
Georgia,Jackson,5
Georgia,Jasper,30
Georgia,Jefferson,247
Georgia,Jones,99
Georgia,Lee,15
Georgia,Long,5
Georgia,Macon,35
Georgia,Madison,30
Georgia,Marion,45
Georgia,McIntosh,5
Georgia,Monroe,82
Georgia,Montgomery,5
Georgia,Murray,29
Georgia,Muscogee,40
Georgia,Newton,27
Georgia,Oglethorpe,216
Georgia,Pickens,197
Georgia,Pike,3
Georgia,Polk,15
Georgia,Rabun,16
Georgia,Richmond,104
Georgia,Rockdale,8
Georgia,Spalding,18
Georgia,Stephens,15
Georgia,Sumter,128
Georgia,Talbot,44
Georgia,Taylor,23
Georgia,Thomas,301
Georgia,Towns,7
Georgia,Troup,14
Georgia,Twiggs,682
Georgia,Union,23
Georgia,Walker,26
Georgia,Warren,108
Georgia,Washington,1108
Georgia,Whitfield,84
Georgia,Wilkes,18
Georgia,Wilkinson,1049
Hawaii,Hawaii,84
Hawaii,Honolulu,305
Hawaii,Kauai,46
Hawaii,Maui,45
Idaho,Ada,133
Idaho,Adams,4
Idaho,Bannock,102
Idaho,Bear Lake,7
Idaho,Benewah,61
Idaho,Bingham,18
Idaho,Blaine,18
Idaho,Bonner,13
Idaho,Bonneville,68
Idaho,Boundary,5
Idaho,Butte,6
Idaho,Canyon,52
Idaho,Caribou,350
Idaho,Cassia,121
Idaho,Clark,2
Idaho,Clearwater,0
Idaho,Custer,247
Idaho,Elmore,13
Idaho,Franklin,12
Idaho,Fremont,14
Idaho,Gem,17
Idaho,Idaho,48
Idaho,Jefferson,10
Idaho,Kootenai,27
Idaho,Latah,14
Idaho,Lemhi,68
Idaho,Lewis,3
Idaho,Lincoln,8
Idaho,Madison,14
Idaho,Minidoka,14
Idaho,Nez Perce,76
Idaho,Oneida,42
Idaho,Owyhee,107
Idaho,Power,7
Idaho,Shoshone,341
Idaho,Twin Falls,28
Idaho,Valley,16
Idaho,Washington,6
Illinois,Adams,199
Illinois,Alexander,67
Illinois,Bond,10
Illinois,Boone,27
Illinois,Brown,49
Illinois,Bureau,17
Illinois,Calhoun,1
Illinois,Carroll,12
Illinois,Champaign,22
Illinois,Christian,319
Illinois,Clark,31
Illinois,Clinton,378
Illinois,Coles,29
Illinois,Cook,524
Illinois,Crawford,10
Illinois,Cumberland,13
Illinois,De Kalb,35
Illinois,Douglas,12
Illinois,Du Page,44
Illinois,Fayette,16
Illinois,Ford,7
Illinois,Franklin,660
Illinois,Fulton,83
Illinois,Gallatin,218
Illinois,Greene,28
Illinois,Grundy,19
Illinois,Hancock,34
Illinois,Hardin,296
Illinois,Henderson,7
Illinois,Henry,12
Illinois,Jackson,18
Illinois,Jefferson,677
Illinois,Jersey,18
Illinois,Jo Daviess,28
Illinois,Johnson,45
Illinois,Kane,125
Illinois,Kankakee,61
Illinois,Kendall,25
Illinois,La Salle,489
Illinois,Lake,59
Illinois,Lawrence,16
Illinois,Lee,180
Illinois,Livingston,78
Illinois,Logan,225
Illinois,Macon,13
Illinois,Macoupin,595
Illinois,Madison,91
Illinois,Marshall,20
Illinois,Mason,8
Illinois,Massac,95
Illinois,McDonough,108
Illinois,McHenry,149
Illinois,McLean,61
Illinois,Menard,14
Illinois,Monroe,11
Illinois,Montgomery,168
Illinois,Ogle,92
Illinois,Peoria,30
Illinois,Perry,987
Illinois,Piatt,3
Illinois,Pike,40
Illinois,Pulaski,190
Illinois,Putnam,9
Illinois,Randolph,427
Illinois,Rock Island,64
Illinois,Saline,915
Illinois,Sangamon,33
Illinois,Scott,8
Illinois,Shelby,4
Illinois,St Clair,170
Illinois,Stephenson,13
Illinois,Tazewell,29
Illinois,Union,42
Illinois,Vermilion,41
Illinois,Wabash,659
Illinois,Warren,22
Illinois,Washington,303
Illinois,White,232
Illinois,Whiteside,15
Illinois,Will,225
Illinois,Williamson,167
Illinois,Winnebago,76
Illinois,Woodford,33
Indiana,Adams,25
Indiana,Allen,94
Indiana,Bartholomew,28
Indiana,Blackford,8
Indiana,Boone,7
Indiana,Carroll,50
Indiana,Cass,118
Indiana,Clark,280
Indiana,Clay,267
Indiana,Crawford,117
Indiana,Daviess,529
Indiana,De Kalb,34
Indiana,Dearborn,9
Indiana,Decatur,21
Indiana,Delaware,20
Indiana,Dubois,81
Indiana,Elkhart,33
Indiana,Fayette,5
Indiana,Floyd,6
Indiana,Franklin,12
Indiana,Fulton,6
Indiana,Gibson,81
Indiana,Grant,56
Indiana,Greene,586
Indiana,Hamilton,127
Indiana,Hancock,13
Indiana,Harrison,45
Indiana,Hendricks,12
Indiana,Henry,15
Indiana,Howard,28
Indiana,Huntington,23
Indiana,Jackson,5
Indiana,Jasper,24
Indiana,Jay,19
Indiana,Jefferson,18
Indiana,Jennings,22
Indiana,Johnson,13
Indiana,Knox,271
Indiana,Kosciusko,24
Indiana,La Grange,4
Indiana,La Porte,8
Indiana,Lake,160
Indiana,Lawrence,218
Indiana,Madison,24
Indiana,Marion,115
Indiana,Marshall,13
Indiana,Martin,93
Indiana,Miami,26
Indiana,Monroe,151
Indiana,Montgomery,13
Indiana,Morgan,51
Indiana,Newton,18
Indiana,Noble,16
Indiana,Orange,20
Indiana,Owen,56
Indiana,Perry,0
Indiana,Pike,350
Indiana,Porter,9
Indiana,Posey,5
Indiana,Pulaski,29
Indiana,Putnam,169
Indiana,Randolph,14
Indiana,Ripley,22
Indiana,Rush,9
Indiana,Scott,14
Indiana,Shelby,37
Indiana,Spencer,126
Indiana,St Joseph,19
Indiana,Starke,4
Indiana,Steuben,32
Indiana,Sullivan,258
Indiana,Switzerland,52
Indiana,Tippecanoe,35
Indiana,Vanderburgh,35
Indiana,Vermillion,19
Indiana,Vigo,28
Indiana,Wabash,5
Indiana,Warren,16
Indiana,Warrick,536
Indiana,Washington,9
Indiana,Wayne,32
Indiana,Wells,12
Indiana,White,12
Indiana,Whitley,5
Iowa,Adair,181
Iowa,Appanoose,29
Iowa,Benton,10
Iowa,Black Hawk,81
Iowa,Buena Vista,5
Iowa,Butler,4
Iowa,Carroll,12
Iowa,Cedar,3
Iowa,Cerro Gordo,247
Iowa,Cherokee,9
Iowa,Chickasaw,4
Iowa,Clay,14
Iowa,Clayton,7
Iowa,Clinton,13
Iowa,Dallas,4
Iowa,Delaware,14
Iowa,Des Moines,114
Iowa,Dickinson,9
Iowa,Dubuque,50
Iowa,Emmet,26
Iowa,Fayette,44
Iowa,Floyd,28
Iowa,Franklin,7
Iowa,Greene,19
Iowa,Guthrie,13
Iowa,Hamilton,19
Iowa,Hancock,9
Iowa,Hardin,119
Iowa,Harrison,11
Iowa,Henry,8
Iowa,Humboldt,12
Iowa,Iowa,3
Iowa,Jackson,9
Iowa,Jasper,22
Iowa,Johnson,51
Iowa,Jones,40
Iowa,Kossuth,6
Iowa,Lee,8
Iowa,Linn,69
Iowa,Louisa,17
Iowa,Lyon,7
Iowa,Madison,3
Iowa,Marion,90
Iowa,Marshall,22
Iowa,Mitchell,39
Iowa,Monroe,0
Iowa,Montgomery,24
Iowa,Muscatine,106
Iowa,O Brien,3
Iowa,Osceola,3
Iowa,Palo Alto,4
Iowa,Plymouth,1
Iowa,Pocahontas,9
Iowa,Polk,221
Iowa,Poweshiek,9
Iowa,Sac,32
Iowa,Scott,184
Iowa,Sioux,23
Iowa,Story,59
Iowa,Tama,3
Iowa,Van Buren,34
Iowa,Wapello,15
Iowa,Washington,1
Iowa,Webster,107
Iowa,Winneshiek,35
Iowa,Woodbury,7
Iowa,Worth,13
Iowa,Wright,6
Kansas,Allen,145
Kansas,Atchison,30
Kansas,Barber,20
Kansas,Barton,16
Kansas,Bourbon,8
Kansas,Butler,29
Kansas,Chase,13
Kansas,Chautauqua,15
Kansas,Cherokee,1
Kansas,Cheyenne,2
Kansas,Clay,2
Kansas,Cloud,7
Kansas,Coffey,0
Kansas,Cowley,58
Kansas,Crawford,140
Kansas,Dickinson,66
Kansas,Doniphan,4
Kansas,Douglas,19
Kansas,Edwards,7
Kansas,Elk,32
Kansas,Ellis,18
Kansas,Ellsworth,79
Kansas,Finney,16
Kansas,Ford,27
Kansas,Franklin,56
Kansas,Geary,6
Kansas,Graham,6
Kansas,Gray,2
Kansas,Hamilton,12
Kansas,Harper,2
Kansas,Harvey,2
Kansas,Jefferson,59
Kansas,Jewell,11
Kansas,Johnson,133
Kansas,Kearny,6
Kansas,Kiowa,3
Kansas,Labette,7
Kansas,Leavenworth,13
Kansas,Lincoln,39
Kansas,Linn,29
Kansas,Lyon,14
Kansas,Marion,23
Kansas,Marshall,31
Kansas,McPherson,20
Kansas,Montgomery,114
Kansas,Neosho,139
Kansas,Osage,8
Kansas,Ottawa,0
Kansas,Pawnee,6
Kansas,Phillips,6
Kansas,Pottawatomie,2
Kansas,Pratt,5
Kansas,Reno,232
Kansas,Republic,3
Kansas,Rice,155
Kansas,Riley,30
Kansas,Russell,1
Kansas,Saline,9
Kansas,Sedgwick,56
Kansas,Seward,8
Kansas,Shawnee,50
Kansas,Sherman,5
Kansas,Smith,0
Kansas,Sumner,2
Kansas,Thomas,3
Kansas,Trego,4
Kansas,Wabaunsee,4
Kansas,Washington,6
Kansas,Wilson,126
Kansas,Woodson,6
Kansas,Wyandotte,93
Kentucky,Adair,20
Kentucky,Allen,6
Kentucky,Anderson,22
Kentucky,Barren,26
Kentucky,Bell,1038
Kentucky,Boone,43
Kentucky,Boyd,160
Kentucky,Boyle,14
Kentucky,Breathitt,337
Kentucky,Breckinridge,29
Kentucky,Bullitt,82
Kentucky,Butler,12
Kentucky,Caldwell,74
Kentucky,Calloway,4
Kentucky,Carlisle,11
Kentucky,Carroll,32
Kentucky,Carter,59
Kentucky,Casey,15
Kentucky,Christian,60
Kentucky,Clay,158
Kentucky,Clinton,18
Kentucky,Crittenden,21
Kentucky,Daviess,246
Kentucky,Estill,55
Kentucky,Fayette,43
Kentucky,Fleming,22
Kentucky,Floyd,1191
Kentucky,Franklin,20
Kentucky,Gallatin,4
Kentucky,Garrard,16
Kentucky,Graves,50
Kentucky,Grayson,12
Kentucky,Green,9
Kentucky,Greenup,8
Kentucky,Hancock,2
Kentucky,Hardin,63
Kentucky,Harlan,2528
Kentucky,Harrison,1
Kentucky,Hart,25
Kentucky,Henderson,398
Kentucky,Henry,22
Kentucky,Hopkins,973
Kentucky,Jackson,79
Kentucky,Jefferson,164
Kentucky,Jessamine,27
Kentucky,Johnson,176
Kentucky,Knott,1767
Kentucky,Knox,312
Kentucky,Laurel,90
Kentucky,Lawrence,39
Kentucky,Lee,25
Kentucky,Leslie,1110
Kentucky,Letcher,1289
Kentucky,Livingston,357
Kentucky,Logan,20
Kentucky,Madison,42
Kentucky,Magoffin,152
Kentucky,Marion,11
Kentucky,Martin,1604
Kentucky,Mason,211
Kentucky,McCreary,5
Kentucky,McLean,64
Kentucky,Meade,85
Kentucky,Menifee,14
Kentucky,Mercer,11
Kentucky,Metcalfe,6
Kentucky,Monroe,2
Kentucky,Montgomery,21
Kentucky,Morgan,16
Kentucky,Muhlenberg,297
Kentucky,Nelson,25
Kentucky,Nicholas,6
Kentucky,Ohio,409
Kentucky,Oldham,44
Kentucky,Owsley,21
Kentucky,Pendleton,239
Kentucky,Perry,2170
Kentucky,Pike,5615
Kentucky,Powell,30
Kentucky,Pulaski,32
Kentucky,Rockcastle,14
Kentucky,Scott,24
Kentucky,Simpson,10
Kentucky,Taylor,2
Kentucky,Todd,9
Kentucky,Trigg,14
Kentucky,Trimble,3
Kentucky,Union,1185
Kentucky,Warren,60
Kentucky,Washington,9
Kentucky,Wayne,70
Kentucky,Webster,1402
Kentucky,Whitley,386
Kentucky,Wolfe,56
Louisiana,Allen,11
Louisiana,Ascension,222
Louisiana,Assumption,18
Louisiana,Beauregard,24
Louisiana,Bienville,4
Louisiana,Caddo,0
Louisiana,Calcasieu,39
Louisiana,Catahoula,11
Louisiana,De Soto,91
Louisiana,East Baton Rouge,38
Louisiana,East Feliciana,43
Louisiana,Evangeline,6
Louisiana,Grant,6
Louisiana,Iberia,460
Louisiana,Jefferson,4
Louisiana,Jefferson Davis,6
Louisiana,La Salle,8
Louisiana,Lafayette,15
Louisiana,Livingston,32
Louisiana,Orleans,58
Louisiana,Ouachita,21
Louisiana,Pointe Coupee,56
Louisiana,Rapides,50
Louisiana,Red River,31
Louisiana,St Bernard,8
Louisiana,St Helena,100
Louisiana,St James,389
Louisiana,St Landry,1
Louisiana,St Martin,2
Louisiana,St Mary,154
Louisiana,St Tammany,94
Louisiana,Tangipahoa,38
Louisiana,Terrebonne,9
Louisiana,Vermilion,7
Louisiana,Vernon,12
Louisiana,Washington,63
Louisiana,Webster,30
Louisiana,West Feliciana,6
Louisiana,Winn,9
Maine,Androscoggin,25
Maine,Aroostook,58
Maine,Cumberland,53
Maine,Hancock,37
Maine,Kennebec,33
Maine,Knox,110
Maine,Lincoln,8
Maine,Oxford,14
Maine,Penobscot,47
Maine,Piscataquis,20
Maine,Sagadahoc,9
Maine,Somerset,26
Maine,Waldo,19
Maine,Washington,16
Maine,York,73
Maryland,Allegany,181
Maryland,Anne Arundel,51
Maryland,Baltimore,252
Maryland,Carroll,211
Maryland,Cecil,112
Maryland,Charles,104
Maryland,Dorchester,5
Maryland,Frederick,257
Maryland,Garrett,392
Maryland,Harford,69
Maryland,Howard,5
Maryland,Montgomery,60
Maryland,Prince Georges,109
Maryland,Queen Annes,22
Maryland,St Marys,15
Maryland,Talbot,4
Maryland,Washington,163
Maryland,Wicomico,4
Maryland,Worcester,3
Massachusetts,Barnstable,22
Massachusetts,Berkshire,255
Massachusetts,Bristol,84
Massachusetts,Dukes,8
Massachusetts,Essex,76
Massachusetts,Franklin,26
Massachusetts,Hampden,62
Massachusetts,Hampshire,31
Massachusetts,Middlesex,116
Massachusetts,Norfolk,88
Massachusetts,Plymouth,77
Massachusetts,Suffolk,12
Massachusetts,Worcester,150
Michigan,Allegan,72
Michigan,Alpena,272
Michigan,Antrim,16
Michigan,Arenac,12
Michigan,Baraga,7
Michigan,Barry,9
Michigan,Bay,36
Michigan,Benzie,3
Michigan,Berrien,47
Michigan,Branch,3
Michigan,Calhoun,55
Michigan,Cass,20
Michigan,Charlevoix,129
Michigan,Cheboygan,5
Michigan,Chippewa,32
Michigan,Clare,8
Michigan,Clinton,41
Michigan,Delta,22
Michigan,Dickinson,18
Michigan,Eaton,24
Michigan,Emmet,12
Michigan,Gladwin,0
Michigan,Gogebic,7
Michigan,Grand Traverse,22
Michigan,Gratiot,7
Michigan,Hillsdale,18
Michigan,Houghton,12
Michigan,Huron,20
Michigan,Ingham,26
Michigan,Ionia,9
Michigan,Iosco,119
Michigan,Iron,39
Michigan,Isabella,11
Michigan,Jackson,26
Michigan,Kalamazoo,24
Michigan,Kent,73
Michigan,Lake,3
Michigan,Lapeer,34
Michigan,Leelanau,15
Michigan,Lenawee,11
Michigan,Livingston,37
Michigan,Luce,7
Michigan,Mackinac,84
Michigan,Macomb,13
Michigan,Manistee,2
Michigan,Marquette,2082
Michigan,Mecosta,4
Michigan,Menominee,6
Michigan,Midland,5
Michigan,Missaukee,9
Michigan,Monroe,242
Michigan,Montcalm,10
Michigan,Muskegon,28
Michigan,Newaygo,9
Michigan,Oakland,178
Michigan,Oceana,13
Michigan,Ogemaw,14
Michigan,Ontonagon,895
Michigan,Osceola,6
Michigan,Otsego,7
Michigan,Ottawa,77
Michigan,Presque Isle,269
Michigan,Roscommon,39
Michigan,Saginaw,4
Michigan,Sanilac,18
Michigan,Schoolcraft,54
Michigan,Shiawassee,13
Michigan,St Clair,5
Michigan,St Joseph,8
Michigan,Tuscola,33
Michigan,Van Buren,4
Michigan,Washtenaw,31
Michigan,Wayne,263
Michigan,Wexford,12
Minnesota,Aitkin,3
Minnesota,Becker,34
Minnesota,Beltrami,12
Minnesota,Benton,20
Minnesota,Big Stone,29
Minnesota,Blue Earth,75
Minnesota,Brown,4
Minnesota,Carlton,30
Minnesota,Carver,30
Minnesota,Cass,8
Minnesota,Chisago,13
Minnesota,Clay,57
Minnesota,Clearwater,1
Minnesota,Cook,4
Minnesota,Cottonwood,8
Minnesota,Crow Wing,25
Minnesota,Dakota,90
Minnesota,Dodge,12
Minnesota,Douglas,21
Minnesota,Faribault,4
Minnesota,Fillmore,17
Minnesota,Freeborn,7
Minnesota,Goodhue,29
Minnesota,Hennepin,42
Minnesota,Houston,55
Minnesota,Hubbard,14
Minnesota,Isanti,5
Minnesota,Itasca,18
Minnesota,Jackson,3
Minnesota,Kanabec,12
Minnesota,Kandiyohi,20
Minnesota,Kittson,7
Minnesota,Koochiching,8
Minnesota,Lac qui Parle,2
Minnesota,Lake,273
Minnesota,Le Sueur,77
Minnesota,Lincoln,2
Minnesota,Lyon,14
Minnesota,Mahnomen,0
Minnesota,Marshall,11
Minnesota,Martin,19
Minnesota,McLeod,14
Minnesota,Meeker,8
Minnesota,Mille Lacs,24
Minnesota,Morrison,26
Minnesota,Mower,13
Minnesota,Murray,15
Minnesota,Nicollet,16
Minnesota,Olmsted,95
Minnesota,Otter Tail,37
Minnesota,Pennington,14
Minnesota,Pine,3
Minnesota,Polk,19
Minnesota,Pope,13
Minnesota,Red Lake,1
Minnesota,Redwood,9
Minnesota,Renville,21
Minnesota,Rice,11
Minnesota,Rock,15
Minnesota,Roseau,2
Minnesota,Scott,43
Minnesota,Sherburne,35
Minnesota,Sibley,5
Minnesota,St Louis,4839
Minnesota,Stearns,100
Minnesota,Steele,16
Minnesota,Stevens,3
Minnesota,Todd,13
Minnesota,Wabasha,9
Minnesota,Wadena,6
Minnesota,Waseca,2
Minnesota,Washington,81
Minnesota,Watonwan,3
Minnesota,Wilkin,3
Minnesota,Winona,10
Minnesota,Wright,12
Minnesota,Yellow Medicine,30
Mississippi,Adams,14
Mississippi,Benton,5
Mississippi,Bolivar,8
Mississippi,Carroll,20
Mississippi,Clarke,5
Mississippi,Clay,4
Mississippi,Coahoma,18
Mississippi,Copiah,116
Mississippi,Covington,1
Mississippi,De Soto,24
Mississippi,Forrest,73
Mississippi,George,11
Mississippi,Greene,7
Mississippi,Harrison,16
Mississippi,Hinds,115
Mississippi,Holmes,15
Mississippi,Itawamba,27
Mississippi,Jasper,14
Mississippi,Jones,10
Mississippi,Lafayette,3
Mississippi,Lamar,7
Mississippi,Lauderdale,2
Mississippi,Lincoln,11
Mississippi,Lowndes,181
Mississippi,Marion,18
Mississippi,Monroe,76
Mississippi,Noxubee,7
Mississippi,Panola,33
Mississippi,Pearl River,36
Mississippi,Perry,31
Mississippi,Pike,15
Mississippi,Quitman,11
Mississippi,Rankin,4
Mississippi,Smith,13
Mississippi,Stone,13
Mississippi,Tate,11
Mississippi,Tippah,226
Mississippi,Tishomingo,25
Mississippi,Walthall,7
Mississippi,Warren,25
Mississippi,Washington,2
Mississippi,Wayne,3
Mississippi,Winston,6
Mississippi,Yalobusha,22
Mississippi,Yazoo,14
Missouri,Andrew,45
Missouri,Audrain,7
Missouri,Barry,25
Missouri,Barton,40
Missouri,Bates,28
Missouri,Benton,27
Missouri,Bollinger,10
Missouri,Boone,56
Missouri,Buchanan,40
Missouri,Butler,24
Missouri,Callaway,88
Missouri,Camden,14
Missouri,Cape Girardeau,209
Missouri,Carroll,3
Missouri,Carter,1
Missouri,Cass,73
Missouri,Cedar,4
Missouri,Christian,52
Missouri,Clark,2
Missouri,Clay,56
Missouri,Clinton,38
Missouri,Cole,24
Missouri,Cooper,20
Missouri,Crawford,29
Missouri,Dade,5
Missouri,Dallas,3
Missouri,Daviess,24
Missouri,Dent,10
Missouri,Douglas,11
Missouri,Franklin,50
Missouri,Gasconade,28
Missouri,Gentry,8
Missouri,Greene,148
Missouri,Grundy,7
Missouri,Harrison,5
Missouri,Henry,11
Missouri,Hickory,3
Missouri,Holt,13
Missouri,Howard,12
Missouri,Howell,46
Missouri,Iron,408
Missouri,Jackson,201
Missouri,Jasper,67
Missouri,Jefferson,269
Missouri,Johnson,9
Missouri,Knox,33
Missouri,Laclede,31
Missouri,Lafayette,9
Missouri,Lawrence,17
Missouri,Lincoln,41
Missouri,Livingston,28
Missouri,Macon,6
Missouri,Marion,8
Missouri,McDonald,18
Missouri,Miller,11
Missouri,Monroe,6
Missouri,Montgomery,61
Missouri,Morgan,19
Missouri,New Madrid,4
Missouri,Newton,35
Missouri,Nodaway,3
Missouri,Oregon,6
Missouri,Osage,9
Missouri,Ozark,2
Missouri,Pemiscot,2
Missouri,Perry,40
Missouri,Pettis,36
Missouri,Phelps,36
Missouri,Pike,169
Missouri,Platte,64
Missouri,Polk,14
Missouri,Pulaski,6
Missouri,Putnam,9
Missouri,Ralls,248
Missouri,Randolph,176
Missouri,Ray,34
Missouri,Reynolds,363
Missouri,Ripley,2
Missouri,Saline,49
Missouri,Scotland,15
Missouri,Scott,81
Missouri,Shannon,4
Missouri,Shelby,18
Missouri,St Charles,46
Missouri,St Francois,92
Missouri,St Louis,320
Missouri,St Louis City,2
Missouri,Ste. Genevieve,907
Missouri,Stoddard,142
Missouri,Stone,31
Missouri,Sullivan,19
Missouri,Taney,150
Missouri,Texas,30
Missouri,Vernon,17
Missouri,Warren,15
Missouri,Washington,111
Missouri,Wayne,26
Missouri,Webster,4
Missouri,Wright,21
Montana,Beaverhead,84
Montana,Big Horn,471
Montana,Blaine,3
Montana,Broadwater,83
Montana,Carbon,14
Montana,Cascade,74
Montana,Chouteau,74
Montana,Custer,1
Montana,Dawson,8
Montana,Deer Lodge,9
Montana,Fergus,112
Montana,Flathead,69
Montana,Gallatin,273
Montana,Glacier,2
Montana,Granite,12
Montana,Hill,6
Montana,Jefferson,588
Montana,Judith Basin,7
Montana,Lake,8
Montana,Lewis and Clark,75
Montana,Lincoln,26
Montana,Madison,123
Montana,Mineral,1
Montana,Missoula,53
Montana,Musselshell,7
Montana,Park,94
Montana,Phillips,239
Montana,Pondera,4
Montana,Powell,74
Montana,Ravalli,10
Montana,Richland,13
Montana,Roosevelt,0
Montana,Rosebud,411
Montana,Sanders,5
Montana,Sheridan,11
Montana,Silver Bow,491
Montana,Stillwater,350
Montana,Sweet Grass,2
Montana,Teton,1
Montana,Toole,6
Montana,Treasure,2
Montana,Valley,11
Montana,Yellowstone,83
Nebraska,Adams,4
Nebraska,Antelope,9
Nebraska,Boone,6
Nebraska,Boyd,1
Nebraska,Brown,2
Nebraska,Buffalo,23
Nebraska,Butler,2
Nebraska,Cass,339
Nebraska,Cedar,12
Nebraska,Cherry,0
Nebraska,Clay,5
Nebraska,Colfax,5
Nebraska,Cuming,7
Nebraska,Custer,7
Nebraska,Dawes,24
Nebraska,Dawson,18
Nebraska,Dixon,2
Nebraska,Dodge,10
Nebraska,Douglas,39
Nebraska,Dundy,3
Nebraska,Franklin,10
Nebraska,Furnas,2
Nebraska,Gage,14
Nebraska,Garden,2
Nebraska,Garfield,5
Nebraska,Hall,47
Nebraska,Hamilton,6
Nebraska,Harlan,2
Nebraska,Hayes,1
Nebraska,Hitchcock,7
Nebraska,Holt,21
Nebraska,Howard,7
Nebraska,Jefferson,11
Nebraska,Kearney,8
Nebraska,Keith,8
Nebraska,Knox,9
Nebraska,Lancaster,6
Nebraska,Lincoln,22
Nebraska,Loup,2
Nebraska,Madison,14
Nebraska,Merrick,9
Nebraska,Morrill,7
Nebraska,Nance,6
Nebraska,Nemaha,1
Nebraska,Nuckolls,2
Nebraska,Phelps,5
Nebraska,Pierce,4
Nebraska,Platte,28
Nebraska,Polk,3
Nebraska,Red Willow,10
Nebraska,Richardson,0
Nebraska,Sarpy,25
Nebraska,Saunders,30
Nebraska,Scotts Bluff,15
Nebraska,Seward,1
Nebraska,Sheridan,2
Nebraska,Stanton,11
Nebraska,Thayer,9
Nebraska,Thomas,8
Nebraska,Valley,5
Nebraska,Washington,34
Nebraska,Webster,7
Nebraska,York,3
Nevada,Carson City,10
Nevada,Churchill,81
Nevada,Clark,556
Nevada,Douglas,24
Nevada,Elko,2200
Nevada,Esmeralda,92
Nevada,Eureka,1839
Nevada,Humboldt,1434
Nevada,Lander,843
Nevada,Lincoln,25
Nevada,Lyon,224
Nevada,Mineral,339
Nevada,Nye,917
Nevada,Pershing,591
Nevada,Storey,114
Nevada,Washoe,109
Nevada,White Pine,433
New Hampshire,Belknap,16
New Hampshire,Carroll,40
New Hampshire,Cheshire,30
New Hampshire,Coos,14
New Hampshire,Grafton,33
New Hampshire,Hillsborough,47
New Hampshire,Merrimack,89
New Hampshire,Rockingham,67
New Hampshire,Strafford,35
New Hampshire,Sullivan,18
New Jersey,Atlantic,18
New Jersey,Burlington,19
New Jersey,Camden,63
New Jersey,Cape May,34
New Jersey,Cumberland,182
New Jersey,Gloucester,22
New Jersey,Hunterdon,63
New Jersey,Mercer,53
New Jersey,Middlesex,68
New Jersey,Monmouth,11
New Jersey,Morris,189
New Jersey,Ocean,52
New Jersey,Passaic,119
New Jersey,Salem,2
New Jersey,Somerset,240
New Jersey,Sussex,184
New Jersey,Warren,61
New Mexico,Bernalillo,245
New Mexico,Catron,9
New Mexico,Chaves,61
New Mexico,Cibola,31
New Mexico,Colfax,458
New Mexico,Curry,9
New Mexico,De Baca,11
New Mexico,Dona Ana,138
New Mexico,Eddy,1312
New Mexico,Grant,1319
New Mexico,Hidalgo,11
New Mexico,Lea,311
New Mexico,Lincoln,10
New Mexico,Luna,25
New Mexico,McKinley,666
New Mexico,Mora,4
New Mexico,Otero,35
New Mexico,Quay,8
New Mexico,Rio Arriba,39
New Mexico,Roosevelt,13
New Mexico,San Juan,1073
New Mexico,San Miguel,15
New Mexico,Sandoval,106
New Mexico,Santa Fe,69
New Mexico,Sierra,40
New Mexico,Socorro,41
New Mexico,Taos,116
New Mexico,Torrance,29
New Mexico,Union,12
New Mexico,Valencia,21
New York,Albany,290
New York,Allegany,29
New York,Broome,42
New York,Cattaraugus,96
New York,Cayuga,16
New York,Chautauqua,30
New York,Chemung,53
New York,Chenango,16
New York,Clinton,37
New York,Columbia,41
New York,Cortland,32
New York,Delaware,79
New York,Dutchess,233
New York,Erie,117
New York,Essex,155
New York,Franklin,27
New York,Fulton,18
New York,Genesee,165
New York,Greene,195
New York,Hamilton,37
New York,Herkimer,44
New York,Jefferson,104
New York,Lewis,44
New York,Livingston,341
New York,Madison,45
New York,Monroe,79
New York,Montgomery,59
New York,Niagara,72
New York,Oneida,75
New York,Onondaga,148
New York,Ontario,64
New York,Orange,79
New York,Orleans,38
New York,Oswego,53
New York,Otsego,36
New York,Putnam,24
New York,Rensselaer,60
New York,Rockland,111
New York,Saratoga,88
New York,Schenectady,44
New York,Schoharie,36
New York,Schuyler,8
New York,Seneca,23
New York,St Lawrence,365
New York,Steuben,70
New York,Suffolk,90
New York,Sullivan,37
New York,Tioga,51
New York,Tompkins,181
New York,Ulster,82
New York,Warren,183
New York,Washington,109
New York,Wayne,51
New York,Westchester,7
New York,Wyoming,7
New York,Yates,20
North Carolina,Alamance,47
North Carolina,Anson,125
North Carolina,Ashe,13
North Carolina,Avery,16
North Carolina,Beaufort,412
North Carolina,Bertie,2
North Carolina,Bladen,2
North Carolina,Brunswick,16
North Carolina,Buncombe,110
North Carolina,Burke,26
North Carolina,Cabarrus,66
North Carolina,Caldwell,34
North Carolina,Camden,3
North Carolina,Caswell,26
North Carolina,Catawba,27
North Carolina,Chatham,24
North Carolina,Cherokee,5
North Carolina,Clay,36
North Carolina,Cleveland,159
North Carolina,Craven,42
North Carolina,Cumberland,27
North Carolina,Davidson,45
North Carolina,Davie,29
North Carolina,Duplin,18
North Carolina,Durham,30
North Carolina,Edgecombe,34
North Carolina,Forsyth,129
North Carolina,Franklin,6
North Carolina,Gaston,100
North Carolina,Granville,38
North Carolina,Guilford,97
North Carolina,Halifax,4
North Carolina,Harnett,93
North Carolina,Haywood,31
North Carolina,Henderson,28
North Carolina,Hertford,6
North Carolina,Hoke,4
North Carolina,Iredell,30
North Carolina,Jackson,31
North Carolina,Johnston,58
North Carolina,Lee,68
North Carolina,Lenoir,11
North Carolina,Lincoln,38
North Carolina,Macon,58
North Carolina,Martin,2
North Carolina,McDowell,62
North Carolina,Mecklenburg,90
North Carolina,Mitchell,287
North Carolina,Montgomery,21
North Carolina,Moore,49
North Carolina,Nash,14
North Carolina,New Hanover,36
North Carolina,Northampton,11
North Carolina,Onslow,17
North Carolina,Orange,38
North Carolina,Pender,49
North Carolina,Pitt,52
North Carolina,Polk,13
North Carolina,Randolph,22
North Carolina,Richmond,91
North Carolina,Robeson,2
North Carolina,Rockingham,41
North Carolina,Rowan,182
North Carolina,Rutherford,29
North Carolina,Sampson,5
North Carolina,Scotland,4
North Carolina,Stanly,46
North Carolina,Stokes,9
North Carolina,Surry,112
North Carolina,Swain,18
North Carolina,Transylvania,16
North Carolina,Union,22
North Carolina,Vance,21
North Carolina,Wake,152
North Carolina,Watauga,16
North Carolina,Wayne,14
North Carolina,Wilkes,24
North Carolina,Wilson,23
North Carolina,Yadkin,2
North Carolina,Yancey,48
North Dakota,Adams,2
North Dakota,Barnes,9
North Dakota,Bottineau,3
North Dakota,Bowman,64
North Dakota,Burke,3
North Dakota,Burleigh,13
North Dakota,Cavalier,12
North Dakota,Dunn,2
North Dakota,Eddy,13
North Dakota,Grand Forks,23
North Dakota,Grant,6
North Dakota,Hettinger,3
North Dakota,La Moure,6
North Dakota,McIntosh,2
North Dakota,McLean,251
North Dakota,Mercer,470
North Dakota,Morton,16
North Dakota,Mountrail,2
North Dakota,Oliver,143
North Dakota,Pembina,2
North Dakota,Ransom,6
North Dakota,Renville,2
North Dakota,Richland,10
North Dakota,Sargent,7
North Dakota,Sheridan,0
North Dakota,Stark,44
North Dakota,Stutsman,4
North Dakota,Traill,5
North Dakota,Walsh,11
North Dakota,Ward,40
North Dakota,Wells,8
North Dakota,Williams,9
Ohio,Adams,49
Ohio,Allen,29
Ohio,Ashland,11
Ohio,Ashtabula,14
Ohio,Athens,14
Ohio,Auglaize,25
Ohio,Belmont,701
Ohio,Butler,109
Ohio,Carroll,25
Ohio,Champaign,26
Ohio,Clark,37
Ohio,Clermont,8
Ohio,Clinton,22
Ohio,Columbiana,273
Ohio,Coshocton,206
Ohio,Crawford,38
Ohio,Cuyahoga,262
Ohio,Darke,12
Ohio,Delaware,63
Ohio,Erie,151
Ohio,Fairfield,6
Ohio,Fayette,3
Ohio,Franklin,200
Ohio,Gallia,16
Ohio,Geauga,88
Ohio,Greene,187
Ohio,Guernsey,74
Ohio,Hamilton,82
Ohio,Hancock,15
Ohio,Hardin,4
Ohio,Harrison,320
Ohio,Henry,5
Ohio,Highland,51
Ohio,Hocking,12
Ohio,Holmes,88
Ohio,Huron,6
Ohio,Jackson,174
Ohio,Jefferson,239
Ohio,Knox,49
Ohio,Lake,231
Ohio,Lawrence,52
Ohio,Licking,30
Ohio,Logan,58
Ohio,Lorain,18
Ohio,Lucas,65
Ohio,Mahoning,29
Ohio,Marion,54
Ohio,Medina,33
Ohio,Meigs,819
Ohio,Mercer,17
Ohio,Miami,60
Ohio,Monroe,345
Ohio,Montgomery,76
Ohio,Morgan,324
Ohio,Morrow,5
Ohio,Muskingum,127
Ohio,Noble,81
Ohio,Ottawa,152
Ohio,Paulding,134
Ohio,Perry,143
Ohio,Pickaway,38
Ohio,Pike,29
Ohio,Portage,121
Ohio,Preble,35
Ohio,Putnam,8
Ohio,Richland,20
Ohio,Ross,36
Ohio,Sandusky,300
Ohio,Scioto,44
Ohio,Seneca,73
Ohio,Shelby,44
Ohio,Stark,159
Ohio,Summit,15
Ohio,Trumbull,14
Ohio,Tuscarawas,396
Ohio,Union,24
Ohio,Van Wert,20
Ohio,Vinton,259
Ohio,Warren,30
Ohio,Washington,25
Ohio,Wayne,34
Ohio,Williams,14
Ohio,Wood,55
Ohio,Wyandot,167
Oklahoma,Adair,1
Oklahoma,Atoka,60
Oklahoma,Beaver,5
Oklahoma,Blaine,62
Oklahoma,Bryan,32
Oklahoma,Caddo,47
Oklahoma,Canadian,16
Oklahoma,Carter,23
Oklahoma,Cherokee,15
Oklahoma,Choctaw,67
Oklahoma,Cleveland,9
Oklahoma,Coal,0
Oklahoma,Comanche,100
Oklahoma,Cotton,7
Oklahoma,Craig,28
Oklahoma,Creek,20
Oklahoma,Dewey,2
Oklahoma,Garvin,2
Oklahoma,Greer,11
Oklahoma,Haskell,32
Oklahoma,Hughes,1
Oklahoma,Jackson,14
Oklahoma,Jefferson,8
Oklahoma,Johnston,155
Oklahoma,Kay,12
Oklahoma,Kingfisher,10
Oklahoma,Kiowa,59
Oklahoma,Latimer,43
Oklahoma,Le Flore,167
Oklahoma,Logan,4
Oklahoma,Love,20
Oklahoma,Major,5
Oklahoma,Marshall,10
Oklahoma,Mayes,133
Oklahoma,McCurtain,28
Oklahoma,McIntosh,14
Oklahoma,Murray,129
Oklahoma,Muskogee,52
Oklahoma,Nowata,22
Oklahoma,Okfuskee,1
Oklahoma,Oklahoma,53
Oklahoma,Okmulgee,35
Oklahoma,Osage,6
Oklahoma,Ottawa,32
Oklahoma,Pawnee,43
Oklahoma,Payne,12
Oklahoma,Pittsburg,43
Oklahoma,Pontotoc,132
Oklahoma,Pottawatomie,5
Oklahoma,Pushmataha,1
Oklahoma,Rogers,162
Oklahoma,Seminole,43
Oklahoma,Sequoyah,75
Oklahoma,Texas,2
Oklahoma,Tillman,4
Oklahoma,Tulsa,119
Oklahoma,Wagoner,12
Oklahoma,Washington,11
Oklahoma,Washita,13
Oklahoma,Woodward,17
Oregon,Baker,100
Oregon,Benton,26
Oregon,Clackamas,57
Oregon,Clatsop,8
Oregon,Columbia,84
Oregon,Coos,61
Oregon,Crook,20
Oregon,Curry,28
Oregon,Deschutes,61
Oregon,Douglas,70
Oregon,Gilliam,3
Oregon,Grant,9
Oregon,Harney,16
Oregon,Hood River,3
Oregon,Jackson,103
Oregon,Jefferson,11
Oregon,Josephine,37
Oregon,Klamath,32
Oregon,Lake,33
Oregon,Lane,155
Oregon,Lincoln,27
Oregon,Linn,30
Oregon,Malheur,84
Oregon,Marion,111
Oregon,Morrow,15
Oregon,Multnomah,123
Oregon,Polk,45
Oregon,Sherman,3
Oregon,Tillamook,23
Oregon,Umatilla,35
Oregon,Union,7
Oregon,Wallowa,2
Oregon,Wasco,19
Oregon,Washington,117
Oregon,Yamhill,56
Pennsylvania,Adams,237
Pennsylvania,Allegheny,156
Pennsylvania,Armstrong,1135
Pennsylvania,Beaver,36
Pennsylvania,Bedford,33
Pennsylvania,Berks,363
Pennsylvania,Blair,105
Pennsylvania,Bradford,41
Pennsylvania,Bucks,233
Pennsylvania,Butler,361
Pennsylvania,Cambria,799
Pennsylvania,Carbon,51
Pennsylvania,Centre,361
Pennsylvania,Chester,288
Pennsylvania,Clarion,239
Pennsylvania,Clearfield,892
Pennsylvania,Clinton,20
Pennsylvania,Columbia,116
Pennsylvania,Crawford,35
Pennsylvania,Cumberland,94
Pennsylvania,Dauphin,91
Pennsylvania,Delaware,56
Pennsylvania,Elk,55
Pennsylvania,Erie,64
Pennsylvania,Fayette,279
Pennsylvania,Forest,2
Pennsylvania,Franklin,51
Pennsylvania,Fulton,21
Pennsylvania,Greene,2493
Pennsylvania,Huntingdon,90
Pennsylvania,Indiana,1244
Pennsylvania,Jefferson,345
Pennsylvania,Juniata,7
Pennsylvania,Lackawanna,42
Pennsylvania,Lancaster,245
Pennsylvania,Lawrence,562
Pennsylvania,Lebanon,150
Pennsylvania,Lehigh,209
Pennsylvania,Luzerne,475
Pennsylvania,Lycoming,115
Pennsylvania,McKean,42
Pennsylvania,Mercer,57
Pennsylvania,Mifflin,18
Pennsylvania,Monroe,68
Pennsylvania,Montgomery,178
Pennsylvania,Montour,17
Pennsylvania,Northampton,653
Pennsylvania,Northumberland,267
Pennsylvania,Perry,8
Pennsylvania,Pike,19
Pennsylvania,Potter,2
Pennsylvania,Schuylkill,1130
Pennsylvania,Snyder,26
Pennsylvania,Somerset,943
Pennsylvania,Sullivan,12
Pennsylvania,Susquehanna,40
Pennsylvania,Tioga,17
Pennsylvania,Union,34
Pennsylvania,Venango,18
Pennsylvania,Warren,24
Pennsylvania,Washington,657
Pennsylvania,Wayne,39
Pennsylvania,Westmoreland,301
Pennsylvania,Wyoming,17
Pennsylvania,York,404
Puerto Rico,72002,28
Puerto Rico,72004,337
Puerto Rico,72006,64
Puerto Rico,72008,23
Puerto Rico,72010,404
Puerto Rico,72012,63
Puerto Rico,Adjuntas,161
Puerto Rico,Aguada,29
Puerto Rico,Aguadilla,226
Puerto Rico,Aguas Buenas,108
Puerto Rico,Aibonito,137
Puerto Rico,Anasco,16
Rhode Island,Kent,25
Rhode Island,Newport,7
Rhode Island,Providence,94
Rhode Island,Washington,37
South Carolina,Abbeville,1
South Carolina,Aiken,228
South Carolina,Anderson,57
South Carolina,Bamberg,2
South Carolina,Berkeley,49
South Carolina,Charleston,2
South Carolina,Cherokee,74
South Carolina,Chesterfield,87
South Carolina,Clarendon,1
South Carolina,Colleton,13
South Carolina,Darlington,6
South Carolina,Dorchester,297
South Carolina,Edgefield,2
South Carolina,Fairfield,125
South Carolina,Florence,5
South Carolina,Georgetown,13
South Carolina,Greenville,72
South Carolina,Greenwood,23
South Carolina,Horry,24
South Carolina,Jasper,10
South Carolina,Kershaw,39
South Carolina,Lancaster,18
South Carolina,Laurens,111
South Carolina,Lexington,135
South Carolina,Marion,10
South Carolina,Marlboro,47
South Carolina,McCormick,45
South Carolina,Oconee,9
South Carolina,Orangeburg,158
South Carolina,Pickens,34
South Carolina,Richland,91
South Carolina,Spartanburg,101
South Carolina,Sumter,33
South Carolina,Union,7
South Carolina,Williamsburg,2
South Carolina,York,25
South Dakota,Aurora,2
South Dakota,Bon Homme,0
South Dakota,Brookings,25
South Dakota,Brown,12
South Dakota,Brule,7
South Dakota,Butte,109
South Dakota,Campbell,4
South Dakota,Charles Mix,9
South Dakota,Clark,7
South Dakota,Clay,5
South Dakota,Codington,14
South Dakota,Custer,921
South Dakota,Davison,13
South Dakota,Day,7
South Dakota,Douglas,2
South Dakota,Fall River,9
South Dakota,Grant,95
South Dakota,Haakon,0
South Dakota,Hanson,13
South Dakota,Hughes,6
South Dakota,Kingsbury,2
South Dakota,Lake,8
South Dakota,Lawrence,1187
South Dakota,Marshall,6
South Dakota,McPherson,19
South Dakota,Mellette,6
South Dakota,Miner,2
South Dakota,Minnehaha,114
South Dakota,Moody,1
South Dakota,Pennington,301
South Dakota,Perkins,2
South Dakota,Roberts,19
South Dakota,Spink,4
South Dakota,Stanley,7
South Dakota,Sully,4
South Dakota,Tripp,5
South Dakota,Turner,7
South Dakota,Union,3
South Dakota,Yankton,10
Tennessee,Anderson,116
Tennessee,Bedford,18
Tennessee,Benton,89
Tennessee,Bledsoe,5
Tennessee,Blount,71
Tennessee,Bradley,19
Tennessee,Campbell,249
Tennessee,Cannon,20
Tennessee,Carroll,7
Tennessee,Carter,33
Tennessee,Claiborne,62
Tennessee,Clay,5
Tennessee,Cocke,16
Tennessee,Coffee,23
Tennessee,Cumberland,102
Tennessee,Davidson,122
Tennessee,De Kalb,8
Tennessee,Decatur,86
Tennessee,Dickson,22
Tennessee,Dyer,12
Tennessee,Fentress,50
Tennessee,Franklin,58
Tennessee,Gibson,4
Tennessee,Giles,14
Tennessee,Grainger,59
Tennessee,Greene,38
Tennessee,Grundy,14
Tennessee,Hamblen,27
Tennessee,Hamilton,163
Tennessee,Hardeman,79
Tennessee,Hardin,40
Tennessee,Hawkins,38
Tennessee,Henry,80
Tennessee,Humphreys,12
Tennessee,Jefferson,505
Tennessee,Johnson,22
Tennessee,Knox,364
Tennessee,Lauderdale,2
Tennessee,Lawrence,14
Tennessee,Lincoln,11
Tennessee,Loudon,10
Tennessee,Madison,29
Tennessee,Marion,77
Tennessee,Marshall,18
Tennessee,Maury,37
Tennessee,McMinn,13
Tennessee,McNairy,13
Tennessee,Meigs,14
Tennessee,Monroe,16
Tennessee,Montgomery,31
Tennessee,Moore,7
Tennessee,Morgan,70
Tennessee,Obion,9
Tennessee,Overton,20
Tennessee,Perry,11
Tennessee,Pickett,9
Tennessee,Polk,15
Tennessee,Putnam,40
Tennessee,Rhea,19
Tennessee,Roane,16
Tennessee,Robertson,30
Tennessee,Rutherford,64
Tennessee,Scott,58
Tennessee,Sequatchie,204
Tennessee,Sevier,39
Tennessee,Shelby,44
Tennessee,Smith,245
Tennessee,Sullivan,68
Tennessee,Sumner,29
Tennessee,Tipton,18
Tennessee,Unicoi,10
Tennessee,Union,118
Tennessee,Van Buren,8
Tennessee,Warren,13
Tennessee,Washington,17
Tennessee,Weakley,134
Tennessee,White,23
Tennessee,Williamson,48
Tennessee,Wilson,65
Texas,Andrews,1
Texas,Atascosa,155
Texas,Austin,7
Texas,Bandera,5
Texas,Bastrop,1
Texas,Bee,3
Texas,Bell,104
Texas,Bexar,612
Texas,Borden,6
Texas,Bosque,100
Texas,Bowie,6
Texas,Brazoria,6
Texas,Brazos,13
Texas,Brewster,15
Texas,Brown,22
Texas,Burleson,9
Texas,Burnet,202
Texas,Calhoun,709
Texas,Callahan,20
Texas,Cameron,18
Texas,Cass,29
Texas,Chambers,4
Texas,Cherokee,25
Texas,Coke,17
Texas,Coleman,10
Texas,Collin,4
Texas,Colorado,198
Texas,Comal,520
Texas,Comanche,2
Texas,Cooke,3
Texas,Coryell,31
Texas,Crosby,26
Texas,Culberson,43
Texas,Dallas,138
Texas,De Witt,3
Texas,Deaf Smith,8
Texas,Denton,6
Texas,Dimmit,7
Texas,Duval,59
Texas,Eastland,9
Texas,Ector,93
Texas,El Paso,109
Texas,Ellis,733
Texas,Erath,0
Texas,Falls,7
Texas,Fannin,3
Texas,Fayette,80
Texas,Floyd,3
Texas,Fort Bend,72
Texas,Freestone,321
Texas,Galveston,47
Texas,Garza,6
Texas,Gillespie,63
Texas,Glasscock,7
Texas,Gonzales,92
Texas,Grayson,24
Texas,Gregg,4
Texas,Grimes,182
Texas,Guadalupe,10
Texas,Hale,23
Texas,Hansford,13
Texas,Hardeman,16
Texas,Hardin,11
Texas,Harris,213
Texas,Harrison,183
Texas,Haskell,2
Texas,Hays,157
Texas,Henderson,32
Texas,Hidalgo,184
Texas,Hill,9
Texas,Hood,9
Texas,Hopkins,2
Texas,Howard,11
Texas,Hudspeth,59
Texas,Hutchinson,55
Texas,Jack,18
Texas,Jasper,16
Texas,Jeff Davis,0
Texas,Jefferson,2
Texas,Jim Wells,14
Texas,Johnson,95
Texas,Jones,3
Texas,Karnes,5
Texas,Kaufman,58
Texas,Kendall,2
Texas,Kerr,14
Texas,Kimble,10
Texas,Kleberg,12
Texas,Lampasas,25
Texas,Leon,347
Texas,Liberty,48
Texas,Limestone,133
Texas,Live Oak,2
Texas,Llano,40
Texas,Lubbock,22
Texas,Madison,6
Texas,Mason,13
Texas,Maverick,2
Texas,McCulloch,78
Texas,McLennan,159
Texas,McMullen,17
Texas,Medina,16
Texas,Midland,29
Texas,Milam,229
Texas,Montague,8
Texas,Montgomery,61
Texas,Morris,3
Texas,Nacogdoches,2
Texas,Navarro,93
Texas,Newton,4
Texas,Nolan,162
Texas,Nueces,65
Texas,Oldham,47
Texas,Orange,15
Texas,Palo Pinto,45
Texas,Panola,596
Texas,Parker,83
Texas,Pecos,11
Texas,Potter,101
Texas,Reeves,23
Texas,Robertson,70
Texas,Runnels,10
Texas,Rusk,221
Texas,Sabine,27
Texas,San Patricio,783
Texas,San Saba,39
Texas,Scurry,0
Texas,Shackelford,10
Texas,Smith,3
Texas,Somervell,27
Texas,Starr,5
Texas,Stephens,10
Texas,Stonewall,10
Texas,Tarrant,76
Texas,Taylor,56
Texas,Titus,508
Texas,Tom Green,7
Texas,Travis,197
Texas,Uvalde,62
Texas,Val Verde,7
Texas,Van Zandt,230
Texas,Victoria,112
Texas,Walker,15
Texas,Ward,4
Texas,Washington,7
Texas,Webb,135
Texas,Williamson,371
Texas,Wise,332
Texas,Wood,3
Texas,Young,17
Texas,Zavala,6
Utah,Beaver,0
Utah,Box Elder,73
Utah,Cache,16
Utah,Carbon,932
Utah,Davis,33
Utah,Duchesne,9
Utah,Emery,742
Utah,Garfield,9
Utah,Grand,49
Utah,Iron,8
Utah,Juab,73
Utah,Kane,12
Utah,Millard,118
Utah,Morgan,103
Utah,Piute,7
Utah,Salt Lake,1787
Utah,San Juan,47
Utah,Sanpete,12
Utah,Sevier,401
Utah,Summit,47
Utah,Tooele,289
Utah,Uintah,227
Utah,Utah,82
Utah,Wasatch,12
Utah,Washington,170
Utah,Weber,4
Vermont,Addison,42
Vermont,Bennington,27
Vermont,Caledonia,18
Vermont,Chittenden,43
Vermont,Essex,4
Vermont,Franklin,24
Vermont,Grand Isle,2
Vermont,Lamoille,19
Vermont,Orange,19
Vermont,Orleans,14
Vermont,Rutland,424
Vermont,Washington,105
Vermont,Windham,19
Vermont,Windsor,108
Virgin Islands of the U.S.,78001,492
Virginia,Albemarle,29
Virginia,Appomattox,15
Virginia,Augusta,62
Virginia,Bedford,31
Virginia,Bland,10
Virginia,Botetourt,241
Virginia,Brunswick,36
Virginia,Buchanan,3159
Virginia,Buckingham,252
Virginia,Campbell,49
Virginia,Caroline,25
Virginia,Charles City,9
Virginia,Chesapeake City,44
Virginia,Chesterfield,70
Virginia,Clarke,12
Virginia,Craig,5
Virginia,Culpeper,32
Virginia,Danville City,1
Virginia,Dickenson,1252
Virginia,Dinwiddie,30
Virginia,Essex,21
Virginia,Fairfax,81
Virginia,Fauquier,24
Virginia,Frederick,164
Virginia,Giles,201
Virginia,Gloucester,6
Virginia,Goochland,82
Virginia,Grayson,22
Virginia,Greene,14
Virginia,Greensville,36
Virginia,Halifax,24
Virginia,Hanover,83
Virginia,Henrico,137
Virginia,Henry,40
Virginia,Highland,2
Virginia,Isle of Wight,2
Virginia,King and Queen,49
Virginia,King George,27
Virginia,King William,14
Virginia,Lee,622
Virginia,Loudoun,152
Virginia,Louisa,27
Virginia,Mecklenburg,22
Virginia,Montgomery,41
Virginia,Nelson,9
Virginia,New Kent,7
Virginia,Nottoway,16
Virginia,Orange,2
Virginia,Pittsylvania,42
Virginia,Powhatan,13
Virginia,Prince Edward,11
Virginia,Prince George,47
Virginia,Prince William,46
Virginia,Pulaski,54
Virginia,Roanoke,49
Virginia,Roanoke City,2
Virginia,Rockbridge,27
Virginia,Rockingham,60
Virginia,Russell,425
Virginia,Scott,53
Virginia,Shenandoah,87
Virginia,Smyth,98
Virginia,Southampton,9
Virginia,Spotsylvania,52
Virginia,Stafford,37
Virginia,Sussex,6
Virginia,Tazewell,686
Virginia,Virginia Beach City,4
Virginia,Warren,65
Virginia,Washington,20
Virginia,Westmoreland,2
Virginia,Wise,2933
Virginia,Wythe,102
Washington,Asotin,30
Washington,Benton,4
Washington,Chelan,141
Washington,Clallam,62
Washington,Clark,193
Washington,Columbia,10
Washington,Cowlitz,67
Washington,Douglas,15
Washington,Ferry,198
Washington,Franklin,47
Washington,Garfield,6
Washington,Grant,87
Washington,Grays Harbor,56
Washington,Island,31
Washington,Jefferson,24
Washington,King,413
Washington,Kitsap,35
Washington,Kittitas,29
Washington,Klickitat,34
Washington,Lewis,601
Washington,Lincoln,7
Washington,Mason,51
Washington,Okanogan,44
Washington,Pacific,29
Washington,Pend Oreille,14
Washington,Pierce,179
Washington,San Juan,24
Washington,Skagit,58
Washington,Skamania,11
Washington,Snohomish,229
Washington,Spokane,94
Washington,Stevens,89
Washington,Thurston,118
Washington,Wahkiakum,3
Washington,Walla Walla,5
Washington,Whatcom,93
Washington,Whitman,2
Washington,Yakima,34
West Virginia,Barbour,240
West Virginia,Berkeley,185
West Virginia,Boone,3084
West Virginia,Braxton,52
West Virginia,Brooke,309
West Virginia,Cabell,2
West Virginia,Clay,318
West Virginia,Fayette,811
West Virginia,Gilmer,12
West Virginia,Grant,494
West Virginia,Greenbrier,331
West Virginia,Hampshire,6
West Virginia,Hancock,16
West Virginia,Harrison,617
West Virginia,Jefferson,44
West Virginia,Kanawha,877
West Virginia,Lewis,0
West Virginia,Lincoln,72
West Virginia,Logan,2318
West Virginia,Marion,746
West Virginia,Marshall,722
West Virginia,Mason,18
West Virginia,McDowell,1333
West Virginia,Mercer,54
West Virginia,Mineral,69
West Virginia,Mingo,3322
West Virginia,Monongalia,2020
West Virginia,Morgan,103
West Virginia,Nicholas,949
West Virginia,Ohio,14
West Virginia,Pendleton,121
West Virginia,Pocahontas,12
West Virginia,Preston,410
West Virginia,Putnam,12
West Virginia,Raleigh,1281
West Virginia,Randolph,316
West Virginia,Summers,0
West Virginia,Taylor,0
West Virginia,Tucker,56
West Virginia,Upshur,371
West Virginia,Wayne,303
West Virginia,Webster,555
West Virginia,Wetzel,11
West Virginia,Wyoming,1585
Wisconsin,Adams,3
Wisconsin,Ashland,7
Wisconsin,Barron,19
Wisconsin,Bayfield,15
Wisconsin,Brown,102
Wisconsin,Buffalo,4
Wisconsin,Burnett,7
Wisconsin,Calumet,32
Wisconsin,Chippewa,22
Wisconsin,Clark,31
Wisconsin,Columbia,40
Wisconsin,Crawford,14
Wisconsin,Dane,115
Wisconsin,Dodge,79
Wisconsin,Door,19
Wisconsin,Douglas,63
Wisconsin,Dunn,11
Wisconsin,Eau Claire,25
Wisconsin,Fond du Lac,197
Wisconsin,Forest,2
Wisconsin,Grant,22
Wisconsin,Green,13
Wisconsin,Green Lake,69
Wisconsin,Iowa,9
Wisconsin,Iron,7
Wisconsin,Jackson,66
Wisconsin,Jefferson,10
Wisconsin,Juneau,24
Wisconsin,Kenosha,7
Wisconsin,Kewaunee,13
Wisconsin,La Crosse,16
Wisconsin,Lafayette,8
Wisconsin,Langlade,30
Wisconsin,Lincoln,11
Wisconsin,Manitowoc,81
Wisconsin,Marathon,174
Wisconsin,Marinette,110
Wisconsin,Milwaukee,30
Wisconsin,Monroe,16
Wisconsin,Oconto,23
Wisconsin,Oneida,10
Wisconsin,Outagamie,58
Wisconsin,Ozaukee,20
Wisconsin,Pepin,4
Wisconsin,Pierce,33
Wisconsin,Polk,41
Wisconsin,Portage,30
Wisconsin,Price,7
Wisconsin,Racine,45
Wisconsin,Richland,3
Wisconsin,Rock,65
Wisconsin,Rusk,68
Wisconsin,Sauk,66
Wisconsin,Sawyer,6
Wisconsin,Shawano,27
Wisconsin,Sheboygan,15
Wisconsin,St Croix,11
Wisconsin,Taylor,30
Wisconsin,Trempealeau,6
Wisconsin,Vilas,9
Wisconsin,Walworth,38
Wisconsin,Washburn,3
Wisconsin,Washington,37
Wisconsin,Waukesha,208
Wisconsin,Waupaca,27
Wisconsin,Waushara,2
Wisconsin,Winnebago,9
Wisconsin,Wood,8
Wyoming,Albany,95
Wyoming,Big Horn,196
Wyoming,Campbell,2678
Wyoming,Carbon,270
Wyoming,Converse,301
Wyoming,Crook,179
Wyoming,Fremont,62
Wyoming,Goshen,13
Wyoming,Hot Springs,8
Wyoming,Johnson,55
Wyoming,Laramie,80
Wyoming,Lincoln,376
Wyoming,Natrona,109
Wyoming,Park,35
Wyoming,Platte,51
Wyoming,Sheridan,35
Wyoming,Sublette,2
Wyoming,Sweetwater,3266
Wyoming,Teton,30
Wyoming,Uinta,7
Wyoming,Washakie,34
Wyoming,Weston,71
