State,County,Number of Employees
Alabama,Autauga,7
Alabama,Barbour,65
Alabama,Bibb,9
Alabama,Blount,122
Alabama,Calhoun,89
Alabama,Chilton,23
Alabama,Clarke,27
Alabama,Coffee,2
Alabama,Colbert,54
Alabama,Conecuh,17
Alabama,Coosa,18
Alabama,Cullman,95
Alabama,Dale,8
Alabama,Dallas,78
Alabama,De Kalb,13
Alabama,Elmore,26
Alabama,Escambia,59
Alabama,Etowah,22
Alabama,Fayette,333
Alabama,Franklin,47
Alabama,Geneva,2
Alabama,Greene,3
Alabama,Hale,9
Alabama,Henry,6
Alabama,Houston,3
Alabama,Jackson,50
Alabama,Jefferson,2055
Alabama,Lawrence,23
Alabama,Lee,29
Alabama,Lowndes,42
Alabama,Macon,38
Alabama,Madison,88
Alabama,Marengo,90
Alabama,Marion,104
Alabama,Marshall,31
Alabama,Mobile,93
Alabama,Monroe,12
Alabama,Montgomery,114
Alabama,Morgan,45
Alabama,Pickens,14
Alabama,Russell,44
Alabama,Shelby,641
Alabama,St Clair,227
Alabama,Sumter,58
Alabama,Talladega,382
Alabama,Tallapoosa,0
Alabama,Tuscaloosa,2393
Alabama,Walker,1588
Alabama,Washington,8
Alabama,Winston,101
Alaska,2001,2
Alaska,2002,22
Alaska,2005,102
Alaska,2006,155
Alaska,2007,4
Alaska,2009,28
Alaska,2010,0
Alaska,2011,162
Alaska,2012,207
Alaska,2014,272
Alaska,Aleutians East,235
Arizona,Apache,46
Arizona,Cochise,204
Arizona,Coconino,159
Arizona,Gila,1202
Arizona,Graham,14
Arizona,Greenlee,1490
Arizona,La Paz,159
Arizona,Maricopa,625
Arizona,Mohave,188
Arizona,Navajo,953
Arizona,Pima,2045
Arizona,Pinal,3217
Arizona,Santa Cruz,17
Arizona,Yavapai,953
Arizona,Yuma,67
Arkansas,Ashley,4
Arkansas,Baxter,28
Arkansas,Benton,38
Arkansas,Boone,35
Arkansas,Bradley,11
Arkansas,Calhoun,42
Arkansas,Carroll,10
Arkansas,Clark,19
Arkansas,Clay,3
Arkansas,Cleburne,7
Arkansas,Conway,2
Arkansas,Craighead,22
Arkansas,Crawford,33
Arkansas,Crittenden,35
Arkansas,Cross,3
Arkansas,Dallas,6
Arkansas,Desha,12
Arkansas,Faulkner,10
Arkansas,Franklin,12
Arkansas,Fulton,15
Arkansas,Garland,307
Arkansas,Grant,17
Arkansas,Greene,11
Arkansas,Hempstead,4
Arkansas,Hot Spring,50
Arkansas,Howard,122
Arkansas,Independence,147
Arkansas,Izard,43
Arkansas,Jackson,2
Arkansas,Jefferson,5
Arkansas,Johnson,16
Arkansas,Lawrence,58
Arkansas,Little River,189
Arkansas,Logan,23
Arkansas,Marion,12
Arkansas,Miller,4
Arkansas,Montgomery,56
Arkansas,Nevada,2
Arkansas,Newton,0
Arkansas,Ouachita,52
Arkansas,Perry,14
Arkansas,Pike,34
Arkansas,Poinsett,23
Arkansas,Polk,29
Arkansas,Pope,33
Arkansas,Pulaski,382
Arkansas,Saline,780
Arkansas,Scott,0
Arkansas,Searcy,2
Arkansas,Sebastian,87
Arkansas,Sevier,41
Arkansas,Sharp,4
Arkansas,St Francis,8
Arkansas,Stone,9
Arkansas,Union,0
Arkansas,Van Buren,0
Arkansas,Washington,30
Arkansas,White,21
Arkansas,Yell,3
California,Alameda,316
California,Alpine,4
California,Amador,130
California,Butte,39
California,Calaveras,167
California,Contra Costa,166
California,Del Norte,24
California,El Dorado,55
California,Fresno,99
California,Glenn,32
California,Humboldt,41
California,Imperial,405
California,Inyo,279
California,Kern,1578
California,Kings,2
California,Lake,355
California,Lassen,19
California,Los Angeles,717
California,Madera,25
California,Marin,32
California,Mariposa,41
California,Mendocino,46
California,Merced,35
California,Modoc,28
California,Mono,26
California,Monterey,219
California,Napa,57
California,Nevada,64
California,Orange,190
California,Placer,88
California,Plumas,48
California,Riverside,855
California,Sacramento,213
California,San Benito,110
California,San Bernardino,1758
California,San Diego,641
California,San Joaquin,99
California,San Luis Obispo,52
California,San Mateo,38
California,Santa Barbara,630
California,Santa Clara,222
California,Santa Cruz,196
California,Shasta,222
California,Sierra,65
California,Siskiyou,28
California,Solano,97
California,Sonoma,232
California,Stanislaus,66
California,Sutter,7
California,Tehama,21
California,Trinity,19
California,Tulare,27
California,Tuolumne,279
California,Ventura,219
California,Yolo,84
California,Yuba,166
Colorado,Adams,128
Colorado,Alamosa,29
Colorado,Arapahoe,23
Colorado,Archuleta,3
Colorado,Baca,2
Colorado,Bent,5
Colorado,Boulder,179
Colorado,Chaffee,35
Colorado,Cheyenne,0
Colorado,Clear Creek,530
Colorado,Conejos,7
Colorado,Costilla,54
Colorado,Crowley,0
Colorado,Custer,2
Colorado,Delta,75
Colorado,Denver,12
Colorado,Dolores,5
Colorado,Douglas,51
Colorado,Eagle,18
Colorado,El Paso,128
Colorado,Elbert,6
Colorado,Fremont,285
Colorado,Garfield,218
Colorado,Gilpin,4
Colorado,Grand,10
Colorado,Gunnison,133
Colorado,Huerfano,7
Colorado,Jackson,14
Colorado,Jefferson,151
Colorado,Kit Carson,0
Colorado,La Plata,97
Colorado,Lake,291
Colorado,Larimer,299
Colorado,Las Animas,192
Colorado,Lincoln,0
Colorado,Logan,8
Colorado,Mesa,76
Colorado,Mineral,5
Colorado,Moffat,674
Colorado,Montezuma,51
Colorado,Montrose,176
Colorado,Morgan,23
Colorado,Otero,10
Colorado,Ouray,77
Colorado,Park,93
Colorado,Phillips,10
Colorado,Pitkin,326
Colorado,Prowers,26
Colorado,Pueblo,45
Colorado,Rio Blanco,215
Colorado,Rio Grande,70
Colorado,Routt,291
Colorado,Saguache,5
Colorado,San Juan,206
Colorado,San Miguel,125
Colorado,Sedgwick,2
Colorado,Summit,43
Colorado,Teller,62
Colorado,Washington,0
Colorado,Weld,119
Connecticut,Fairfield,65
Connecticut,Hartford,215
Connecticut,Litchfield,179
Connecticut,Middlesex,61
Connecticut,New Haven,325
Connecticut,New London,64
Connecticut,Tolland,70
Connecticut,Windham,52
Delaware,Kent,12
Delaware,New Castle,58
Delaware,Sussex,5
Florida,Alachua,65
Florida,Bay,7
Florida,Brevard,32
Florida,Broward,241
Florida,Calhoun,7
Florida,Charlotte,73
Florida,Citrus,123
Florida,Clay,367
Florida,Collier,104
Florida,Columbia,11
Florida,Dade,1120
Florida,De Soto,18
Florida,Duval,10
Florida,Escambia,40
Florida,Gadsden,244
Florida,Glades,45
Florida,Hamilton,599
Florida,Hardee,49
Florida,Hendry,2
Florida,Hernando,764
Florida,Hillsborough,481
Florida,Indian River,23
Florida,Jackson,41
Florida,Lake,89
Florida,Lee,174
Florida,Leon,9
Florida,Levy,48
Florida,Manatee,95
Florida,Marion,207
Florida,Martin,0
Florida,Monroe,54
Florida,Okaloosa,3
Florida,Orange,20
Florida,Palm Beach,55
Florida,Pasco,39
Florida,Polk,2956
Florida,Putnam,71
Florida,Santa Rosa,12
Florida,Sarasota,55
Florida,St Lucie,45
Florida,Sumter,117
Florida,Suwannee,38
Florida,Taylor,75
Florida,Walton,4
Florida,Washington,2
Georgia,Baldwin,5
Georgia,Banks,14
Georgia,Barrow,30
Georgia,Bartow,205
Georgia,Berrien,3
Georgia,Bibb,19
Georgia,Brantley,11
Georgia,Carroll,19
Georgia,Catoosa,12
Georgia,Cherokee,27
Georgia,Clarke,29
Georgia,Clayton,25
Georgia,Cobb,85
Georgia,Columbia,29
Georgia,Cook,4
Georgia,Coweta,26
Georgia,Crawford,25
Georgia,De Kalb,143
Georgia,Decatur,482
Georgia,Dougherty,2
Georgia,Douglas,66
Georgia,Echols,4
Georgia,Effingham,9
Georgia,Elbert,119
Georgia,Evans,4
Georgia,Fannin,8
Georgia,Fayette,57
Georgia,Floyd,49
Georgia,Forsyth,54
Georgia,Franklin,1
Georgia,Fulton,181
Georgia,Gilmer,61
Georgia,Glascock,89
Georgia,Gordon,35
Georgia,Greene,10
Georgia,Gwinnett,127
Georgia,Habersham,16
Georgia,Hall,52
Georgia,Hancock,12
Georgia,Harris,19
Georgia,Hart,106
Georgia,Henry,40
Georgia,Houston,122
Georgia,Jackson,7
Georgia,Jasper,34
Georgia,Jefferson,219
Georgia,Jones,108
Georgia,Lee,14
Georgia,Long,4
Georgia,Lumpkin,5
Georgia,Macon,45
Georgia,Madison,39
Georgia,Marion,55
Georgia,McIntosh,4
Georgia,Monroe,74
Georgia,Montgomery,6
Georgia,Murray,29
Georgia,Muscogee,71
Georgia,Newton,36
Georgia,Oconee,3
Georgia,Oglethorpe,216
Georgia,Paulding,24
Georgia,Pickens,235
Georgia,Polk,30
Georgia,Rabun,16
Georgia,Richmond,161
Georgia,Rockdale,6
Georgia,Spalding,16
Georgia,Stephens,12
Georgia,Sumter,137
Georgia,Talbot,40
Georgia,Taylor,18
Georgia,Thomas,319
Georgia,Towns,7
Georgia,Troup,22
Georgia,Twiggs,841
Georgia,Union,29
Georgia,Walker,26
Georgia,Walton,1
Georgia,Warren,121
Georgia,Washington,1266
Georgia,White,0
Georgia,Whitfield,94
Georgia,Wilkes,26
Georgia,Wilkinson,1257
Hawaii,Hawaii,58
Hawaii,Honolulu,297
Hawaii,Kauai,42
Hawaii,Maui,39
Idaho,Ada,95
Idaho,Adams,20
Idaho,Bannock,84
Idaho,Bear Lake,3
Idaho,Benewah,48
Idaho,Bingham,162
Idaho,Blaine,17
Idaho,Boise,2
Idaho,Bonner,21
Idaho,Bonneville,33
Idaho,Boundary,8
Idaho,Butte,41
Idaho,Camas,21
Idaho,Canyon,37
Idaho,Caribou,382
Idaho,Cassia,29
Idaho,Clark,4
Idaho,Clearwater,1
Idaho,Custer,392
Idaho,Elmore,27
Idaho,Franklin,16
Idaho,Fremont,12
Idaho,Gem,13
Idaho,Idaho,83
Idaho,Jefferson,2
Idaho,Kootenai,12
Idaho,Latah,2
Idaho,Lemhi,7
Idaho,Lewis,0
Idaho,Lincoln,4
Idaho,Madison,4
Idaho,Minidoka,18
Idaho,Nez Perce,68
Idaho,Oneida,54
Idaho,Owyhee,136
Idaho,Payette,3
Idaho,Power,10
Idaho,Shoshone,1300
Idaho,Twin Falls,26
Idaho,Valley,230
Idaho,Washington,4
Illinois,Adams,168
Illinois,Alexander,65
Illinois,Bond,15
Illinois,Boone,22
Illinois,Brown,82
Illinois,Bureau,19
Illinois,Calhoun,6
Illinois,Carroll,12
Illinois,Cass,1
Illinois,Champaign,28
Illinois,Christian,626
Illinois,Clark,25
Illinois,Clinton,632
Illinois,Coles,51
Illinois,Cook,532
Illinois,Crawford,12
Illinois,Cumberland,14
Illinois,De Kalb,23
Illinois,Douglas,149
Illinois,Du Page,126
Illinois,Fayette,18
Illinois,Ford,7
Illinois,Franklin,1558
Illinois,Fulton,84
Illinois,Gallatin,425
Illinois,Greene,19
Illinois,Grundy,17
Illinois,Hamilton,0
Illinois,Hancock,29
Illinois,Hardin,237
Illinois,Henderson,15
Illinois,Henry,11
Illinois,Iroquois,7
Illinois,Jackson,302
Illinois,Jefferson,822
Illinois,Jersey,5
Illinois,Jo Daviess,19
Illinois,Johnson,37
Illinois,Kane,127
Illinois,Kankakee,52
Illinois,Kendall,21
Illinois,La Salle,524
Illinois,Lake,57
Illinois,Lawrence,10
Illinois,Lee,159
Illinois,Livingston,65
Illinois,Logan,269
Illinois,Macon,14
Illinois,Macoupin,684
Illinois,Madison,69
Illinois,Marshall,23
Illinois,Mason,8
Illinois,Massac,97
Illinois,McDonough,116
Illinois,McHenry,124
Illinois,McLean,39
Illinois,Menard,12
Illinois,Mercer,3
Illinois,Monroe,31
Illinois,Montgomery,50
Illinois,Ogle,77
Illinois,Peoria,21
Illinois,Perry,1459
Illinois,Piatt,4
Illinois,Pike,43
Illinois,Pulaski,175
Illinois,Putnam,10
Illinois,Randolph,824
Illinois,Rock Island,54
Illinois,Saline,1276
Illinois,Sangamon,19
Illinois,Schuyler,0
Illinois,Scott,4
Illinois,Shelby,8
Illinois,St Clair,506
Illinois,Stephenson,17
Illinois,Tazewell,13
Illinois,Union,38
Illinois,Vermilion,37
Illinois,Wabash,804
Illinois,Warren,21
Illinois,Washington,247
Illinois,White,252
Illinois,Whiteside,10
Illinois,Will,199
Illinois,Williamson,239
Illinois,Winnebago,69
Illinois,Woodford,30
Indiana,Adams,28
Indiana,Allen,89
Indiana,Bartholomew,39
Indiana,Blackford,6
Indiana,Boone,5
Indiana,Carroll,29
Indiana,Cass,94
Indiana,Clark,287
Indiana,Clay,376
Indiana,Crawford,116
Indiana,Daviess,567
Indiana,De Kalb,33
Indiana,Dearborn,8
Indiana,Decatur,17
Indiana,Delaware,21
Indiana,Dubois,93
Indiana,Elkhart,44
Indiana,Fayette,4
Indiana,Floyd,4
Indiana,Fountain,12
Indiana,Franklin,24
Indiana,Fulton,5
Indiana,Gibson,71
Indiana,Grant,45
Indiana,Greene,480
Indiana,Hamilton,124
Indiana,Hancock,10
Indiana,Harrison,38
Indiana,Hendricks,10
Indiana,Henry,6
Indiana,Howard,24
Indiana,Huntington,33
Indiana,Jackson,7
Indiana,Jasper,25
Indiana,Jay,24
Indiana,Jennings,25
Indiana,Johnson,6
Indiana,Knox,101
Indiana,Kosciusko,18
Indiana,La Grange,3
Indiana,La Porte,10
Indiana,Lake,147
Indiana,Lawrence,227
Indiana,Madison,15
Indiana,Marion,123
Indiana,Marshall,10
Indiana,Martin,125
Indiana,Miami,20
Indiana,Monroe,148
Indiana,Montgomery,17
Indiana,Morgan,52
Indiana,Newton,16
Indiana,Noble,9
Indiana,Orange,18
Indiana,Owen,30
Indiana,Parke,0
Indiana,Perry,5
Indiana,Pike,607
Indiana,Porter,6
Indiana,Posey,3
Indiana,Pulaski,20
Indiana,Putnam,165
Indiana,Randolph,11
Indiana,Ripley,18
Indiana,Rush,8
Indiana,Scott,13
Indiana,Shelby,48
Indiana,Spencer,99
Indiana,St Joseph,24
Indiana,Starke,4
Indiana,Steuben,26
Indiana,Sullivan,219
Indiana,Switzerland,49
Indiana,Tippecanoe,29
Indiana,Union,5
Indiana,Vanderburgh,37
Indiana,Vermillion,284
Indiana,Vigo,71
Indiana,Wabash,9
Indiana,Warren,10
Indiana,Warrick,959
Indiana,Washington,16
Indiana,Wayne,34
Indiana,Wells,14
Indiana,White,7
Indiana,Whitley,5
Iowa,Adair,141
Iowa,Allamakee,1
Iowa,Appanoose,21
Iowa,Audubon,0
Iowa,Benton,9
Iowa,Black Hawk,54
Iowa,Boone,2
Iowa,Buena Vista,4
Iowa,Butler,5
Iowa,Carroll,5
Iowa,Cass,0
Iowa,Cedar,2
Iowa,Cerro Gordo,234
Iowa,Cherokee,6
Iowa,Chickasaw,4
Iowa,Clay,14
Iowa,Clinton,19
Iowa,Dallas,11
Iowa,Delaware,13
Iowa,Des Moines,112
Iowa,Dickinson,17
Iowa,Dubuque,35
Iowa,Emmet,17
Iowa,Fayette,37
Iowa,Floyd,20
Iowa,Franklin,4
Iowa,Greene,13
Iowa,Grundy,1
Iowa,Guthrie,13
Iowa,Hamilton,19
Iowa,Hancock,8
Iowa,Hardin,120
Iowa,Harrison,22
Iowa,Henry,4
Iowa,Howard,0
Iowa,Humboldt,5
Iowa,Iowa,3
Iowa,Jackson,31
Iowa,Jasper,29
Iowa,Johnson,46
Iowa,Jones,34
Iowa,Kossuth,9
Iowa,Lee,5
Iowa,Linn,79
Iowa,Louisa,14
Iowa,Lucas,24
Iowa,Lyon,10
Iowa,Madison,6
Iowa,Mahaska,4
Iowa,Marion,132
Iowa,Marshall,27
Iowa,Mitchell,53
Iowa,Monona,21
Iowa,Monroe,7
Iowa,Montgomery,21
Iowa,Muscatine,56
Iowa,O Brien,3
Iowa,Osceola,2
Iowa,Page,0
Iowa,Palo Alto,4
Iowa,Plymouth,30
Iowa,Pocahontas,21
Iowa,Polk,235
Iowa,Poweshiek,8
Iowa,Sac,43
Iowa,Scott,192
Iowa,Shelby,9
Iowa,Sioux,25
Iowa,Story,40
Iowa,Tama,4
Iowa,Van Buren,31
Iowa,Wapello,15
Iowa,Washington,2
Iowa,Webster,114
Iowa,Winneshiek,65
Iowa,Woodbury,5
Iowa,Worth,16
Iowa,Wright,6
Kansas,Allen,143
Kansas,Atchison,25
Kansas,Barber,23
Kansas,Barton,16
Kansas,Bourbon,16
Kansas,Butler,16
Kansas,Chase,6
Kansas,Chautauqua,9
Kansas,Cherokee,16
Kansas,Cheyenne,2
Kansas,Clay,3
Kansas,Cloud,11
Kansas,Cowley,74
Kansas,Crawford,182
Kansas,Decatur,0
Kansas,Dickinson,47
Kansas,Doniphan,3
Kansas,Douglas,10
Kansas,Edwards,4
Kansas,Elk,19
Kansas,Ellis,2
Kansas,Ellsworth,45
Kansas,Finney,15
Kansas,Ford,21
Kansas,Franklin,45
Kansas,Geary,6
Kansas,Graham,6
Kansas,Grant,8
Kansas,Gray,2
Kansas,Hamilton,4
Kansas,Harper,2
Kansas,Harvey,3
Kansas,Haskell,2
Kansas,Jefferson,54
Kansas,Jewell,0
Kansas,Johnson,175
Kansas,Kearny,5
Kansas,Kingman,2
Kansas,Kiowa,4
Kansas,Labette,7
Kansas,Leavenworth,15
Kansas,Lincoln,36
Kansas,Linn,31
Kansas,Logan,5
Kansas,Lyon,22
Kansas,Marion,24
Kansas,Marshall,37
Kansas,McPherson,19
Kansas,Montgomery,97
Kansas,Morris,3
Kansas,Neosho,123
Kansas,Osage,9
Kansas,Ottawa,3
Kansas,Pawnee,7
Kansas,Phillips,4
Kansas,Pottawatomie,10
Kansas,Pratt,11
Kansas,Reno,197
Kansas,Republic,5
Kansas,Rice,166
Kansas,Riley,15
Kansas,Rooks,0
Kansas,Saline,7
Kansas,Sedgwick,54
Kansas,Seward,2
Kansas,Shawnee,62
Kansas,Sherman,2
Kansas,Smith,1
Kansas,Sumner,3
Kansas,Trego,4
Kansas,Washington,9
Kansas,Wilson,119
Kansas,Woodson,3
Kansas,Wyandotte,168
Kentucky,Adair,13
Kentucky,Allen,5
Kentucky,Anderson,20
Kentucky,Barren,21
Kentucky,Bell,1123
Kentucky,Boone,45
Kentucky,Bourbon,10
Kentucky,Boyd,188
Kentucky,Boyle,21
Kentucky,Breathitt,680
Kentucky,Breckinridge,32
Kentucky,Bullitt,86
Kentucky,Butler,154
Kentucky,Caldwell,61
Kentucky,Calloway,2
Kentucky,Carlisle,28
Kentucky,Carroll,22
Kentucky,Carter,82
Kentucky,Casey,19
Kentucky,Christian,84
Kentucky,Clay,244
Kentucky,Clinton,17
Kentucky,Crittenden,20
Kentucky,Cumberland,1
Kentucky,Daviess,192
Kentucky,Edmonson,9
Kentucky,Elliott,46
Kentucky,Estill,155
Kentucky,Fayette,65
Kentucky,Fleming,16
Kentucky,Floyd,1768
Kentucky,Franklin,20
Kentucky,Gallatin,5
Kentucky,Garrard,11
Kentucky,Graves,62
Kentucky,Grayson,15
Kentucky,Green,9
Kentucky,Greenup,72
Kentucky,Hancock,1
Kentucky,Hardin,35
Kentucky,Harlan,3199
Kentucky,Harrison,5
Kentucky,Hart,20
Kentucky,Henderson,253
Kentucky,Henry,15
Kentucky,Hopkins,1352
Kentucky,Jackson,101
Kentucky,Jefferson,171
Kentucky,Jessamine,31
Kentucky,Johnson,392
Kentucky,Knott,1518
Kentucky,Knox,658
Kentucky,Laurel,207
Kentucky,Lawrence,99
Kentucky,Lee,61
Kentucky,Leslie,1448
Kentucky,Letcher,2252
Kentucky,Livingston,358
Kentucky,Logan,11
Kentucky,Madison,39
Kentucky,Magoffin,328
Kentucky,Marion,11
Kentucky,Martin,1707
Kentucky,Mason,204
Kentucky,McCreary,11
Kentucky,McLean,51
Kentucky,Meade,78
Kentucky,Menifee,12
Kentucky,Mercer,11
Kentucky,Metcalfe,12
Kentucky,Monroe,3
Kentucky,Montgomery,30
Kentucky,Morgan,14
Kentucky,Muhlenberg,891
Kentucky,Nelson,16
Kentucky,Nicholas,7
Kentucky,Ohio,277
Kentucky,Oldham,57
Kentucky,Owsley,70
Kentucky,Pendleton,207
Kentucky,Perry,2389
Kentucky,Pike,6177
Kentucky,Powell,31
Kentucky,Pulaski,116
Kentucky,Rockcastle,23
Kentucky,Scott,35
Kentucky,Simpson,9
Kentucky,Taylor,2
Kentucky,Todd,10
Kentucky,Trigg,11
Kentucky,Trimble,3
Kentucky,Union,1626
Kentucky,Warren,25
Kentucky,Washington,7
Kentucky,Wayne,15
Kentucky,Webster,948
Kentucky,Whitley,831
Kentucky,Wolfe,11
Louisiana,Allen,9
Louisiana,Ascension,224
Louisiana,Assumption,12
Louisiana,Beauregard,29
Louisiana,Bienville,2
Louisiana,Bossier,2
Louisiana,Caddo,9
Louisiana,Calcasieu,29
Louisiana,Cameron,0
Louisiana,Catahoula,9
Louisiana,De Soto,60
Louisiana,East Baton Rouge,31
Louisiana,East Feliciana,11
Louisiana,Evangeline,0
Louisiana,Grant,8
Louisiana,Iberia,509
Louisiana,Jefferson Davis,1
Louisiana,La Salle,28
Louisiana,Lafayette,26
Louisiana,Livingston,15
Louisiana,Morehouse,1
Louisiana,Natchitoches,0
Louisiana,Orleans,127
Louisiana,Ouachita,23
Louisiana,Pointe Coupee,53
Louisiana,Rapides,56
Louisiana,Red River,48
Louisiana,Sabine,4
Louisiana,St Bernard,13
Louisiana,St Helena,98
Louisiana,St James,394
Louisiana,St Martin,4
Louisiana,St Mary,164
Louisiana,St Tammany,76
Louisiana,Tangipahoa,44
Louisiana,Vermilion,6
Louisiana,Vernon,27
Louisiana,Washington,51
Louisiana,Webster,43
Louisiana,West Feliciana,12
Louisiana,Winn,13
Maine,Androscoggin,56
Maine,Aroostook,86
Maine,Cumberland,78
Maine,Franklin,10
Maine,Hancock,34
Maine,Kennebec,68
Maine,Knox,144
Maine,Lincoln,10
Maine,Oxford,15
Maine,Penobscot,44
Maine,Piscataquis,13
Maine,Sagadahoc,12
Maine,Somerset,35
Maine,Waldo,27
Maine,Washington,21
Maine,York,65
Maryland,Allegany,212
Maryland,Anne Arundel,98
Maryland,Baltimore,436
Maryland,Carroll,210
Maryland,Cecil,148
Maryland,Charles,124
Maryland,Dorchester,11
Maryland,Frederick,250
Maryland,Garrett,417
Maryland,Harford,122
Maryland,Howard,4
Maryland,Montgomery,172
Maryland,Prince Georges,169
Maryland,Queen Annes,23
Maryland,St Marys,35
Maryland,Washington,206
Maryland,Wicomico,14
Maryland,Worcester,16
Massachusetts,Barnstable,25
Massachusetts,Berkshire,279
Massachusetts,Bristol,110
Massachusetts,Dukes,12
Massachusetts,Essex,77
Massachusetts,Franklin,27
Massachusetts,Hampden,72
Massachusetts,Hampshire,28
Massachusetts,Middlesex,173
Massachusetts,Norfolk,124
Massachusetts,Plymouth,103
Massachusetts,Suffolk,8
Massachusetts,Worcester,168
Michigan,Allegan,29
Michigan,Alpena,283
Michigan,Antrim,7
Michigan,Arenac,13
Michigan,Baraga,9
Michigan,Barry,7
Michigan,Bay,35
Michigan,Benzie,1
Michigan,Berrien,49
Michigan,Branch,8
Michigan,Calhoun,51
Michigan,Cass,18
Michigan,Charlevoix,130
Michigan,Cheboygan,11
Michigan,Chippewa,27
Michigan,Clare,11
Michigan,Clinton,41
Michigan,Delta,20
Michigan,Dickinson,15
Michigan,Eaton,25
Michigan,Emmet,9
Michigan,Gladwin,0
Michigan,Gogebic,15
Michigan,Grand Traverse,15
Michigan,Gratiot,10
Michigan,Hillsdale,13
Michigan,Houghton,39
Michigan,Huron,25
Michigan,Ingham,22
Michigan,Ionia,14
Michigan,Iosco,100
Michigan,Iron,24
Michigan,Isabella,16
Michigan,Jackson,13
Michigan,Kalamazoo,27
Michigan,Kent,89
Michigan,Lake,7
Michigan,Lapeer,25
Michigan,Leelanau,10
Michigan,Lenawee,15
Michigan,Livingston,43
Michigan,Luce,8
Michigan,Mackinac,141
Michigan,Macomb,17
Michigan,Manistee,2
Michigan,Marquette,2344
Michigan,Mason,5
Michigan,Mecosta,4
Michigan,Menominee,7
Michigan,Midland,6
Michigan,Missaukee,3
Michigan,Monroe,220
Michigan,Montcalm,17
Michigan,Muskegon,26
Michigan,Newaygo,10
Michigan,Oakland,237
Michigan,Oceana,12
Michigan,Ogemaw,10
Michigan,Ontonagon,826
Michigan,Osceola,7
Michigan,Otsego,10
Michigan,Ottawa,88
Michigan,Presque Isle,386
Michigan,Roscommon,17
Michigan,Sanilac,15
Michigan,Schoolcraft,158
Michigan,Shiawassee,9
Michigan,St Clair,10
Michigan,St Joseph,9
Michigan,Tuscola,21
Michigan,Van Buren,2
Michigan,Washtenaw,31
Michigan,Wayne,328
Michigan,Wexford,22
Minnesota,Aitkin,0
Minnesota,Anoka,3
Minnesota,Becker,9
Minnesota,Beltrami,17
Minnesota,Benton,17
Minnesota,Big Stone,23
Minnesota,Blue Earth,61
Minnesota,Brown,2
Minnesota,Carlton,40
Minnesota,Carver,22
Minnesota,Cass,3
Minnesota,Chisago,22
Minnesota,Clay,48
Minnesota,Clearwater,1
Minnesota,Cook,5
Minnesota,Cottonwood,8
Minnesota,Crow Wing,24
Minnesota,Dakota,79
Minnesota,Dodge,6
Minnesota,Douglas,4
Minnesota,Faribault,0
Minnesota,Fillmore,13
Minnesota,Freeborn,2
Minnesota,Goodhue,47
Minnesota,Grant,2
Minnesota,Hennepin,48
Minnesota,Houston,49
Minnesota,Hubbard,5
Minnesota,Itasca,30
Minnesota,Kanabec,11
Minnesota,Kandiyohi,24
Minnesota,Kittson,4
Minnesota,Koochiching,11
Minnesota,Lac qui Parle,4
Minnesota,Lake,145
Minnesota,Le Sueur,77
Minnesota,Lyon,13
Minnesota,Mahnomen,2
Minnesota,Marshall,13
Minnesota,Martin,23
Minnesota,McLeod,20
Minnesota,Meeker,4
Minnesota,Mille Lacs,18
Minnesota,Morrison,22
Minnesota,Mower,13
Minnesota,Murray,15
Minnesota,Nicollet,16
Minnesota,Olmsted,73
Minnesota,Otter Tail,38
Minnesota,Pennington,3
Minnesota,Pine,9
Minnesota,Polk,27
Minnesota,Pope,8
Minnesota,Ramsey,5
Minnesota,Red Lake,2
Minnesota,Redwood,5
Minnesota,Renville,15
Minnesota,Rice,13
Minnesota,Rock,13
Minnesota,Roseau,3
Minnesota,Scott,57
Minnesota,Sherburne,41
Minnesota,Sibley,0
Minnesota,St Louis,5165
Minnesota,Stearns,126
Minnesota,Steele,5
Minnesota,Stevens,2
Minnesota,Todd,13
Minnesota,Wabasha,15
Minnesota,Wadena,6
Minnesota,Waseca,4
Minnesota,Washington,76
Minnesota,Watonwan,6
Minnesota,Wilkin,5
Minnesota,Winona,21
Minnesota,Wright,15
Minnesota,Yellow Medicine,27
Mississippi,Adams,37
Mississippi,Alcorn,5
Mississippi,Benton,6
Mississippi,Bolivar,6
Mississippi,Carroll,20
Mississippi,Clay,14
Mississippi,Copiah,88
Mississippi,De Soto,27
Mississippi,Forrest,50
Mississippi,Hancock,0
Mississippi,Harrison,17
Mississippi,Hinds,143
Mississippi,Holmes,29
Mississippi,Itawamba,17
Mississippi,Jackson,0
Mississippi,Jasper,4
Mississippi,Jones,9
Mississippi,Kemper,11
Mississippi,Lafayette,3
Mississippi,Lauderdale,2
Mississippi,Lincoln,8
Mississippi,Lowndes,145
Mississippi,Marion,7
Mississippi,Monroe,93
Mississippi,Noxubee,36
Mississippi,Panola,48
Mississippi,Pearl River,17
Mississippi,Perry,24
Mississippi,Pike,16
Mississippi,Rankin,1
Mississippi,Smith,2
Mississippi,Stone,17
Mississippi,Tate,4
Mississippi,Tippah,186
Mississippi,Tishomingo,29
Mississippi,Warren,19
Mississippi,Washington,6
Mississippi,Wayne,2
Mississippi,Winston,8
Mississippi,Yalobusha,10
Mississippi,Yazoo,19
Missouri,Adair,0
Missouri,Andrew,31
Missouri,Audrain,8
Missouri,Barry,17
Missouri,Barton,81
Missouri,Bates,115
Missouri,Benton,21
Missouri,Bollinger,11
Missouri,Boone,48
Missouri,Buchanan,15
Missouri,Butler,27
Missouri,Callaway,66
Missouri,Camden,31
Missouri,Cape Girardeau,188
Missouri,Cass,56
Missouri,Cedar,2
Missouri,Christian,33
Missouri,Clark,1
Missouri,Clay,76
Missouri,Clinton,17
Missouri,Cole,44
Missouri,Cooper,16
Missouri,Crawford,27
Missouri,Dade,5
Missouri,Dallas,3
Missouri,De Kalb,19
Missouri,Dent,8
Missouri,Douglas,24
Missouri,Franklin,32
Missouri,Gasconade,24
Missouri,Gentry,1
Missouri,Greene,137
Missouri,Grundy,1
Missouri,Harrison,0
Missouri,Henry,9
Missouri,Hickory,1
Missouri,Holt,20
Missouri,Howard,23
Missouri,Howell,23
Missouri,Iron,616
Missouri,Jackson,270
Missouri,Jasper,69
Missouri,Jefferson,322
Missouri,Johnson,17
Missouri,Knox,24
Missouri,Laclede,21
Missouri,Lafayette,11
Missouri,Lawrence,15
Missouri,Lewis,7
Missouri,Lincoln,40
Missouri,Livingston,64
Missouri,Macon,4
Missouri,Marion,8
Missouri,McDonald,16
Missouri,Mercer,9
Missouri,Miller,12
Missouri,Moniteau,0
Missouri,Monroe,8
Missouri,Montgomery,53
Missouri,Morgan,20
Missouri,Newton,34
Missouri,Nodaway,1
Missouri,Oregon,8
Missouri,Osage,3
Missouri,Ozark,2
Missouri,Pemiscot,7
Missouri,Perry,19
Missouri,Pettis,28
Missouri,Phelps,33
Missouri,Pike,177
Missouri,Platte,34
Missouri,Polk,12
Missouri,Pulaski,2
Missouri,Putnam,21
Missouri,Ralls,193
Missouri,Randolph,463
Missouri,Ray,25
Missouri,Reynolds,329
Missouri,Ripley,5
Missouri,Saline,33
Missouri,Scotland,17
Missouri,Scott,77
Missouri,Shannon,4
Missouri,Shelby,14
Missouri,St Charles,77
Missouri,St Francois,78
Missouri,St Louis,335
Missouri,St Louis City,2
Missouri,Ste. Genevieve,841
Missouri,Stoddard,125
Missouri,Stone,16
Missouri,Sullivan,11
Missouri,Taney,36
Missouri,Texas,21
Missouri,Vernon,33
Missouri,Warren,40
Missouri,Washington,262
Missouri,Wayne,51
Missouri,Webster,3
Missouri,Wright,12
Montana,Beaverhead,100
Montana,Big Horn,512
Montana,Broadwater,39
Montana,Carbon,15
Montana,Carter,0
Montana,Cascade,21
Montana,Chouteau,2
Montana,Custer,1
Montana,Dawson,5
Montana,Deer Lodge,10
Montana,Fallon,3
Montana,Fergus,153
Montana,Flathead,43
Montana,Gallatin,212
Montana,Granite,31
Montana,Hill,4
Montana,Jefferson,494
Montana,Judith Basin,8
Montana,Lake,22
Montana,Lewis and Clark,42
Montana,Liberty,1
Montana,Lincoln,417
Montana,Madison,176
Montana,Meagher,5
Montana,Missoula,35
Montana,Musselshell,9
Montana,Park,93
Montana,Phillips,72
Montana,Pondera,2
Montana,Powell,127
Montana,Ravalli,6
Montana,Richland,12
Montana,Rosebud,483
Montana,Sanders,8
Montana,Sheridan,10
Montana,Silver Bow,417
Montana,Stillwater,361
Montana,Teton,4
Montana,Toole,3
Montana,Valley,7
Montana,Yellowstone,57
Nebraska,Adams,1
Nebraska,Antelope,10
Nebraska,Blaine,2
Nebraska,Boyd,1
Nebraska,Brown,5
Nebraska,Buffalo,23
Nebraska,Butler,5
Nebraska,Cass,319
Nebraska,Cedar,10
Nebraska,Cherry,1
Nebraska,Cheyenne,6
Nebraska,Clay,11
Nebraska,Colfax,5
Nebraska,Cuming,10
Nebraska,Custer,6
Nebraska,Dawes,8
Nebraska,Dawson,34
Nebraska,Deuel,0
Nebraska,Dixon,2
Nebraska,Dodge,13
Nebraska,Douglas,30
Nebraska,Dundy,10
Nebraska,Franklin,9
Nebraska,Furnas,2
Nebraska,Gage,16
Nebraska,Garden,9
Nebraska,Garfield,3
Nebraska,Greeley,5
Nebraska,Hall,38
Nebraska,Hamilton,4
Nebraska,Harlan,0
Nebraska,Hayes,2
Nebraska,Hitchcock,8
Nebraska,Holt,28
Nebraska,Howard,10
Nebraska,Jefferson,12
Nebraska,Kearney,10
Nebraska,Keith,3
Nebraska,Kimball,0
Nebraska,Knox,10
Nebraska,Lancaster,2
Nebraska,Lincoln,32
Nebraska,Loup,4
Nebraska,Madison,12
Nebraska,Merrick,12
Nebraska,Morrill,3
Nebraska,Nance,6
Nebraska,Nemaha,1
Nebraska,Nuckolls,11
Nebraska,Phelps,3
Nebraska,Pierce,8
Nebraska,Platte,28
Nebraska,Polk,4
Nebraska,Red Willow,10
Nebraska,Saline,1
Nebraska,Sarpy,18
Nebraska,Saunders,40
Nebraska,Scotts Bluff,16
Nebraska,Seward,2
Nebraska,Stanton,8
Nebraska,Thayer,9
Nebraska,Thomas,3
Nebraska,Valley,5
Nebraska,Washington,28
Nebraska,Webster,6
Nebraska,York,6
Nevada,Carson City,6
Nevada,Churchill,65
Nevada,Clark,620
Nevada,Douglas,30
Nevada,Elko,1410
Nevada,Esmeralda,112
Nevada,Eureka,1854
Nevada,Humboldt,911
Nevada,Lander,1113
Nevada,Lincoln,29
Nevada,Lyon,215
Nevada,Mineral,503
Nevada,Nye,1555
Nevada,Pershing,571
Nevada,Storey,124
Nevada,Washoe,290
Nevada,White Pine,938
New Hampshire,Belknap,35
New Hampshire,Carroll,44
New Hampshire,Cheshire,51
New Hampshire,Coos,23
New Hampshire,Grafton,42
New Hampshire,Hillsborough,98
New Hampshire,Merrimack,135
New Hampshire,Rockingham,61
New Hampshire,Strafford,40
New Hampshire,Sullivan,12
New Jersey,Atlantic,43
New Jersey,Burlington,27
New Jersey,Camden,83
New Jersey,Cape May,42
New Jersey,Cumberland,214
New Jersey,Essex,0
New Jersey,Gloucester,15
New Jersey,Hunterdon,102
New Jersey,Mercer,62
New Jersey,Middlesex,64
New Jersey,Monmouth,14
New Jersey,Morris,242
New Jersey,Ocean,103
New Jersey,Passaic,119
New Jersey,Salem,2
New Jersey,Somerset,270
New Jersey,Sussex,287
New Jersey,Union,4
New Jersey,Warren,73
New Mexico,Bernalillo,254
New Mexico,Catron,0
New Mexico,Chaves,37
New Mexico,Cibola,252
New Mexico,Colfax,118
New Mexico,Curry,5
New Mexico,De Baca,9
New Mexico,Dona Ana,126
New Mexico,Eddy,1546
New Mexico,Grant,1428
New Mexico,Guadalupe,0
New Mexico,Hidalgo,11
New Mexico,Lea,305
New Mexico,Lincoln,36
New Mexico,Luna,18
New Mexico,McKinley,585
New Mexico,Mora,4
New Mexico,Otero,28
New Mexico,Quay,4
New Mexico,Rio Arriba,35
New Mexico,Roosevelt,6
New Mexico,San Juan,749
New Mexico,San Miguel,13
New Mexico,Sandoval,58
New Mexico,Santa Fe,74
New Mexico,Sierra,85
New Mexico,Socorro,72
New Mexico,Taos,245
New Mexico,Torrance,44
New Mexico,Union,11
New Mexico,Valencia,13
New York,Albany,325
New York,Allegany,32
New York,Broome,55
New York,Cattaraugus,101
New York,Cayuga,15
New York,Chautauqua,31
New York,Chemung,61
New York,Chenango,66
New York,Clinton,58
New York,Columbia,35
New York,Cortland,30
New York,Delaware,58
New York,Dutchess,244
New York,Erie,159
New York,Essex,216
New York,Franklin,46
New York,Fulton,20
New York,Genesee,159
New York,Greene,279
New York,Hamilton,31
New York,Herkimer,53
New York,Jefferson,161
New York,Lewis,64
New York,Livingston,310
New York,Madison,58
New York,Monroe,72
New York,Montgomery,62
New York,Nassau,6
New York,Niagara,106
New York,Oneida,74
New York,Onondaga,176
New York,Ontario,90
New York,Orange,94
New York,Orleans,42
New York,Oswego,59
New York,Otsego,22
New York,Putnam,24
New York,Rensselaer,50
New York,Rockland,216
New York,Saratoga,67
New York,Schenectady,34
New York,Schoharie,24
New York,Schuyler,13
New York,Seneca,15
New York,St Lawrence,368
New York,Steuben,111
New York,Suffolk,96
New York,Sullivan,74
New York,Tioga,92
New York,Tompkins,187
New York,Ulster,106
New York,Warren,193
New York,Washington,91
New York,Wayne,58
New York,Westchester,10
New York,Wyoming,21
New York,Yates,23
North Carolina,Alamance,36
North Carolina,Anson,114
North Carolina,Ashe,12
North Carolina,Avery,13
North Carolina,Beaufort,427
North Carolina,Bertie,9
North Carolina,Bladen,3
North Carolina,Brunswick,8
North Carolina,Buncombe,109
North Carolina,Burke,17
North Carolina,Cabarrus,64
North Carolina,Caldwell,35
North Carolina,Caswell,25
North Carolina,Catawba,26
North Carolina,Chatham,7
North Carolina,Cherokee,32
North Carolina,Clay,5
North Carolina,Cleveland,208
North Carolina,Columbus,1
North Carolina,Craven,49
North Carolina,Cumberland,27
North Carolina,Dare,9
North Carolina,Davidson,47
North Carolina,Davie,26
North Carolina,Duplin,13
North Carolina,Durham,42
North Carolina,Edgecombe,53
North Carolina,Forsyth,120
North Carolina,Franklin,11
North Carolina,Gaston,112
North Carolina,Granville,28
North Carolina,Guilford,110
North Carolina,Halifax,5
North Carolina,Harnett,137
North Carolina,Haywood,28
North Carolina,Henderson,26
North Carolina,Hertford,2
North Carolina,Hoke,6
North Carolina,Iredell,24
North Carolina,Jackson,28
North Carolina,Johnston,74
North Carolina,Jones,0
North Carolina,Lee,60
North Carolina,Lenoir,28
North Carolina,Lincoln,36
North Carolina,Macon,55
North Carolina,McDowell,68
North Carolina,Mecklenburg,103
North Carolina,Mitchell,352
North Carolina,Montgomery,19
North Carolina,Moore,45
North Carolina,Nash,2
North Carolina,New Hanover,42
North Carolina,Northampton,10
North Carolina,Onslow,18
North Carolina,Orange,42
North Carolina,Pender,48
North Carolina,Pitt,48
North Carolina,Polk,2
North Carolina,Randolph,23
North Carolina,Richmond,72
North Carolina,Rockingham,39
North Carolina,Rowan,158
North Carolina,Rutherford,28
North Carolina,Sampson,5
North Carolina,Stanly,45
North Carolina,Stokes,10
North Carolina,Surry,136
North Carolina,Swain,19
North Carolina,Transylvania,20
North Carolina,Union,31
North Carolina,Vance,28
North Carolina,Wake,192
North Carolina,Washington,2
North Carolina,Watauga,14
North Carolina,Wayne,28
North Carolina,Wilkes,23
North Carolina,Wilson,26
North Carolina,Yadkin,0
North Carolina,Yancey,62
North Dakota,Adams,4
North Dakota,Barnes,6
North Dakota,Benson,3
North Dakota,Bottineau,1
North Dakota,Bowman,67
North Dakota,Burke,3
North Dakota,Burleigh,15
North Dakota,Dickey,0
North Dakota,Dunn,2
North Dakota,Eddy,15
North Dakota,Grand Forks,23
North Dakota,Grant,0
North Dakota,La Moure,3
North Dakota,McHenry,2
North Dakota,McIntosh,2
North Dakota,McLean,250
North Dakota,Mercer,508
North Dakota,Morton,13
North Dakota,Mountrail,1
North Dakota,Oliver,141
North Dakota,Pembina,2
North Dakota,Ransom,7
North Dakota,Renville,4
North Dakota,Richland,22
North Dakota,Rolette,3
North Dakota,Sargent,2
North Dakota,Sheridan,3
North Dakota,Stark,71
North Dakota,Stutsman,23
North Dakota,Towner,0
North Dakota,Traill,10
North Dakota,Walsh,7
North Dakota,Ward,55
North Dakota,Wells,14
North Dakota,Williams,12
Ohio,Adams,51
Ohio,Allen,30
Ohio,Ashland,8
Ohio,Ashtabula,14
Ohio,Athens,31
Ohio,Auglaize,27
Ohio,Belmont,1014
Ohio,Brown,3
Ohio,Butler,138
Ohio,Carroll,128
Ohio,Champaign,20
Ohio,Clark,35
Ohio,Clermont,21
Ohio,Clinton,16
Ohio,Columbiana,292
Ohio,Coshocton,189
Ohio,Crawford,43
Ohio,Cuyahoga,210
Ohio,Darke,12
Ohio,Delaware,72
Ohio,Erie,91
Ohio,Fairfield,3
Ohio,Fayette,7
Ohio,Franklin,216
Ohio,Gallia,30
Ohio,Geauga,77
Ohio,Greene,225
Ohio,Guernsey,152
Ohio,Hamilton,151
Ohio,Hancock,52
Ohio,Hardin,7
Ohio,Harrison,423
Ohio,Henry,6
Ohio,Highland,33
Ohio,Hocking,48
Ohio,Holmes,136
Ohio,Huron,11
Ohio,Jackson,161
Ohio,Jefferson,329
Ohio,Knox,71
Ohio,Lake,208
Ohio,Lawrence,126
Ohio,Licking,52
Ohio,Logan,50
Ohio,Lorain,67
Ohio,Lucas,77
Ohio,Mahoning,52
Ohio,Marion,53
Ohio,Medina,40
Ohio,Meigs,1124
Ohio,Mercer,13
Ohio,Miami,65
Ohio,Monroe,338
Ohio,Montgomery,103
Ohio,Morgan,657
Ohio,Morrow,6
Ohio,Muskingum,492
Ohio,Noble,100
Ohio,Ottawa,181
Ohio,Paulding,143
Ohio,Perry,415
Ohio,Pickaway,22
Ohio,Pike,29
Ohio,Portage,105
Ohio,Preble,26
Ohio,Putnam,7
Ohio,Richland,22
Ohio,Ross,46
Ohio,Sandusky,358
Ohio,Scioto,62
Ohio,Seneca,73
Ohio,Shelby,34
Ohio,Stark,138
Ohio,Summit,26
Ohio,Trumbull,18
Ohio,Tuscarawas,472
Ohio,Union,20
Ohio,Van Wert,20
Ohio,Vinton,599
Ohio,Warren,36
Ohio,Washington,32
Ohio,Wayne,70
Ohio,Williams,11
Ohio,Wood,40
Ohio,Wyandot,157
Oklahoma,Adair,14
Oklahoma,Atoka,61
Oklahoma,Beaver,13
Oklahoma,Beckham,3
Oklahoma,Blaine,121
Oklahoma,Bryan,29
Oklahoma,Caddo,50
Oklahoma,Canadian,11
Oklahoma,Carter,30
Oklahoma,Cherokee,15
Oklahoma,Choctaw,63
Oklahoma,Cimarron,1
Oklahoma,Cleveland,31
Oklahoma,Coal,20
Oklahoma,Comanche,97
Oklahoma,Cotton,17
Oklahoma,Craig,148
Oklahoma,Creek,40
Oklahoma,Custer,6
Oklahoma,Dewey,0
Oklahoma,Ellis,7
Oklahoma,Garfield,12
Oklahoma,Garvin,2
Oklahoma,Grady,4
Oklahoma,Greer,20
Oklahoma,Harper,9
Oklahoma,Haskell,128
Oklahoma,Hughes,6
Oklahoma,Jackson,31
Oklahoma,Jefferson,8
Oklahoma,Johnston,157
Oklahoma,Kay,22
Oklahoma,Kingfisher,14
Oklahoma,Kiowa,68
Oklahoma,Latimer,51
Oklahoma,Le Flore,71
Oklahoma,Lincoln,1
Oklahoma,Logan,24
Oklahoma,Love,12
Oklahoma,Major,14
Oklahoma,Marshall,10
Oklahoma,Mayes,131
Oklahoma,McClain,1
Oklahoma,McCurtain,35
Oklahoma,McIntosh,16
Oklahoma,Murray,110
Oklahoma,Muskogee,93
Oklahoma,Noble,9
Oklahoma,Nowata,8
Oklahoma,Okfuskee,0
Oklahoma,Oklahoma,40
Oklahoma,Okmulgee,55
Oklahoma,Osage,9
Oklahoma,Ottawa,40
Oklahoma,Pawnee,39
Oklahoma,Payne,10
Oklahoma,Pittsburg,37
Oklahoma,Pontotoc,124
Oklahoma,Pottawatomie,19
Oklahoma,Pushmataha,13
Oklahoma,Rogers,234
Oklahoma,Seminole,64
Oklahoma,Sequoyah,72
Oklahoma,Stephens,0
Oklahoma,Texas,2
Oklahoma,Tillman,2
Oklahoma,Tulsa,108
Oklahoma,Wagoner,15
Oklahoma,Washington,21
Oklahoma,Washita,17
Oklahoma,Woods,2
Oklahoma,Woodward,22
Oregon,Baker,112
Oregon,Benton,25
Oregon,Clackamas,72
Oregon,Clatsop,6
Oregon,Columbia,36
Oregon,Coos,52
Oregon,Crook,12
Oregon,Curry,21
Oregon,Deschutes,57
Oregon,Douglas,90
Oregon,Grant,0
Oregon,Harney,20
Oregon,Hood River,3
Oregon,Jackson,75
Oregon,Josephine,29
Oregon,Klamath,28
Oregon,Lake,36
Oregon,Lane,125
Oregon,Lincoln,36
Oregon,Linn,28
Oregon,Malheur,44
Oregon,Marion,94
Oregon,Morrow,6
Oregon,Multnomah,167
Oregon,Polk,32
Oregon,Sherman,3
Oregon,Tillamook,20
Oregon,Umatilla,50
Oregon,Union,9
Oregon,Wallowa,2
Oregon,Wasco,16
Oregon,Washington,147
Oregon,Yamhill,57
Pennsylvania,Adams,287
Pennsylvania,Allegheny,363
Pennsylvania,Armstrong,1371
Pennsylvania,Beaver,41
Pennsylvania,Bedford,48
Pennsylvania,Berks,385
Pennsylvania,Blair,96
Pennsylvania,Bradford,50
Pennsylvania,Bucks,309
Pennsylvania,Butler,686
Pennsylvania,Cambria,2005
Pennsylvania,Cameron,4
Pennsylvania,Carbon,49
Pennsylvania,Centre,655
Pennsylvania,Chester,266
Pennsylvania,Clarion,364
Pennsylvania,Clearfield,1477
Pennsylvania,Clinton,57
Pennsylvania,Columbia,73
Pennsylvania,Crawford,43
Pennsylvania,Cumberland,117
Pennsylvania,Dauphin,102
Pennsylvania,Delaware,76
Pennsylvania,Elk,64
Pennsylvania,Erie,64
Pennsylvania,Fayette,387
Pennsylvania,Forest,4
Pennsylvania,Franklin,51
Pennsylvania,Fulton,67
Pennsylvania,Greene,2362
Pennsylvania,Huntingdon,117
Pennsylvania,Indiana,2270
Pennsylvania,Jefferson,498
Pennsylvania,Juniata,11
Pennsylvania,Lackawanna,57
Pennsylvania,Lancaster,290
Pennsylvania,Lawrence,553
Pennsylvania,Lebanon,214
Pennsylvania,Lehigh,248
Pennsylvania,Luzerne,504
Pennsylvania,Lycoming,116
Pennsylvania,McKean,17
Pennsylvania,Mercer,239
Pennsylvania,Mifflin,22
Pennsylvania,Monroe,106
Pennsylvania,Montgomery,256
Pennsylvania,Montour,15
Pennsylvania,Northampton,822
Pennsylvania,Northumberland,308
Pennsylvania,Perry,10
Pennsylvania,Pike,17
Pennsylvania,Potter,6
Pennsylvania,Schuylkill,1329
Pennsylvania,Snyder,25
Pennsylvania,Somerset,910
Pennsylvania,Sullivan,49
Pennsylvania,Susquehanna,64
Pennsylvania,Tioga,58
Pennsylvania,Union,26
Pennsylvania,Venango,85
Pennsylvania,Warren,29
Pennsylvania,Washington,1511
Pennsylvania,Wayne,45
Pennsylvania,Westmoreland,301
Pennsylvania,Wyoming,45
Pennsylvania,York,413
Puerto Rico,72002,31
Puerto Rico,72004,407
Puerto Rico,72006,102
Puerto Rico,72008,31
Puerto Rico,72010,495
Puerto Rico,72012,68
Puerto Rico,Adjuntas,101
Puerto Rico,Aguada,35
Puerto Rico,Aguadilla,236
Puerto Rico,Aguas Buenas,90
Puerto Rico,Aibonito,113
Puerto Rico,Anasco,18
Rhode Island,Kent,55
Rhode Island,Newport,8
Rhode Island,Providence,97
Rhode Island,Washington,17
South Carolina,Abbeville,2
South Carolina,Aiken,283
South Carolina,Anderson,29
South Carolina,Bamberg,1
South Carolina,Berkeley,49
South Carolina,Calhoun,9
South Carolina,Charleston,7
South Carolina,Cherokee,56
South Carolina,Chesterfield,139
South Carolina,Clarendon,15
South Carolina,Colleton,2
South Carolina,Dorchester,363
South Carolina,Edgefield,0
South Carolina,Fairfield,114
South Carolina,Florence,14
South Carolina,Georgetown,22
South Carolina,Greenville,48
South Carolina,Greenwood,22
South Carolina,Horry,37
South Carolina,Jasper,14
South Carolina,Kershaw,60
South Carolina,Lancaster,52
South Carolina,Laurens,128
South Carolina,Lee,1
South Carolina,Lexington,148
South Carolina,Marion,8
South Carolina,Marlboro,48
South Carolina,McCormick,0
South Carolina,Oconee,93
South Carolina,Orangeburg,170
South Carolina,Pickens,46
South Carolina,Richland,95
South Carolina,Spartanburg,114
South Carolina,Sumter,69
South Carolina,Union,11
South Carolina,York,32
South Dakota,Beadle,4
South Dakota,Brookings,22
South Dakota,Brown,6
South Dakota,Brule,9
South Dakota,Butte,74
South Dakota,Campbell,2
South Dakota,Charles Mix,10
South Dakota,Clark,8
South Dakota,Codington,18
South Dakota,Custer,54
South Dakota,Davison,16
South Dakota,Day,9
South Dakota,Dewey,29
South Dakota,Douglas,6
South Dakota,Fall River,5
South Dakota,Grant,166
South Dakota,Haakon,2
South Dakota,Hanson,11
South Dakota,Hughes,3
South Dakota,Hutchinson,4
South Dakota,Kingsbury,2
South Dakota,Lake,9
South Dakota,Lawrence,1433
South Dakota,Lyman,3
South Dakota,Marshall,9
South Dakota,Meade,2
South Dakota,Mellette,13
South Dakota,Minnehaha,116
South Dakota,Moody,2
South Dakota,Pennington,305
South Dakota,Perkins,2
South Dakota,Potter,2
South Dakota,Roberts,12
South Dakota,Spink,2
South Dakota,Sully,7
South Dakota,Tripp,9
South Dakota,Turner,10
South Dakota,Union,8
South Dakota,Walworth,2
South Dakota,Yankton,10
Tennessee,Anderson,516
Tennessee,Bedford,24
Tennessee,Benton,77
Tennessee,Bledsoe,58
Tennessee,Blount,107
Tennessee,Bradley,23
Tennessee,Campbell,472
Tennessee,Cannon,11
Tennessee,Carroll,9
Tennessee,Carter,28
Tennessee,Claiborne,495
Tennessee,Clay,10
Tennessee,Cocke,18
Tennessee,Coffee,15
Tennessee,Cumberland,143
Tennessee,Davidson,164
Tennessee,De Kalb,15
Tennessee,Decatur,62
Tennessee,Dickson,21
Tennessee,Fentress,42
Tennessee,Franklin,62
Tennessee,Gibson,7
Tennessee,Giles,17
Tennessee,Grainger,7
Tennessee,Greene,30
Tennessee,Grundy,43
Tennessee,Hamblen,14
Tennessee,Hamilton,199
Tennessee,Hancock,9
Tennessee,Hardeman,85
Tennessee,Hardin,24
Tennessee,Hawkins,32
Tennessee,Henry,192
Tennessee,Hickman,7
Tennessee,Humphreys,31
Tennessee,Jefferson,484
Tennessee,Johnson,19
Tennessee,Knox,386
Tennessee,Lauderdale,0
Tennessee,Lawrence,7
Tennessee,Lincoln,17
Tennessee,Loudon,9
Tennessee,Madison,19
Tennessee,Marion,117
Tennessee,Marshall,16
Tennessee,Maury,106
Tennessee,McMinn,23
Tennessee,McNairy,13
Tennessee,Meigs,12
Tennessee,Monroe,18
Tennessee,Montgomery,23
Tennessee,Moore,13
Tennessee,Morgan,85
Tennessee,Obion,7
Tennessee,Overton,26
Tennessee,Perry,6
Tennessee,Pickett,11
Tennessee,Polk,14
Tennessee,Putnam,38
Tennessee,Rhea,50
Tennessee,Roane,18
Tennessee,Robertson,33
Tennessee,Rutherford,44
Tennessee,Scott,103
Tennessee,Sequatchie,302
Tennessee,Sevier,34
Tennessee,Shelby,59
Tennessee,Smith,261
Tennessee,Sullivan,62
Tennessee,Sumner,29
Tennessee,Tipton,25
Tennessee,Unicoi,17
Tennessee,Union,112
Tennessee,Van Buren,6
Tennessee,Warren,20
Tennessee,Washington,18
Tennessee,Wayne,3
Tennessee,Weakley,141
Tennessee,White,21
Tennessee,Williamson,47
Tennessee,Wilson,41
Texas,Anderson,0
Texas,Andrews,24
Texas,Atascosa,167
Texas,Austin,3
Texas,Bandera,5
Texas,Bastrop,11
Texas,Bee,0
Texas,Bell,104
Texas,Bexar,626
Texas,Borden,6
Texas,Bosque,80
Texas,Bowie,17
Texas,Brazoria,39
Texas,Brazos,11
Texas,Brewster,15
Texas,Brown,27
Texas,Burleson,11
Texas,Burnet,217
Texas,Calhoun,567
Texas,Callahan,0
Texas,Cameron,27
Texas,Cass,14
Texas,Castro,2
Texas,Chambers,3
Texas,Cherokee,16
Texas,Coke,11
Texas,Coleman,40
Texas,Collin,5
Texas,Colorado,224
Texas,Comal,540
Texas,Comanche,4
Texas,Cooke,13
Texas,Crosby,25
Texas,Culberson,40
Texas,Dallas,155
Texas,De Witt,11
Texas,Deaf Smith,6
Texas,Denton,7
Texas,Duval,49
Texas,Eastland,31
Texas,Ector,66
Texas,Edwards,10
Texas,El Paso,90
Texas,Ellis,401
Texas,Fannin,11
Texas,Fayette,91
Texas,Fort Bend,76
Texas,Freestone,419
Texas,Gaines,0
Texas,Galveston,35
Texas,Garza,5
Texas,Gillespie,64
Texas,Gonzales,88
Texas,Grayson,24
Texas,Gregg,6
Texas,Grimes,147
Texas,Guadalupe,16
Texas,Hale,12
Texas,Hansford,12
Texas,Hardeman,20
Texas,Hardin,21
Texas,Harris,179
Texas,Harrison,183
Texas,Haskell,0
Texas,Hays,191
Texas,Henderson,35
Texas,Hidalgo,160
Texas,Hill,51
Texas,Hockley,0
Texas,Hood,7
Texas,Hopkins,150
Texas,Houston,1
Texas,Howard,24
Texas,Hudspeth,81
Texas,Hutchinson,37
Texas,Jack,20
Texas,Jasper,12
Texas,Jefferson,9
Texas,Jim Wells,14
Texas,Johnson,90
Texas,Jones,7
Texas,Karnes,66
Texas,Kaufman,36
Texas,Kent,5
Texas,Kerr,7
Texas,Kimble,7
Texas,Kleberg,50
Texas,Lamar,0
Texas,Lampasas,43
Texas,Leon,369
Texas,Liberty,36
Texas,Limestone,178
Texas,Lipscomb,6
Texas,Live Oak,26
Texas,Llano,20
Texas,Lubbock,19
Texas,Lynn,0
Texas,Madison,6
Texas,Maverick,25
Texas,McCulloch,89
Texas,McLennan,117
Texas,McMullen,76
Texas,Medina,24
Texas,Midland,19
Texas,Milam,174
Texas,Montague,6
Texas,Montgomery,64
Texas,Morris,6
Texas,Motley,13
Texas,Nacogdoches,3
Texas,Navarro,77
Texas,Newton,10
Texas,Nolan,143
Texas,Nueces,91
Texas,Oldham,59
Texas,Orange,17
Texas,Palo Pinto,14
Texas,Panola,1113
Texas,Parker,82
Texas,Pecos,9
Texas,Potter,75
Texas,Reeves,22
Texas,Robertson,25
Texas,Runnels,5
Texas,Rusk,3
Texas,San Patricio,688
Texas,San Saba,41
Texas,Scurry,6
Texas,Shackelford,19
Texas,Shelby,0
Texas,Smith,20
Texas,Somervell,21
Texas,Starr,30
Texas,Stephens,1
Texas,Stonewall,10
Texas,Swisher,11
Texas,Tarrant,46
Texas,Taylor,77
Texas,Throckmorton,3
Texas,Titus,673
Texas,Tom Green,67
Texas,Travis,209
Texas,Trinity,16
Texas,Upshur,3
Texas,Uvalde,103
Texas,Val Verde,7
Texas,Van Zandt,183
Texas,Victoria,113
Texas,Walker,29
Texas,Waller,1
Texas,Ward,19
Texas,Washington,3
Texas,Webb,127
Texas,Williamson,306
Texas,Wilson,1
Texas,Wise,300
Texas,Wood,4
Texas,Young,22
Utah,Beaver,0
Utah,Box Elder,21
Utah,Cache,10
Utah,Carbon,1121
Utah,Daggett,0
Utah,Davis,25
Utah,Duchesne,10
Utah,Emery,939
Utah,Garfield,14
Utah,Grand,59
Utah,Iron,69
Utah,Juab,105
Utah,Kane,14
Utah,Millard,119
Utah,Morgan,113
Utah,Salt Lake,1490
Utah,San Juan,237
Utah,Sanpete,13
Utah,Sevier,334
Utah,Summit,38
Utah,Tooele,275
Utah,Uintah,224
Utah,Utah,92
Utah,Wasatch,15
Utah,Washington,106
Utah,Wayne,4
Utah,Weber,15
Vermont,Addison,88
Vermont,Bennington,24
Vermont,Caledonia,40
Vermont,Chittenden,55
Vermont,Essex,4
Vermont,Franklin,33
Vermont,Grand Isle,0
Vermont,Lamoille,58
Vermont,Orange,14
Vermont,Orleans,50
Vermont,Rutland,349
Vermont,Washington,185
Vermont,Windham,10
Vermont,Windsor,126
Virgin Islands of the U.S.,78001,536
Virginia,Albemarle,37
Virginia,Amherst,9
Virginia,Appomattox,14
Virginia,Augusta,84
Virginia,Bedford,51
Virginia,Bland,8
Virginia,Botetourt,339
Virginia,Brunswick,44
Virginia,Buchanan,5052
Virginia,Buckingham,249
Virginia,Campbell,60
Virginia,Caroline,38
Virginia,Carroll,4
Virginia,Charles City,42
Virginia,Chesapeake City,26
Virginia,Chesterfield,126
Virginia,Clarke,11
Virginia,Craig,7
Virginia,Culpeper,50
Virginia,Danville City,1
Virginia,Dickenson,1617
Virginia,Dinwiddie,53
Virginia,Essex,12
Virginia,Fairfax,67
Virginia,Fauquier,43
Virginia,Franklin,11
Virginia,Frederick,208
Virginia,Giles,276
Virginia,Gloucester,1
Virginia,Goochland,77
Virginia,Grayson,22
Virginia,Greene,15
Virginia,Greensville,63
Virginia,Halifax,29
Virginia,Hanover,93
Virginia,Henrico,133
Virginia,Henry,53
Virginia,Highland,0
Virginia,Isle of Wight,4
Virginia,James City,5
Virginia,King and Queen,2
Virginia,King George,38
Virginia,King William,6
Virginia,Lee,728
Virginia,Loudoun,190
Virginia,Louisa,43
Virginia,Montgomery,38
Virginia,Nelson,39
Virginia,New Kent,12
Virginia,Norfolk City,2
Virginia,Nottoway,14
Virginia,Orange,4
Virginia,Pittsylvania,36
Virginia,Powhatan,18
Virginia,Prince Edward,19
Virginia,Prince George,28
Virginia,Prince William,76
Virginia,Pulaski,38
Virginia,Roanoke,63
Virginia,Roanoke City,2
Virginia,Rockbridge,37
Virginia,Rockingham,68
Virginia,Russell,360
Virginia,Scott,10
Virginia,Shenandoah,96
Virginia,Smyth,82
Virginia,Southampton,15
Virginia,Spotsylvania,61
Virginia,Stafford,45
Virginia,Suffolk City,0
Virginia,Sussex,2
Virginia,Tazewell,686
Virginia,Virginia Beach City,8
Virginia,Warren,91
Virginia,Washington,22
Virginia,Westmoreland,1
Virginia,Wise,3053
Virginia,Wythe,95
Washington,Adams,0
Washington,Asotin,17
Washington,Benton,34
Washington,Chelan,186
Washington,Clallam,76
Washington,Clark,79
Washington,Columbia,4
Washington,Cowlitz,49
Washington,Douglas,6
Washington,Ferry,199
Washington,Franklin,3
Washington,Garfield,4
Washington,Grant,105
Washington,Grays Harbor,46
Washington,Island,22
Washington,Jefferson,25
Washington,King,449
Washington,Kitsap,38
Washington,Kittitas,46
Washington,Klickitat,22
Washington,Lewis,767
Washington,Lincoln,11
Washington,Mason,20
Washington,Okanogan,49
Washington,Pacific,32
Washington,Pend Oreille,121
Washington,Pierce,153
Washington,San Juan,31
Washington,Skagit,66
Washington,Skamania,22
Washington,Snohomish,187
Washington,Spokane,105
Washington,Stevens,107
Washington,Thurston,72
Washington,Wahkiakum,1
Washington,Walla Walla,10
Washington,Whatcom,70
Washington,Whitman,0
Washington,Yakima,33
West Virginia,Barbour,410
West Virginia,Berkeley,196
West Virginia,Boone,3967
West Virginia,Braxton,474
West Virginia,Brooke,348
West Virginia,Cabell,4
West Virginia,Clay,174
West Virginia,Fayette,802
West Virginia,Gilmer,11
West Virginia,Grant,966
West Virginia,Greenbrier,437
West Virginia,Hampshire,10
West Virginia,Hancock,31
West Virginia,Harrison,683
West Virginia,Jefferson,81
West Virginia,Kanawha,1057
West Virginia,Lewis,69
West Virginia,Lincoln,11
West Virginia,Logan,3143
West Virginia,Marion,1173
West Virginia,Marshall,1051
West Virginia,Mason,66
West Virginia,McDowell,1926
West Virginia,Mercer,31
West Virginia,Mineral,138
West Virginia,Mingo,2445
West Virginia,Monongalia,2738
West Virginia,Morgan,113
West Virginia,Nicholas,1664
West Virginia,Ohio,31
West Virginia,Pendleton,46
West Virginia,Pocahontas,15
West Virginia,Preston,836
West Virginia,Putnam,10
West Virginia,Raleigh,2107
West Virginia,Randolph,506
West Virginia,Summers,0
West Virginia,Taylor,19
West Virginia,Tucker,29
West Virginia,Upshur,350
West Virginia,Wayne,135
West Virginia,Webster,452
West Virginia,Wetzel,11
West Virginia,Wyoming,2050
Wisconsin,Adams,2
Wisconsin,Ashland,5
Wisconsin,Barron,9
Wisconsin,Bayfield,9
Wisconsin,Brown,87
Wisconsin,Buffalo,5
Wisconsin,Burnett,5
Wisconsin,Calumet,28
Wisconsin,Chippewa,29
Wisconsin,Clark,24
Wisconsin,Columbia,46
Wisconsin,Crawford,8
Wisconsin,Dane,65
Wisconsin,Dodge,58
Wisconsin,Door,32
Wisconsin,Douglas,47
Wisconsin,Dunn,15
Wisconsin,Eau Claire,9
Wisconsin,Fond du Lac,126
Wisconsin,Forest,4
Wisconsin,Grant,17
Wisconsin,Green,11
Wisconsin,Green Lake,75
Wisconsin,Iowa,16
Wisconsin,Iron,4
Wisconsin,Jackson,57
Wisconsin,Jefferson,6
Wisconsin,Juneau,59
Wisconsin,Kenosha,12
Wisconsin,Kewaunee,9
Wisconsin,La Crosse,8
Wisconsin,Lafayette,4
Wisconsin,Langlade,22
Wisconsin,Lincoln,14
Wisconsin,Manitowoc,140
Wisconsin,Marathon,117
Wisconsin,Marinette,101
Wisconsin,Milwaukee,39
Wisconsin,Monroe,18
Wisconsin,Oconto,18
Wisconsin,Oneida,9
Wisconsin,Outagamie,49
Wisconsin,Ozaukee,15
Wisconsin,Pepin,3
Wisconsin,Pierce,30
Wisconsin,Polk,49
Wisconsin,Portage,19
Wisconsin,Price,5
Wisconsin,Racine,38
Wisconsin,Richland,6
Wisconsin,Rock,48
Wisconsin,Rusk,12
Wisconsin,Sauk,86
Wisconsin,Sawyer,8
Wisconsin,Shawano,25
Wisconsin,Sheboygan,19
Wisconsin,St Croix,7
Wisconsin,Taylor,21
Wisconsin,Trempealeau,6
Wisconsin,Vilas,6
Wisconsin,Walworth,46
Wisconsin,Washburn,3
Wisconsin,Washington,27
Wisconsin,Waukesha,200
Wisconsin,Waupaca,27
Wisconsin,Waushara,5
Wisconsin,Winnebago,9
Wisconsin,Wood,0
Wyoming,Albany,99
Wyoming,Big Horn,196
Wyoming,Campbell,2397
Wyoming,Carbon,409
Wyoming,Converse,256
Wyoming,Crook,156
Wyoming,Fremont,52
Wyoming,Goshen,34
Wyoming,Hot Springs,14
Wyoming,Johnson,88
Wyoming,Laramie,71
Wyoming,Lincoln,444
Wyoming,Natrona,60
Wyoming,Niobrara,6
Wyoming,Park,31
Wyoming,Platte,39
Wyoming,Sheridan,55
Wyoming,Sublette,2
Wyoming,Sweetwater,3298
Wyoming,Teton,20
Wyoming,Uinta,11
Wyoming,Washakie,15
Wyoming,Weston,61
