State,County,Number of Employees
Alabama,Autauga,15
Alabama,Baldwin,7
Alabama,Barbour,88
Alabama,Bibb,1
Alabama,Blount,46
Alabama,Calhoun,48
Alabama,Chilton,39
Alabama,Clarke,21
Alabama,Cleburne,5
Alabama,Coffee,0
Alabama,Colbert,90
Alabama,Conecuh,27
Alabama,Coosa,18
Alabama,Covington,2
Alabama,Crenshaw,3
Alabama,Cullman,42
Alabama,Dale,5
Alabama,Dallas,43
Alabama,De Kalb,16
Alabama,Elmore,31
Alabama,Escambia,73
Alabama,Etowah,22
Alabama,Fayette,287
Alabama,Franklin,55
Alabama,Geneva,5
Alabama,Greene,11
Alabama,Hale,4
Alabama,Houston,5
Alabama,Jackson,18
Alabama,Jefferson,2408
Alabama,Lawrence,10
Alabama,Lee,39
Alabama,Lowndes,38
Alabama,Macon,73
Alabama,Madison,67
Alabama,Marengo,80
Alabama,Marion,67
Alabama,Marshall,53
Alabama,Mobile,157
Alabama,Monroe,15
Alabama,Montgomery,86
Alabama,Morgan,59
Alabama,Pickens,10
Alabama,Russell,24
Alabama,Shelby,704
Alabama,St Clair,180
Alabama,Sumter,75
Alabama,Talladega,419
Alabama,Tuscaloosa,1935
Alabama,Walker,1236
Alabama,Washington,6
Alabama,Winston,41
Alaska,Anchorage,73
Alaska,Bethel,9
Alaska,Fairbanks North Star,179
Alaska,Juneau,99
Alaska,Kenai Peninsula,6
Alaska,Ketchikan Gateway,8
Alaska,Matanuska-Susitna,162
Alaska,Nome,53
Alaska,Northwest Arctic,190
Alaska,Sitka,8
Alaska,Southeast Fairbanks,2
Alaska,Valdez-Cordova,5
Alaska,Yukon-Koyukuk,214
Arizona,Apache,27
Arizona,Cochise,259
Arizona,Coconino,81
Arizona,Gila,1247
Arizona,Graham,17
Arizona,Greenlee,2429
Arizona,La Paz,10
Arizona,Maricopa,689
Arizona,Mohave,198
Arizona,Navajo,867
Arizona,Pima,1994
Arizona,Pinal,3283
Arizona,Santa Cruz,11
Arizona,Yavapai,760
Arizona,Yuma,63
Arkansas,Ashley,2
Arkansas,Baxter,32
Arkansas,Benton,95
Arkansas,Boone,17
Arkansas,Bradley,6
Arkansas,Calhoun,28
Arkansas,Carroll,16
Arkansas,Clark,11
Arkansas,Cleburne,14
Arkansas,Craighead,20
Arkansas,Crawford,40
Arkansas,Crittenden,42
Arkansas,Cross,3
Arkansas,Desha,26
Arkansas,Faulkner,31
Arkansas,Franklin,12
Arkansas,Garland,153
Arkansas,Grant,12
Arkansas,Greene,26
Arkansas,Hempstead,8
Arkansas,Hot Spring,56
Arkansas,Howard,52
Arkansas,Independence,149
Arkansas,Izard,77
Arkansas,Jackson,5
Arkansas,Jefferson,10
Arkansas,Johnson,11
Arkansas,Lawrence,53
Arkansas,Lincoln,13
Arkansas,Little River,253
Arkansas,Logan,62
Arkansas,Marion,14
Arkansas,Miller,1
Arkansas,Montgomery,51
Arkansas,Nevada,5
Arkansas,Ouachita,42
Arkansas,Perry,13
Arkansas,Pike,45
Arkansas,Poinsett,23
Arkansas,Polk,50
Arkansas,Pope,32
Arkansas,Pulaski,434
Arkansas,Saline,653
Arkansas,Scott,0
Arkansas,Sebastian,100
Arkansas,Sevier,15
Arkansas,Sharp,1
Arkansas,St Francis,7
Arkansas,Stone,4
Arkansas,Union,6
Arkansas,Van Buren,9
Arkansas,Washington,30
Arkansas,White,26
California,Alameda,227
California,Amador,127
California,Butte,43
California,Calaveras,29
California,Colusa,5
California,Contra Costa,133
California,Del Norte,21
California,El Dorado,37
California,Fresno,107
California,Glenn,31
California,Humboldt,54
California,Imperial,648
California,Inyo,125
California,Kern,1318
California,Lake,373
California,Lassen,122
California,Los Angeles,438
California,Madera,42
California,Marin,37
California,Mariposa,43
California,Mendocino,63
California,Merced,20
California,Modoc,18
California,Mono,36
California,Monterey,145
California,Napa,64
California,Nevada,83
California,Orange,138
California,Placer,65
California,Plumas,32
California,Riverside,450
California,Sacramento,167
California,San Benito,106
California,San Bernardino,1638
California,San Diego,406
California,San Francisco,3
California,San Joaquin,125
California,San Luis Obispo,43
California,San Mateo,43
California,Santa Barbara,457
California,Santa Clara,167
California,Santa Cruz,169
California,Shasta,245
California,Sierra,110
California,Siskiyou,56
California,Solano,32
California,Sonoma,142
California,Stanislaus,35
California,Sutter,21
California,Tehama,26
California,Trinity,11
California,Tulare,62
California,Tuolumne,55
California,Ventura,157
California,Yolo,45
California,Yuba,102
Colorado,Adams,140
Colorado,Alamosa,34
Colorado,Arapahoe,33
Colorado,Archuleta,19
Colorado,Baca,7
Colorado,Boulder,167
Colorado,Chaffee,32
Colorado,Cheyenne,0
Colorado,Clear Creek,462
Colorado,Conejos,22
Colorado,Costilla,115
Colorado,Delta,78
Colorado,Denver,7
Colorado,Dolores,8
Colorado,Douglas,33
Colorado,Eagle,22
Colorado,El Paso,82
Colorado,Fremont,264
Colorado,Garfield,48
Colorado,Grand,17
Colorado,Gunnison,355
Colorado,Hinsdale,15
Colorado,Huerfano,6
Colorado,Jackson,4
Colorado,Jefferson,166
Colorado,Kit Carson,5
Colorado,La Plata,84
Colorado,Lake,163
Colorado,Larimer,319
Colorado,Las Animas,251
Colorado,Lincoln,2
Colorado,Logan,5
Colorado,Mesa,116
Colorado,Moffat,556
Colorado,Montezuma,37
Colorado,Montrose,44
Colorado,Morgan,22
Colorado,Otero,14
Colorado,Ouray,27
Colorado,Park,13
Colorado,Phillips,10
Colorado,Pitkin,0
Colorado,Prowers,51
Colorado,Pueblo,55
Colorado,Rio Blanco,141
Colorado,Rio Grande,6
Colorado,Routt,409
Colorado,Saguache,2
Colorado,San Miguel,11
Colorado,Summit,25
Colorado,Teller,212
Colorado,Weld,143
Connecticut,Fairfield,36
Connecticut,Hartford,159
Connecticut,Litchfield,183
Connecticut,Middlesex,16
Connecticut,New Haven,213
Connecticut,New London,30
Connecticut,Tolland,60
Connecticut,Windham,54
Delaware,Kent,26
Delaware,New Castle,54
Delaware,Sussex,12
Florida,Alachua,30
Florida,Brevard,20
Florida,Broward,53
Florida,Calhoun,2
Florida,Charlotte,56
Florida,Citrus,87
Florida,Clay,299
Florida,Collier,86
Florida,Columbia,26
Florida,Dade,900
Florida,De Soto,5
Florida,Dixie,4
Florida,Escambia,38
Florida,Gadsden,164
Florida,Glades,39
Florida,Hamilton,321
Florida,Hardee,99
Florida,Hendry,3
Florida,Hernando,592
Florida,Hillsborough,1095
Florida,Indian River,5
Florida,Jackson,37
Florida,Jefferson,3
Florida,Lafayette,31
Florida,Lake,79
Florida,Lee,153
Florida,Leon,12
Florida,Levy,48
Florida,Manatee,23
Florida,Marion,225
Florida,Martin,5
Florida,Monroe,34
Florida,Okaloosa,2
Florida,Okeechobee,14
Florida,Orange,14
Florida,Palm Beach,75
Florida,Pasco,48
Florida,Polk,1578
Florida,Putnam,62
Florida,Santa Rosa,31
Florida,Sarasota,37
Florida,Seminole,3
Florida,St Lucie,33
Florida,Sumter,58
Florida,Suwannee,22
Florida,Taylor,107
Florida,Volusia,0
Florida,Walton,16
Florida,Washington,13
Georgia,Baldwin,6
Georgia,Banks,13
Georgia,Barrow,26
Georgia,Bartow,126
Georgia,Berrien,4
Georgia,Bibb,26
Georgia,Carroll,20
Georgia,Catoosa,17
Georgia,Chatham,43
Georgia,Cherokee,26
Georgia,Clarke,23
Georgia,Clay,40
Georgia,Clayton,24
Georgia,Cobb,63
Georgia,Columbia,30
Georgia,Cook,5
Georgia,Coweta,14
Georgia,Crawford,33
Georgia,Dawson,5
Georgia,De Kalb,107
Georgia,Decatur,394
Georgia,Dougherty,7
Georgia,Douglas,52
Georgia,Echols,5
Georgia,Effingham,16
Georgia,Elbert,110
Georgia,Evans,2
Georgia,Fayette,54
Georgia,Floyd,48
Georgia,Forsyth,79
Georgia,Fulton,181
Georgia,Gilmer,56
Georgia,Glascock,126
Georgia,Gordon,0
Georgia,Grady,3
Georgia,Greene,11
Georgia,Gwinnett,108
Georgia,Habersham,15
Georgia,Hall,58
Georgia,Hancock,18
Georgia,Harris,18
Georgia,Hart,112
Georgia,Heard,6
Georgia,Henry,34
Georgia,Houston,125
Georgia,Jackson,9
Georgia,Jasper,30
Georgia,Jefferson,259
Georgia,Jones,102
Georgia,Lee,17
Georgia,Long,4
Georgia,Lumpkin,7
Georgia,Macon,33
Georgia,Madison,25
Georgia,Marion,44
Georgia,McIntosh,5
Georgia,Monroe,69
Georgia,Montgomery,7
Georgia,Murray,33
Georgia,Muscogee,42
Georgia,Newton,22
Georgia,Oglethorpe,226
Georgia,Pickens,193
Georgia,Polk,18
Georgia,Rabun,14
Georgia,Richmond,100
Georgia,Rockdale,7
Georgia,Spalding,21
Georgia,Stephens,11
Georgia,Sumter,138
Georgia,Talbot,43
Georgia,Taylor,23
Georgia,Thomas,295
Georgia,Towns,9
Georgia,Troup,12
Georgia,Twiggs,654
Georgia,Union,23
Georgia,Walker,30
Georgia,Warren,116
Georgia,Washington,1039
Georgia,Whitfield,95
Georgia,Wilkes,17
Georgia,Wilkinson,959
Hawaii,Hawaii,74
Hawaii,Honolulu,305
Hawaii,Kauai,38
Hawaii,Maui,49
Idaho,Ada,136
Idaho,Adams,2
Idaho,Bannock,91
Idaho,Bear Lake,8
Idaho,Benewah,72
Idaho,Bingham,26
Idaho,Blaine,18
Idaho,Bonner,14
Idaho,Bonneville,70
Idaho,Boundary,5
Idaho,Butte,8
Idaho,Canyon,47
Idaho,Caribou,383
Idaho,Cassia,133
Idaho,Clark,3
Idaho,Custer,337
Idaho,Elmore,9
Idaho,Franklin,15
Idaho,Fremont,1
Idaho,Gem,19
Idaho,Idaho,47
Idaho,Jefferson,2
Idaho,Kootenai,40
Idaho,Latah,6
Idaho,Lemhi,160
Idaho,Lewis,3
Idaho,Lincoln,7
Idaho,Madison,12
Idaho,Minidoka,13
Idaho,Nez Perce,123
Idaho,Oneida,59
Idaho,Owyhee,109
Idaho,Power,5
Idaho,Shoshone,377
Idaho,Twin Falls,28
Idaho,Valley,113
Idaho,Washington,5
Illinois,Adams,198
Illinois,Alexander,53
Illinois,Bond,10
Illinois,Boone,22
Illinois,Brown,37
Illinois,Bureau,13
Illinois,Carroll,15
Illinois,Champaign,20
Illinois,Christian,58
Illinois,Clark,29
Illinois,Clinton,378
Illinois,Coles,29
Illinois,Cook,526
Illinois,Crawford,8
Illinois,Cumberland,13
Illinois,De Kalb,31
Illinois,Douglas,12
Illinois,Du Page,26
Illinois,Fayette,14
Illinois,Ford,6
Illinois,Franklin,490
Illinois,Fulton,76
Illinois,Gallatin,208
Illinois,Greene,18
Illinois,Grundy,17
Illinois,Hancock,32
Illinois,Hardin,312
Illinois,Henderson,10
Illinois,Henry,14
Illinois,Jackson,20
Illinois,Jefferson,700
Illinois,Jersey,14
Illinois,Jo Daviess,32
Illinois,Johnson,44
Illinois,Kane,135
Illinois,Kankakee,66
Illinois,Kendall,26
Illinois,La Salle,497
Illinois,Lake,58
Illinois,Lawrence,17
Illinois,Lee,185
Illinois,Livingston,77
Illinois,Logan,223
Illinois,Macon,9
Illinois,Macoupin,502
Illinois,Madison,77
Illinois,Marshall,20
Illinois,Mason,8
Illinois,Massac,89
Illinois,McDonough,80
Illinois,McHenry,148
Illinois,McLean,60
Illinois,Menard,14
Illinois,Monroe,11
Illinois,Montgomery,165
Illinois,Ogle,83
Illinois,Peoria,29
Illinois,Perry,806
Illinois,Piatt,3
Illinois,Pike,36
Illinois,Pulaski,165
Illinois,Putnam,13
Illinois,Randolph,350
Illinois,Rock Island,63
Illinois,Saline,834
Illinois,Sangamon,21
Illinois,Scott,9
Illinois,Shelby,12
Illinois,St Clair,190
Illinois,Stephenson,11
Illinois,Tazewell,27
Illinois,Union,42
Illinois,Vermilion,42
Illinois,Wabash,630
Illinois,Warren,23
Illinois,Washington,296
Illinois,White,231
Illinois,Whiteside,11
Illinois,Will,215
Illinois,Williamson,156
Illinois,Winnebago,86
Illinois,Woodford,36
Indiana,Adams,22
Indiana,Allen,96
Indiana,Bartholomew,23
Indiana,Blackford,5
Indiana,Boone,7
Indiana,Carroll,24
Indiana,Cass,119
Indiana,Clark,311
Indiana,Clay,227
Indiana,Crawford,130
Indiana,Daviess,353
Indiana,De Kalb,27
Indiana,Dearborn,9
Indiana,Decatur,26
Indiana,Delaware,22
Indiana,Dubois,66
Indiana,Elkhart,35
Indiana,Fayette,5
Indiana,Floyd,7
Indiana,Franklin,14
Indiana,Fulton,4
Indiana,Gibson,76
Indiana,Grant,49
Indiana,Greene,507
Indiana,Hamilton,131
Indiana,Hancock,9
Indiana,Harrison,44
Indiana,Hendricks,13
Indiana,Henry,8
Indiana,Howard,29
Indiana,Huntington,23
Indiana,Jackson,5
Indiana,Jasper,21
Indiana,Jay,23
Indiana,Jennings,21
Indiana,Johnson,14
Indiana,Knox,294
Indiana,Kosciusko,22
Indiana,La Grange,5
Indiana,La Porte,7
Indiana,Lake,155
Indiana,Lawrence,212
Indiana,Madison,32
Indiana,Marion,127
Indiana,Marshall,12
Indiana,Martin,88
Indiana,Miami,28
Indiana,Monroe,154
Indiana,Montgomery,7
Indiana,Morgan,51
Indiana,Newton,21
Indiana,Noble,13
Indiana,Orange,19
Indiana,Owen,62
Indiana,Perry,0
Indiana,Pike,267
Indiana,Porter,9
Indiana,Posey,5
Indiana,Pulaski,28
Indiana,Putnam,151
Indiana,Randolph,16
Indiana,Ripley,21
Indiana,Rush,8
Indiana,Scott,15
Indiana,Shelby,38
Indiana,Spencer,76
Indiana,St Joseph,17
Indiana,Starke,3
Indiana,Steuben,22
Indiana,Sullivan,109
Indiana,Switzerland,50
Indiana,Tippecanoe,33
Indiana,Vanderburgh,26
Indiana,Vermillion,15
Indiana,Vigo,20
Indiana,Wabash,6
Indiana,Warren,16
Indiana,Warrick,559
Indiana,Washington,10
Indiana,Wayne,39
Indiana,Wells,10
Indiana,White,9
Indiana,Whitley,5
Iowa,Adair,200
Iowa,Appanoose,33
Iowa,Benton,9
Iowa,Black Hawk,109
Iowa,Buena Vista,5
Iowa,Butler,4
Iowa,Carroll,8
Iowa,Cedar,3
Iowa,Cerro Gordo,241
Iowa,Cherokee,8
Iowa,Chickasaw,4
Iowa,Clay,14
Iowa,Clayton,4
Iowa,Clinton,57
Iowa,Dallas,5
Iowa,Delaware,14
Iowa,Des Moines,116
Iowa,Dickinson,11
Iowa,Dubuque,48
Iowa,Emmet,29
Iowa,Fayette,38
Iowa,Floyd,30
Iowa,Franklin,6
Iowa,Greene,15
Iowa,Guthrie,13
Iowa,Hamilton,17
Iowa,Hancock,7
Iowa,Hardin,115
Iowa,Harrison,13
Iowa,Henry,7
Iowa,Humboldt,11
Iowa,Iowa,3
Iowa,Jackson,8
Iowa,Jasper,19
Iowa,Johnson,52
Iowa,Jones,36
Iowa,Kossuth,7
Iowa,Lee,5
Iowa,Linn,43
Iowa,Louisa,18
Iowa,Lyon,5
Iowa,Mahaska,2
Iowa,Marion,54
Iowa,Marshall,22
Iowa,Mitchell,40
Iowa,Muscatine,98
Iowa,O Brien,3
Iowa,Osceola,2
Iowa,Palo Alto,6
Iowa,Plymouth,1
Iowa,Pocahontas,11
Iowa,Polk,202
Iowa,Poweshiek,10
Iowa,Sac,31
Iowa,Scott,182
Iowa,Sioux,23
Iowa,Story,55
Iowa,Tama,4
Iowa,Van Buren,35
Iowa,Wapello,15
Iowa,Washington,4
Iowa,Webster,115
Iowa,Winneshiek,39
Iowa,Woodbury,8
Iowa,Worth,11
Iowa,Wright,6
Kansas,Allen,143
Kansas,Atchison,24
Kansas,Barber,22
Kansas,Barton,13
Kansas,Bourbon,9
Kansas,Butler,28
Kansas,Chase,15
Kansas,Chautauqua,5
Kansas,Cherokee,1
Kansas,Cheyenne,2
Kansas,Clay,2
Kansas,Cloud,10
Kansas,Cowley,62
Kansas,Crawford,136
Kansas,Dickinson,69
Kansas,Doniphan,4
Kansas,Douglas,44
Kansas,Edwards,9
Kansas,Elk,35
Kansas,Ellis,14
Kansas,Ellsworth,60
Kansas,Finney,18
Kansas,Ford,25
Kansas,Franklin,31
Kansas,Geary,6
Kansas,Graham,7
Kansas,Gray,3
Kansas,Hamilton,11
Kansas,Harper,3
Kansas,Harvey,3
Kansas,Jefferson,38
Kansas,Jewell,13
Kansas,Johnson,157
Kansas,Kearny,6
Kansas,Kiowa,3
Kansas,Labette,7
Kansas,Lincoln,39
Kansas,Linn,22
Kansas,Lyon,15
Kansas,Marion,22
Kansas,Marshall,34
Kansas,McPherson,26
Kansas,Miami,11
Kansas,Montgomery,114
Kansas,Neosho,135
Kansas,Osage,11
Kansas,Pawnee,3
Kansas,Phillips,11
Kansas,Pratt,5
Kansas,Reno,111
Kansas,Republic,4
Kansas,Rice,45
Kansas,Riley,32
Kansas,Russell,1
Kansas,Saline,7
Kansas,Sedgwick,56
Kansas,Seward,8
Kansas,Shawnee,65
Kansas,Sherman,6
Kansas,Smith,3
Kansas,Sumner,3
Kansas,Thomas,4
Kansas,Trego,6
Kansas,Wabaunsee,4
Kansas,Washington,7
Kansas,Wilson,116
Kansas,Woodson,5
Kansas,Wyandotte,88
Kentucky,Adair,21
Kentucky,Allen,9
Kentucky,Anderson,24
Kentucky,Barren,28
Kentucky,Bell,951
Kentucky,Boone,43
Kentucky,Bourbon,12
Kentucky,Boyd,111
Kentucky,Boyle,13
Kentucky,Breathitt,249
Kentucky,Breckinridge,32
Kentucky,Bullitt,99
Kentucky,Butler,20
Kentucky,Caldwell,68
Kentucky,Calloway,4
Kentucky,Carlisle,17
Kentucky,Carroll,32
Kentucky,Carter,58
Kentucky,Casey,25
Kentucky,Christian,11
Kentucky,Clay,107
Kentucky,Clinton,19
Kentucky,Crittenden,22
Kentucky,Daviess,114
Kentucky,Estill,44
Kentucky,Fayette,38
Kentucky,Fleming,19
Kentucky,Floyd,1103
Kentucky,Franklin,20
Kentucky,Gallatin,5
Kentucky,Garrard,16
Kentucky,Graves,47
Kentucky,Grayson,12
Kentucky,Green,13
Kentucky,Greenup,7
Kentucky,Hancock,2
Kentucky,Hardin,84
Kentucky,Harlan,1894
Kentucky,Harrison,1
Kentucky,Hart,32
Kentucky,Henderson,254
Kentucky,Henry,28
Kentucky,Hopkins,895
Kentucky,Jackson,54
Kentucky,Jefferson,188
Kentucky,Jessamine,27
Kentucky,Johnson,232
Kentucky,Knott,1553
Kentucky,Knox,300
Kentucky,Laurel,66
Kentucky,Lawrence,41
Kentucky,Lee,11
Kentucky,Leslie,1113
Kentucky,Letcher,1388
Kentucky,Livingston,415
Kentucky,Logan,35
Kentucky,Madison,41
Kentucky,Magoffin,142
Kentucky,Marion,12
Kentucky,Martin,1403
Kentucky,Mason,211
Kentucky,McCreary,5
Kentucky,McLean,39
Kentucky,Meade,90
Kentucky,Menifee,10
Kentucky,Mercer,12
Kentucky,Metcalfe,7
Kentucky,Monroe,1
Kentucky,Montgomery,13
Kentucky,Morgan,18
Kentucky,Muhlenberg,303
Kentucky,Nelson,20
Kentucky,Ohio,330
Kentucky,Oldham,42
Kentucky,Owsley,18
Kentucky,Pendleton,301
Kentucky,Perry,1823
Kentucky,Pike,5173
Kentucky,Powell,31
Kentucky,Pulaski,87
Kentucky,Rockcastle,14
Kentucky,Scott,27
Kentucky,Simpson,10
Kentucky,Taylor,6
Kentucky,Todd,9
Kentucky,Trigg,12
Kentucky,Trimble,5
Kentucky,Union,1043
Kentucky,Warren,62
Kentucky,Washington,9
Kentucky,Wayne,16
Kentucky,Webster,1119
Kentucky,Whitley,348
Kentucky,Wolfe,14
Louisiana,Allen,11
Louisiana,Ascension,213
Louisiana,Assumption,25
Louisiana,Beauregard,18
Louisiana,Bienville,4
Louisiana,Caddo,1
Louisiana,Calcasieu,47
Louisiana,Catahoula,14
Louisiana,De Soto,99
Louisiana,East Baton Rouge,54
Louisiana,East Feliciana,43
Louisiana,Evangeline,4
Louisiana,Grant,6
Louisiana,Iberia,475
Louisiana,Jefferson,4
Louisiana,Jefferson Davis,5
Louisiana,La Salle,6
Louisiana,Lafayette,17
Louisiana,Livingston,35
Louisiana,Orleans,70
Louisiana,Ouachita,22
Louisiana,Pointe Coupee,53
Louisiana,Rapides,37
Louisiana,Red River,28
Louisiana,St Bernard,9
Louisiana,St Helena,107
Louisiana,St James,411
Louisiana,St Landry,0
Louisiana,St Martin,1
Louisiana,St Mary,179
Louisiana,St Tammany,68
Louisiana,Tangipahoa,43
Louisiana,Terrebonne,8
Louisiana,Vermilion,6
Louisiana,Vernon,16
Louisiana,Washington,57
Louisiana,Webster,22
Louisiana,West Feliciana,11
Louisiana,Winn,9
Maine,Androscoggin,34
Maine,Aroostook,52
Maine,Cumberland,50
Maine,Hancock,33
Maine,Kennebec,39
Maine,Knox,116
Maine,Lincoln,10
Maine,Oxford,8
Maine,Penobscot,46
Maine,Piscataquis,20
Maine,Sagadahoc,9
Maine,Somerset,23
Maine,Waldo,16
Maine,Washington,16
Maine,York,67
Maryland,Allegany,168
Maryland,Anne Arundel,53
Maryland,Baltimore,261
Maryland,Carroll,211
Maryland,Cecil,117
Maryland,Charles,97
Maryland,Dorchester,3
Maryland,Frederick,243
Maryland,Garrett,418
Maryland,Harford,75
Maryland,Howard,4
Maryland,Montgomery,32
Maryland,Prince Georges,101
Maryland,Queen Annes,12
Maryland,St Marys,26
Maryland,Talbot,4
Maryland,Washington,162
Maryland,Wicomico,4
Maryland,Worcester,0
Massachusetts,Barnstable,22
Massachusetts,Berkshire,263
Massachusetts,Bristol,83
Massachusetts,Dukes,7
Massachusetts,Essex,62
Massachusetts,Franklin,23
Massachusetts,Hampden,60
Massachusetts,Hampshire,31
Massachusetts,Middlesex,127
Massachusetts,Norfolk,93
Massachusetts,Plymouth,90
Massachusetts,Suffolk,12
Massachusetts,Worcester,122
Michigan,Allegan,53
Michigan,Alpena,281
Michigan,Antrim,8
Michigan,Arenac,14
Michigan,Baraga,8
Michigan,Barry,8
Michigan,Bay,45
Michigan,Benzie,3
Michigan,Berrien,39
Michigan,Branch,4
Michigan,Calhoun,55
Michigan,Cass,20
Michigan,Charlevoix,127
Michigan,Cheboygan,1
Michigan,Chippewa,37
Michigan,Clare,8
Michigan,Clinton,53
Michigan,Delta,26
Michigan,Dickinson,14
Michigan,Eaton,23
Michigan,Emmet,13
Michigan,Gogebic,9
Michigan,Grand Traverse,15
Michigan,Gratiot,6
Michigan,Hillsdale,20
Michigan,Houghton,12
Michigan,Huron,20
Michigan,Ingham,19
Michigan,Ionia,9
Michigan,Iosco,107
Michigan,Iron,40
Michigan,Isabella,20
Michigan,Jackson,26
Michigan,Kalamazoo,26
Michigan,Kent,82
Michigan,Keweenaw,0
Michigan,Lake,2
Michigan,Lapeer,43
Michigan,Leelanau,17
Michigan,Lenawee,20
Michigan,Livingston,43
Michigan,Luce,7
Michigan,Mackinac,85
Michigan,Macomb,15
Michigan,Manistee,1
Michigan,Marquette,1990
Michigan,Mecosta,4
Michigan,Menominee,5
Michigan,Midland,5
Michigan,Missaukee,7
Michigan,Monroe,243
Michigan,Montcalm,11
Michigan,Muskegon,34
Michigan,Newaygo,8
Michigan,Oakland,190
Michigan,Oceana,16
Michigan,Ogemaw,15
Michigan,Ontonagon,785
Michigan,Osceola,4
Michigan,Otsego,6
Michigan,Ottawa,74
Michigan,Presque Isle,274
Michigan,Roscommon,26
Michigan,Saginaw,5
Michigan,Sanilac,18
Michigan,Schoolcraft,65
Michigan,Shiawassee,13
Michigan,St Clair,8
Michigan,St Joseph,7
Michigan,Tuscola,21
Michigan,Van Buren,8
Michigan,Washtenaw,30
Michigan,Wayne,221
Michigan,Wexford,20
Minnesota,Aitkin,4
Minnesota,Becker,43
Minnesota,Beltrami,16
Minnesota,Benton,17
Minnesota,Big Stone,31
Minnesota,Blue Earth,73
Minnesota,Brown,6
Minnesota,Carlton,27
Minnesota,Carver,34
Minnesota,Cass,9
Minnesota,Chisago,14
Minnesota,Clay,46
Minnesota,Clearwater,4
Minnesota,Cook,12
Minnesota,Cottonwood,9
Minnesota,Crow Wing,17
Minnesota,Dakota,96
Minnesota,Dodge,13
Minnesota,Douglas,29
Minnesota,Faribault,4
Minnesota,Fillmore,19
Minnesota,Freeborn,11
Minnesota,Goodhue,32
Minnesota,Hennepin,54
Minnesota,Houston,54
Minnesota,Hubbard,10
Minnesota,Isanti,3
Minnesota,Itasca,14
Minnesota,Jackson,2
Minnesota,Kanabec,9
Minnesota,Kandiyohi,21
Minnesota,Kittson,7
Minnesota,Koochiching,6
Minnesota,Lac qui Parle,6
Minnesota,Lake,287
Minnesota,Le Sueur,71
Minnesota,Lincoln,2
Minnesota,Lyon,47
Minnesota,Marshall,12
Minnesota,Martin,19
Minnesota,McLeod,12
Minnesota,Meeker,5
Minnesota,Mille Lacs,21
Minnesota,Morrison,30
Minnesota,Mower,6
Minnesota,Murray,8
Minnesota,Nicollet,13
Minnesota,Olmsted,32
Minnesota,Otter Tail,39
Minnesota,Pennington,10
Minnesota,Pine,4
Minnesota,Polk,21
Minnesota,Pope,10
Minnesota,Red Lake,1
Minnesota,Redwood,7
Minnesota,Renville,19
Minnesota,Rice,8
Minnesota,Rock,17
Minnesota,Roseau,2
Minnesota,Scott,67
Minnesota,Sherburne,47
Minnesota,Sibley,5
Minnesota,St Louis,5140
Minnesota,Stearns,109
Minnesota,Steele,8
Minnesota,Stevens,2
Minnesota,Todd,8
Minnesota,Wabasha,10
Minnesota,Wadena,5
Minnesota,Waseca,2
Minnesota,Washington,74
Minnesota,Watonwan,3
Minnesota,Wilkin,5
Minnesota,Winona,11
Minnesota,Wright,17
Minnesota,Yellow Medicine,30
Mississippi,Adams,10
Mississippi,Benton,4
Mississippi,Bolivar,8
Mississippi,Carroll,26
Mississippi,Clarke,7
Mississippi,Clay,4
Mississippi,Coahoma,16
Mississippi,Copiah,100
Mississippi,Covington,0
Mississippi,De Soto,28
Mississippi,Forrest,74
Mississippi,George,3
Mississippi,Greene,3
Mississippi,Hancock,3
Mississippi,Harrison,14
Mississippi,Hinds,103
Mississippi,Holmes,15
Mississippi,Itawamba,24
Mississippi,Jasper,19
Mississippi,Jones,11
Mississippi,Lafayette,3
Mississippi,Lamar,8
Mississippi,Lauderdale,2
Mississippi,Lincoln,11
Mississippi,Lowndes,184
Mississippi,Marion,16
Mississippi,Monroe,77
Mississippi,Noxubee,18
Mississippi,Panola,38
Mississippi,Pearl River,31
Mississippi,Perry,34
Mississippi,Pike,16
Mississippi,Quitman,9
Mississippi,Rankin,3
Mississippi,Smith,13
Mississippi,Stone,16
Mississippi,Tate,5
Mississippi,Tippah,212
Mississippi,Tishomingo,25
Mississippi,Walthall,9
Mississippi,Warren,24
Mississippi,Washington,2
Mississippi,Wayne,4
Mississippi,Winston,9
Mississippi,Yalobusha,9
Mississippi,Yazoo,15
Missouri,Andrew,22
Missouri,Audrain,7
Missouri,Barry,37
Missouri,Barton,42
Missouri,Bates,28
Missouri,Benton,29
Missouri,Bollinger,14
Missouri,Boone,53
Missouri,Buchanan,26
Missouri,Butler,26
Missouri,Caldwell,7
Missouri,Callaway,95
Missouri,Camden,14
Missouri,Cape Girardeau,216
Missouri,Carroll,3
Missouri,Cass,66
Missouri,Cedar,5
Missouri,Christian,61
Missouri,Clark,2
Missouri,Clay,64
Missouri,Cole,23
Missouri,Cooper,23
Missouri,Crawford,35
Missouri,Dade,7
Missouri,Dallas,2
Missouri,Daviess,31
Missouri,De Kalb,19
Missouri,Dent,11
Missouri,Douglas,22
Missouri,Franklin,45
Missouri,Gasconade,33
Missouri,Gentry,12
Missouri,Greene,147
Missouri,Grundy,8
Missouri,Harrison,3
Missouri,Henry,11
Missouri,Hickory,3
Missouri,Holt,18
Missouri,Howard,9
Missouri,Howell,35
Missouri,Iron,487
Missouri,Jackson,191
Missouri,Jasper,77
Missouri,Jefferson,262
Missouri,Johnson,15
Missouri,Knox,28
Missouri,Laclede,29
Missouri,Lafayette,8
Missouri,Lawrence,24
Missouri,Lincoln,36
Missouri,Livingston,25
Missouri,Macon,4
Missouri,Marion,7
Missouri,McDonald,9
Missouri,Miller,13
Missouri,Monroe,6
Missouri,Montgomery,62
Missouri,Morgan,20
Missouri,New Madrid,3
Missouri,Newton,29
Missouri,Nodaway,41
Missouri,Oregon,6
Missouri,Osage,12
Missouri,Ozark,2
Missouri,Pemiscot,2
Missouri,Perry,41
Missouri,Pettis,36
Missouri,Phelps,42
Missouri,Pike,172
Missouri,Platte,75
Missouri,Polk,27
Missouri,Pulaski,5
Missouri,Putnam,0
Missouri,Ralls,227
Missouri,Randolph,164
Missouri,Ray,35
Missouri,Reynolds,380
Missouri,Ripley,8
Missouri,Saline,44
Missouri,Scotland,32
Missouri,Scott,91
Missouri,Shannon,3
Missouri,Shelby,18
Missouri,St Charles,46
Missouri,St Francois,108
Missouri,St Louis,341
Missouri,St Louis City,2
Missouri,Ste. Genevieve,917
Missouri,Stoddard,137
Missouri,Stone,20
Missouri,Sullivan,11
Missouri,Taney,132
Missouri,Texas,36
Missouri,Vernon,15
Missouri,Warren,13
Missouri,Washington,118
Missouri,Wayne,33
Missouri,Webster,5
Missouri,Wright,21
Montana,Beaverhead,93
Montana,Big Horn,458
Montana,Blaine,5
Montana,Broadwater,35
Montana,Carbon,16
Montana,Cascade,61
Montana,Chouteau,7
Montana,Custer,1
Montana,Dawson,11
Montana,Deer Lodge,23
Montana,Fergus,66
Montana,Flathead,65
Montana,Gallatin,227
Montana,Glacier,2
Montana,Granite,9
Montana,Hill,6
Montana,Jefferson,593
Montana,Judith Basin,8
Montana,Lake,11
Montana,Lewis and Clark,39
Montana,Lincoln,27
Montana,Madison,101
Montana,Meagher,5
Montana,Mineral,1
Montana,Missoula,71
Montana,Musselshell,13
Montana,Park,128
Montana,Phillips,170
Montana,Pondera,4
Montana,Powell,8
Montana,Ravalli,10
Montana,Richland,11
Montana,Rosebud,419
Montana,Sanders,6
Montana,Sheridan,11
Montana,Silver Bow,458
Montana,Stillwater,388
Montana,Sweet Grass,1
Montana,Teton,3
Montana,Toole,5
Montana,Treasure,2
Montana,Valley,10
Montana,Yellowstone,69
Nebraska,Adams,4
Nebraska,Antelope,7
Nebraska,Boone,6
Nebraska,Boyd,1
Nebraska,Brown,4
Nebraska,Buffalo,25
Nebraska,Butler,4
Nebraska,Cass,338
Nebraska,Cedar,11
Nebraska,Cherry,2
Nebraska,Clay,4
Nebraska,Colfax,4
Nebraska,Cuming,7
Nebraska,Custer,6
Nebraska,Dawes,30
Nebraska,Dawson,15
Nebraska,Dixon,2
Nebraska,Dodge,9
Nebraska,Douglas,39
Nebraska,Dundy,3
Nebraska,Franklin,9
Nebraska,Furnas,2
Nebraska,Gage,14
Nebraska,Garden,0
Nebraska,Garfield,1
Nebraska,Hall,47
Nebraska,Hamilton,5
Nebraska,Harlan,3
Nebraska,Hitchcock,6
Nebraska,Holt,24
Nebraska,Howard,10
Nebraska,Jefferson,12
Nebraska,Kearney,4
Nebraska,Keith,8
Nebraska,Knox,10
Nebraska,Lancaster,5
Nebraska,Lincoln,25
Nebraska,Loup,2
Nebraska,Madison,14
Nebraska,Merrick,10
Nebraska,Morrill,9
Nebraska,Nance,3
Nebraska,Nemaha,1
Nebraska,Nuckolls,2
Nebraska,Phelps,5
Nebraska,Pierce,3
Nebraska,Platte,31
Nebraska,Polk,3
Nebraska,Red Willow,9
Nebraska,Sarpy,26
Nebraska,Saunders,34
Nebraska,Scotts Bluff,15
Nebraska,Seward,1
Nebraska,Sheridan,2
Nebraska,Stanton,10
Nebraska,Thayer,4
Nebraska,Thomas,11
Nebraska,Valley,6
Nebraska,Washington,33
Nebraska,Webster,5
Nebraska,York,4
Nevada,Carson City,10
Nevada,Churchill,84
Nevada,Clark,608
Nevada,Douglas,5
Nevada,Elko,2375
Nevada,Esmeralda,67
Nevada,Eureka,1975
Nevada,Humboldt,1563
Nevada,Lander,825
Nevada,Lincoln,14
Nevada,Lyon,239
Nevada,Mineral,354
Nevada,Nye,1015
Nevada,Pershing,640
Nevada,Storey,126
Nevada,Washoe,121
Nevada,White Pine,658
New Hampshire,Belknap,19
New Hampshire,Carroll,38
New Hampshire,Cheshire,29
New Hampshire,Coos,11
New Hampshire,Grafton,34
New Hampshire,Hillsborough,51
New Hampshire,Merrimack,91
New Hampshire,Rockingham,78
New Hampshire,Strafford,38
New Hampshire,Sullivan,21
New Jersey,Atlantic,16
New Jersey,Burlington,19
New Jersey,Camden,56
New Jersey,Cape May,37
New Jersey,Cumberland,187
New Jersey,Gloucester,23
New Jersey,Hunterdon,72
New Jersey,Mercer,61
New Jersey,Middlesex,53
New Jersey,Monmouth,9
New Jersey,Morris,196
New Jersey,Ocean,52
New Jersey,Passaic,137
New Jersey,Salem,0
New Jersey,Somerset,239
New Jersey,Sussex,156
New Jersey,Warren,61
New Mexico,Bernalillo,234
New Mexico,Catron,15
New Mexico,Chaves,80
New Mexico,Cibola,29
New Mexico,Colfax,361
New Mexico,Curry,9
New Mexico,De Baca,10
New Mexico,Dona Ana,155
New Mexico,Eddy,1284
New Mexico,Grant,1478
New Mexico,Hidalgo,4
New Mexico,Lea,333
New Mexico,Lincoln,6
New Mexico,Luna,27
New Mexico,McKinley,660
New Mexico,Mora,4
New Mexico,Otero,36
New Mexico,Quay,8
New Mexico,Rio Arriba,47
New Mexico,Roosevelt,6
New Mexico,San Juan,897
New Mexico,San Miguel,11
New Mexico,Sandoval,99
New Mexico,Santa Fe,43
New Mexico,Sierra,40
New Mexico,Socorro,39
New Mexico,Taos,138
New Mexico,Torrance,29
New Mexico,Union,11
New Mexico,Valencia,18
New York,Albany,270
New York,Allegany,32
New York,Broome,41
New York,Cattaraugus,92
New York,Cayuga,13
New York,Chautauqua,24
New York,Chemung,68
New York,Chenango,14
New York,Clinton,30
New York,Columbia,42
New York,Cortland,30
New York,Delaware,96
New York,Dutchess,239
New York,Erie,140
New York,Essex,156
New York,Franklin,27
New York,Fulton,20
New York,Genesee,165
New York,Greene,152
New York,Hamilton,34
New York,Herkimer,34
New York,Jefferson,84
New York,Lewis,41
New York,Livingston,322
New York,Madison,39
New York,Monroe,81
New York,Montgomery,59
New York,Niagara,78
New York,Oneida,61
New York,Onondaga,146
New York,Ontario,67
New York,Orange,81
New York,Orleans,35
New York,Oswego,46
New York,Otsego,30
New York,Putnam,22
New York,Rensselaer,70
New York,Rockland,109
New York,Saratoga,71
New York,Schenectady,36
New York,Schoharie,29
New York,Schuyler,9
New York,Seneca,18
New York,St Lawrence,419
New York,Steuben,65
New York,Suffolk,86
New York,Sullivan,58
New York,Tioga,46
New York,Tompkins,180
New York,Ulster,74
New York,Warren,150
New York,Washington,111
New York,Wayne,52
New York,Westchester,2
New York,Wyoming,3
New York,Yates,15
North Carolina,Alamance,50
North Carolina,Anson,125
North Carolina,Ashe,13
North Carolina,Avery,17
North Carolina,Beaufort,425
North Carolina,Bertie,1
North Carolina,Bladen,3
North Carolina,Brunswick,12
North Carolina,Buncombe,116
North Carolina,Burke,24
North Carolina,Cabarrus,60
North Carolina,Caldwell,23
North Carolina,Camden,3
North Carolina,Caswell,27
North Carolina,Catawba,26
North Carolina,Chatham,23
North Carolina,Cherokee,3
North Carolina,Clay,39
North Carolina,Cleveland,166
North Carolina,Craven,45
North Carolina,Cumberland,23
North Carolina,Davidson,46
North Carolina,Davie,27
North Carolina,Duplin,11
North Carolina,Durham,46
North Carolina,Edgecombe,37
North Carolina,Forsyth,141
North Carolina,Franklin,7
North Carolina,Gaston,81
North Carolina,Granville,32
North Carolina,Guilford,91
North Carolina,Halifax,4
North Carolina,Harnett,107
North Carolina,Haywood,33
North Carolina,Henderson,35
North Carolina,Hertford,6
North Carolina,Hoke,2
North Carolina,Iredell,22
North Carolina,Jackson,39
North Carolina,Johnston,58
North Carolina,Lee,72
North Carolina,Lenoir,12
North Carolina,Lincoln,40
North Carolina,Macon,58
North Carolina,Martin,3
North Carolina,McDowell,56
North Carolina,Mecklenburg,95
North Carolina,Mitchell,308
North Carolina,Montgomery,25
North Carolina,Moore,55
North Carolina,Nash,16
North Carolina,New Hanover,35
North Carolina,Northampton,8
North Carolina,Onslow,18
North Carolina,Orange,40
North Carolina,Pender,41
North Carolina,Pitt,57
North Carolina,Polk,5
North Carolina,Randolph,26
North Carolina,Richmond,92
North Carolina,Robeson,2
North Carolina,Rockingham,38
North Carolina,Rowan,196
North Carolina,Rutherford,23
North Carolina,Sampson,7
North Carolina,Scotland,3
North Carolina,Stanly,43
North Carolina,Stokes,8
North Carolina,Surry,122
North Carolina,Swain,17
North Carolina,Transylvania,21
North Carolina,Union,22
North Carolina,Vance,59
North Carolina,Wake,135
North Carolina,Watauga,22
North Carolina,Wayne,14
North Carolina,Wilkes,33
North Carolina,Wilson,24
North Carolina,Yadkin,2
North Carolina,Yancey,51
North Dakota,Adams,0
North Dakota,Barnes,8
North Dakota,Bottineau,2
North Dakota,Bowman,48
North Dakota,Burke,2
North Dakota,Burleigh,8
North Dakota,Cass,3
North Dakota,Cavalier,8
North Dakota,Dunn,2
North Dakota,Eddy,11
North Dakota,Grand Forks,23
North Dakota,Grant,6
North Dakota,Hettinger,3
North Dakota,La Moure,5
North Dakota,McHenry,3
North Dakota,McIntosh,2
North Dakota,McLean,255
North Dakota,Mercer,530
North Dakota,Morton,19
North Dakota,Mountrail,2
North Dakota,Oliver,149
North Dakota,Pembina,2
North Dakota,Ransom,11
North Dakota,Renville,2
North Dakota,Richland,13
North Dakota,Sargent,7
North Dakota,Stark,48
North Dakota,Stutsman,2
North Dakota,Traill,2
North Dakota,Walsh,10
North Dakota,Ward,41
North Dakota,Wells,8
North Dakota,Williams,11
Ohio,Adams,52
Ohio,Allen,28
Ohio,Ashland,12
Ohio,Ashtabula,16
Ohio,Athens,13
Ohio,Auglaize,30
Ohio,Belmont,554
Ohio,Brown,5
Ohio,Butler,86
Ohio,Carroll,42
Ohio,Champaign,14
Ohio,Clark,39
Ohio,Clermont,17
Ohio,Clinton,23
Ohio,Columbiana,199
Ohio,Coshocton,142
Ohio,Crawford,43
Ohio,Cuyahoga,281
Ohio,Darke,12
Ohio,Delaware,65
Ohio,Erie,167
Ohio,Fairfield,7
Ohio,Fayette,6
Ohio,Franklin,188
Ohio,Gallia,26
Ohio,Geauga,89
Ohio,Greene,198
Ohio,Guernsey,58
Ohio,Hamilton,103
Ohio,Hancock,17
Ohio,Hardin,6
Ohio,Harrison,250
Ohio,Henry,5
Ohio,Highland,55
Ohio,Hocking,23
Ohio,Holmes,75
Ohio,Huron,6
Ohio,Jackson,134
Ohio,Jefferson,147
Ohio,Knox,47
Ohio,Lake,202
Ohio,Lawrence,24
Ohio,Licking,30
Ohio,Logan,48
Ohio,Lorain,14
Ohio,Lucas,75
Ohio,Mahoning,27
Ohio,Marion,52
Ohio,Medina,36
Ohio,Meigs,825
Ohio,Mercer,18
Ohio,Miami,61
Ohio,Monroe,289
Ohio,Montgomery,76
Ohio,Morgan,251
Ohio,Morrow,6
Ohio,Muskingum,127
Ohio,Noble,74
Ohio,Ottawa,153
Ohio,Paulding,132
Ohio,Perry,139
Ohio,Pickaway,24
Ohio,Pike,29
Ohio,Portage,116
Ohio,Preble,33
Ohio,Putnam,8
Ohio,Richland,23
Ohio,Ross,32
Ohio,Sandusky,297
Ohio,Scioto,44
Ohio,Seneca,80
Ohio,Shelby,24
Ohio,Stark,141
Ohio,Summit,16
Ohio,Trumbull,15
Ohio,Tuscarawas,328
Ohio,Union,25
Ohio,Van Wert,24
Ohio,Vinton,235
Ohio,Warren,32
Ohio,Washington,20
Ohio,Wayne,36
Ohio,Williams,12
Ohio,Wood,51
Ohio,Wyandot,179
Oklahoma,Adair,1
Oklahoma,Atoka,60
Oklahoma,Beaver,8
Oklahoma,Beckham,0
Oklahoma,Blaine,60
Oklahoma,Bryan,37
Oklahoma,Caddo,50
Oklahoma,Canadian,13
Oklahoma,Carter,14
Oklahoma,Cherokee,12
Oklahoma,Choctaw,69
Oklahoma,Cleveland,11
Oklahoma,Comanche,86
Oklahoma,Cotton,8
Oklahoma,Craig,31
Oklahoma,Creek,21
Oklahoma,Delaware,2
Oklahoma,Dewey,3
Oklahoma,Garvin,2
Oklahoma,Greer,13
Oklahoma,Haskell,31
Oklahoma,Hughes,1
Oklahoma,Jackson,12
Oklahoma,Jefferson,9
Oklahoma,Johnston,149
Oklahoma,Kay,11
Oklahoma,Kingfisher,7
Oklahoma,Kiowa,53
Oklahoma,Latimer,33
Oklahoma,Le Flore,206
Oklahoma,Logan,5
Oklahoma,Love,21
Oklahoma,Major,6
Oklahoma,Marshall,9
Oklahoma,Mayes,135
Oklahoma,McCurtain,25
Oklahoma,McIntosh,10
Oklahoma,Murray,137
Oklahoma,Muskogee,43
Oklahoma,Nowata,10
Oklahoma,Okfuskee,0
Oklahoma,Oklahoma,55
Oklahoma,Okmulgee,29
Oklahoma,Osage,10
Oklahoma,Ottawa,33
Oklahoma,Pawnee,42
Oklahoma,Payne,12
Oklahoma,Pittsburg,36
Oklahoma,Pontotoc,127
Oklahoma,Pottawatomie,5
Oklahoma,Pushmataha,1
Oklahoma,Rogers,170
Oklahoma,Seminole,48
Oklahoma,Sequoyah,96
Oklahoma,Texas,3
Oklahoma,Tillman,5
Oklahoma,Tulsa,113
Oklahoma,Wagoner,17
Oklahoma,Washington,9
Oklahoma,Washita,11
Oklahoma,Woodward,15
Oregon,Baker,100
Oregon,Benton,28
Oregon,Clackamas,60
Oregon,Clatsop,8
Oregon,Columbia,86
Oregon,Coos,67
Oregon,Crook,20
Oregon,Curry,32
Oregon,Deschutes,73
Oregon,Douglas,123
Oregon,Gilliam,2
Oregon,Grant,6
Oregon,Harney,21
Oregon,Hood River,2
Oregon,Jackson,92
Oregon,Jefferson,14
Oregon,Josephine,35
Oregon,Klamath,32
Oregon,Lake,37
Oregon,Lane,185
Oregon,Lincoln,30
Oregon,Linn,39
Oregon,Malheur,78
Oregon,Marion,122
Oregon,Morrow,13
Oregon,Multnomah,180
Oregon,Polk,34
Oregon,Sherman,4
Oregon,Tillamook,22
Oregon,Umatilla,36
Oregon,Union,8
Oregon,Wallowa,2
Oregon,Wasco,18
Oregon,Washington,134
Oregon,Yamhill,69
Pennsylvania,Adams,241
Pennsylvania,Allegheny,173
Pennsylvania,Armstrong,1166
Pennsylvania,Beaver,40
Pennsylvania,Bedford,34
Pennsylvania,Berks,368
Pennsylvania,Blair,96
Pennsylvania,Bradford,38
Pennsylvania,Bucks,243
Pennsylvania,Butler,297
Pennsylvania,Cambria,533
Pennsylvania,Carbon,54
Pennsylvania,Centre,326
Pennsylvania,Chester,161
Pennsylvania,Clarion,157
Pennsylvania,Clearfield,835
Pennsylvania,Clinton,14
Pennsylvania,Columbia,109
Pennsylvania,Crawford,36
Pennsylvania,Cumberland,90
Pennsylvania,Dauphin,93
Pennsylvania,Delaware,58
Pennsylvania,Elk,47
Pennsylvania,Erie,64
Pennsylvania,Fayette,239
Pennsylvania,Forest,2
Pennsylvania,Franklin,52
Pennsylvania,Fulton,21
Pennsylvania,Greene,2460
Pennsylvania,Huntingdon,86
Pennsylvania,Indiana,1107
Pennsylvania,Jefferson,368
Pennsylvania,Juniata,10
Pennsylvania,Lackawanna,58
Pennsylvania,Lancaster,244
Pennsylvania,Lawrence,514
Pennsylvania,Lebanon,141
Pennsylvania,Lehigh,191
Pennsylvania,Luzerne,455
Pennsylvania,Lycoming,108
Pennsylvania,McKean,8
Pennsylvania,Mercer,51
Pennsylvania,Mifflin,15
Pennsylvania,Monroe,63
Pennsylvania,Montgomery,203
Pennsylvania,Montour,16
Pennsylvania,Northampton,644
Pennsylvania,Northumberland,255
Pennsylvania,Perry,11
Pennsylvania,Pike,18
Pennsylvania,Potter,2
Pennsylvania,Schuylkill,1031
Pennsylvania,Snyder,26
Pennsylvania,Somerset,907
Pennsylvania,Sullivan,16
Pennsylvania,Susquehanna,37
Pennsylvania,Tioga,18
Pennsylvania,Union,34
Pennsylvania,Venango,19
Pennsylvania,Warren,27
Pennsylvania,Washington,700
Pennsylvania,Wayne,40
Pennsylvania,Westmoreland,277
Pennsylvania,Wyoming,15
Pennsylvania,York,382
Puerto Rico,72002,34
Puerto Rico,72004,360
Puerto Rico,72006,88
Puerto Rico,72008,26
Puerto Rico,72010,426
Puerto Rico,72012,68
Puerto Rico,Adjuntas,150
Puerto Rico,Aguada,24
Puerto Rico,Aguadilla,241
Puerto Rico,Aguas Buenas,95
Puerto Rico,Aibonito,155
Puerto Rico,Anasco,13
Rhode Island,Kent,24
Rhode Island,Newport,10
Rhode Island,Providence,77
Rhode Island,Washington,38
South Carolina,Abbeville,1
South Carolina,Aiken,211
South Carolina,Anderson,37
South Carolina,Bamberg,3
South Carolina,Berkeley,53
South Carolina,Charleston,2
South Carolina,Cherokee,70
South Carolina,Chesterfield,86
South Carolina,Clarendon,1
South Carolina,Colleton,11
South Carolina,Darlington,4
South Carolina,Dorchester,285
South Carolina,Edgefield,2
South Carolina,Fairfield,148
South Carolina,Florence,8
South Carolina,Georgetown,2
South Carolina,Greenville,59
South Carolina,Greenwood,27
South Carolina,Horry,29
South Carolina,Jasper,8
South Carolina,Kershaw,39
South Carolina,Lancaster,19
South Carolina,Laurens,108
South Carolina,Lexington,129
South Carolina,Marion,15
South Carolina,Marlboro,49
South Carolina,McCormick,9
South Carolina,Oconee,10
South Carolina,Orangeburg,160
South Carolina,Pickens,35
South Carolina,Richland,87
South Carolina,Spartanburg,116
South Carolina,Sumter,31
South Carolina,Union,6
South Carolina,Williamsburg,3
South Carolina,York,28
South Dakota,Aurora,2
South Dakota,Bon Homme,2
South Dakota,Brookings,16
South Dakota,Brown,11
South Dakota,Brule,7
South Dakota,Butte,108
South Dakota,Campbell,3
South Dakota,Charles Mix,7
South Dakota,Clark,11
South Dakota,Clay,5
South Dakota,Codington,15
South Dakota,Custer,21
South Dakota,Davison,8
South Dakota,Day,8
South Dakota,Douglas,3
South Dakota,Fall River,3
South Dakota,Grant,91
South Dakota,Hanson,15
South Dakota,Hughes,5
South Dakota,Kingsbury,1
South Dakota,Lake,6
South Dakota,Lawrence,1135
South Dakota,Marshall,7
South Dakota,McPherson,17
South Dakota,Mellette,6
South Dakota,Miner,2
South Dakota,Minnehaha,117
South Dakota,Moody,1
South Dakota,Pennington,303
South Dakota,Perkins,2
South Dakota,Roberts,18
South Dakota,Spink,2
South Dakota,Stanley,5
South Dakota,Sully,5
South Dakota,Tripp,5
South Dakota,Turner,5
South Dakota,Union,5
South Dakota,Yankton,10
Tennessee,Anderson,239
Tennessee,Bedford,23
Tennessee,Benton,93
Tennessee,Bledsoe,5
Tennessee,Blount,79
Tennessee,Bradley,28
Tennessee,Campbell,195
Tennessee,Cannon,25
Tennessee,Carroll,7
Tennessee,Carter,30
Tennessee,Claiborne,80
Tennessee,Clay,8
Tennessee,Cocke,17
Tennessee,Coffee,14
Tennessee,Cumberland,110
Tennessee,Davidson,149
Tennessee,De Kalb,7
Tennessee,Decatur,92
Tennessee,Dickson,22
Tennessee,Dyer,5
Tennessee,Fentress,46
Tennessee,Franklin,53
Tennessee,Gibson,4
Tennessee,Giles,12
Tennessee,Grainger,63
Tennessee,Greene,40
Tennessee,Grundy,15
Tennessee,Hamblen,31
Tennessee,Hamilton,171
Tennessee,Hardeman,69
Tennessee,Hardin,45
Tennessee,Hawkins,48
Tennessee,Henry,76
Tennessee,Humphreys,11
Tennessee,Jefferson,507
Tennessee,Johnson,25
Tennessee,Knox,387
Tennessee,Lauderdale,2
Tennessee,Lawrence,11
Tennessee,Lincoln,11
Tennessee,Loudon,14
Tennessee,Madison,33
Tennessee,Marion,85
Tennessee,Marshall,13
Tennessee,Maury,41
Tennessee,McMinn,23
Tennessee,McNairy,14
Tennessee,Meigs,20
Tennessee,Monroe,22
Tennessee,Montgomery,41
Tennessee,Moore,8
Tennessee,Morgan,27
Tennessee,Obion,13
Tennessee,Overton,15
Tennessee,Perry,11
Tennessee,Pickett,9
Tennessee,Polk,8
Tennessee,Putnam,47
Tennessee,Rhea,23
Tennessee,Roane,17
Tennessee,Robertson,28
Tennessee,Rutherford,66
Tennessee,Scott,71
Tennessee,Sequatchie,149
Tennessee,Sevier,42
Tennessee,Shelby,44
Tennessee,Smith,244
Tennessee,Sullivan,72
Tennessee,Sumner,26
Tennessee,Tipton,16
Tennessee,Unicoi,10
Tennessee,Union,115
Tennessee,Van Buren,8
Tennessee,Warren,13
Tennessee,Washington,16
Tennessee,Weakley,144
Tennessee,White,19
Tennessee,Williamson,50
Tennessee,Wilson,44
Texas,Atascosa,157
Texas,Austin,4
Texas,Bandera,7
Texas,Bastrop,3
Texas,Bee,0
Texas,Bell,123
Texas,Bexar,639
Texas,Borden,5
Texas,Bosque,106
Texas,Bowie,5
Texas,Brazoria,5
Texas,Brazos,17
Texas,Brewster,13
Texas,Brown,23
Texas,Burleson,25
Texas,Burnet,200
Texas,Calhoun,696
Texas,Callahan,20
Texas,Cameron,21
Texas,Cass,25
Texas,Chambers,3
Texas,Cherokee,23
Texas,Coke,20
Texas,Coleman,5
Texas,Collin,4
Texas,Colorado,206
Texas,Comal,474
Texas,Comanche,0
Texas,Cooke,5
Texas,Coryell,31
Texas,Crosby,26
Texas,Culberson,36
Texas,Dallam,36
Texas,Dallas,116
Texas,De Witt,2
Texas,Deaf Smith,3
Texas,Denton,9
Texas,Dimmit,8
Texas,Duval,83
Texas,Eastland,12
Texas,Ector,103
Texas,El Paso,144
Texas,Ellis,429
Texas,Erath,3
Texas,Falls,14
Texas,Fannin,5
Texas,Fayette,75
Texas,Floyd,4
Texas,Fort Bend,68
Texas,Freestone,286
Texas,Galveston,55
Texas,Garza,5
Texas,Gillespie,69
Texas,Glasscock,10
Texas,Gonzales,91
Texas,Grayson,22
Texas,Gregg,3
Texas,Grimes,142
Texas,Guadalupe,9
Texas,Hale,14
Texas,Hansford,13
Texas,Hardeman,17
Texas,Hardin,6
Texas,Harris,199
Texas,Harrison,186
Texas,Haskell,2
Texas,Hays,150
Texas,Henderson,42
Texas,Hidalgo,175
Texas,Hill,7
Texas,Hood,9
Texas,Hopkins,63
Texas,Howard,20
Texas,Hudspeth,62
Texas,Hutchinson,72
Texas,Jack,20
Texas,Jasper,5
Texas,Jim Wells,12
Texas,Johnson,111
Texas,Jones,10
Texas,Karnes,4
Texas,Kaufman,69
Texas,Kendall,6
Texas,Kerr,19
Texas,Kimble,11
Texas,Kleberg,13
Texas,Lampasas,34
Texas,Leon,352
Texas,Liberty,47
Texas,Limestone,125
Texas,Live Oak,2
Texas,Llano,46
Texas,Lubbock,25
Texas,Madison,7
Texas,Mason,18
Texas,Maverick,10
Texas,McCulloch,71
Texas,McLennan,159
Texas,McMullen,17
Texas,Medina,16
Texas,Midland,24
Texas,Milam,212
Texas,Montague,9
Texas,Montgomery,66
Texas,Morris,5
Texas,Nacogdoches,2
Texas,Navarro,97
Texas,Newton,5
Texas,Nolan,167
Texas,Nueces,55
Texas,Oldham,48
Texas,Orange,15
Texas,Palo Pinto,37
Texas,Panola,532
Texas,Parker,89
Texas,Pecos,11
Texas,Potter,122
Texas,Reeves,25
Texas,Robertson,62
Texas,Runnels,13
Texas,Rusk,207
Texas,Sabine,40
Texas,San Augustine,15
Texas,San Patricio,819
Texas,San Saba,37
Texas,Scurry,1
Texas,Shackelford,26
Texas,Smith,1
Texas,Somervell,27
Texas,Starr,6
Texas,Stephens,12
Texas,Stonewall,10
Texas,Tarrant,77
Texas,Taylor,50
Texas,Titus,526
Texas,Tom Green,8
Texas,Travis,229
Texas,Uvalde,64
Texas,Val Verde,8
Texas,Van Zandt,221
Texas,Victoria,99
Texas,Walker,12
Texas,Ward,4
Texas,Washington,7
Texas,Webb,113
Texas,Williamson,413
Texas,Wise,337
Texas,Wood,4
Texas,Young,20
Texas,Zapata,0
Texas,Zavala,14
Utah,Beaver,3
Utah,Box Elder,61
Utah,Cache,12
Utah,Carbon,917
Utah,Davis,31
Utah,Duchesne,9
Utah,Emery,700
Utah,Garfield,9
Utah,Grand,49
Utah,Iron,12
Utah,Juab,96
Utah,Kane,16
Utah,Millard,122
Utah,Morgan,112
Utah,Piute,5
Utah,Salt Lake,1716
Utah,San Juan,65
Utah,Sanpete,8
Utah,Sevier,415
Utah,Summit,60
Utah,Tooele,234
Utah,Uintah,233
Utah,Utah,132
Utah,Wasatch,11
Utah,Washington,125
Utah,Weber,4
Vermont,Addison,43
Vermont,Bennington,34
Vermont,Caledonia,21
Vermont,Chittenden,48
Vermont,Essex,3
Vermont,Franklin,21
Vermont,Grand Isle,2
Vermont,Lamoille,18
Vermont,Orange,20
Vermont,Orleans,14
Vermont,Rutland,448
Vermont,Washington,113
Vermont,Windham,28
Vermont,Windsor,95
Virgin Islands of the U.S.,78001,213
Virginia,Albemarle,37
Virginia,Appomattox,16
Virginia,Augusta,67
Virginia,Bedford,34
Virginia,Bland,10
Virginia,Botetourt,224
Virginia,Brunswick,41
Virginia,Buchanan,2827
Virginia,Buckingham,276
Virginia,Campbell,52
Virginia,Caroline,28
Virginia,Charles City,10
Virginia,Chesapeake City,41
Virginia,Chesterfield,56
Virginia,Clarke,10
Virginia,Craig,6
Virginia,Culpeper,46
Virginia,Danville City,1
Virginia,Dickenson,861
Virginia,Dinwiddie,30
Virginia,Essex,17
Virginia,Fairfax,80
Virginia,Fauquier,31
Virginia,Frederick,168
Virginia,Giles,266
Virginia,Gloucester,10
Virginia,Goochland,110
Virginia,Grayson,22
Virginia,Greene,18
Virginia,Greensville,42
Virginia,Halifax,22
Virginia,Hanover,83
Virginia,Henrico,144
Virginia,Henry,37
Virginia,Highland,2
Virginia,Isle of Wight,3
Virginia,King and Queen,46
Virginia,King George,26
Virginia,King William,15
Virginia,Lee,553
Virginia,Loudoun,161
Virginia,Louisa,43
Virginia,Mecklenburg,23
Virginia,Montgomery,42
Virginia,Nelson,9
Virginia,New Kent,7
Virginia,Nottoway,21
Virginia,Orange,1
Virginia,Pittsylvania,40
Virginia,Powhatan,21
Virginia,Prince Edward,11
Virginia,Prince George,40
Virginia,Prince William,50
Virginia,Pulaski,49
Virginia,Roanoke,49
Virginia,Roanoke City,2
Virginia,Rockbridge,28
Virginia,Rockingham,59
Virginia,Russell,372
Virginia,Scott,45
Virginia,Shenandoah,85
Virginia,Smyth,100
Virginia,Southampton,9
Virginia,Spotsylvania,49
Virginia,Stafford,44
Virginia,Sussex,5
Virginia,Tazewell,573
Virginia,Virginia Beach City,5
Virginia,Warren,63
Virginia,Washington,20
Virginia,Westmoreland,2
Virginia,Wise,2595
Virginia,Wythe,101
Washington,Asotin,29
Washington,Benton,7
Washington,Chelan,83
Washington,Clallam,50
Washington,Clark,173
Washington,Columbia,13
Washington,Cowlitz,70
Washington,Douglas,8
Washington,Ferry,175
Washington,Franklin,44
Washington,Garfield,6
Washington,Grant,90
Washington,Grays Harbor,65
Washington,Island,31
Washington,Jefferson,30
Washington,King,419
Washington,Kitsap,35
Washington,Kittitas,28
Washington,Klickitat,24
Washington,Lewis,586
Washington,Lincoln,6
Washington,Mason,33
Washington,Okanogan,52
Washington,Pacific,24
Washington,Pend Oreille,12
Washington,Pierce,178
Washington,San Juan,19
Washington,Skagit,55
Washington,Skamania,12
Washington,Snohomish,204
Washington,Spokane,82
Washington,Stevens,89
Washington,Thurston,106
Washington,Wahkiakum,3
Washington,Walla Walla,5
Washington,Whatcom,103
Washington,Yakima,38
West Virginia,Barbour,192
West Virginia,Berkeley,231
West Virginia,Boone,3347
West Virginia,Braxton,20
West Virginia,Brooke,235
West Virginia,Cabell,0
West Virginia,Clay,392
West Virginia,Fayette,773
West Virginia,Gilmer,11
West Virginia,Grant,468
West Virginia,Greenbrier,193
West Virginia,Hampshire,6
West Virginia,Hancock,16
West Virginia,Harrison,565
West Virginia,Jefferson,42
West Virginia,Kanawha,921
West Virginia,Lewis,4
West Virginia,Lincoln,9
West Virginia,Logan,2194
West Virginia,Marion,764
West Virginia,Marshall,751
West Virginia,Mason,11
West Virginia,McDowell,1276
West Virginia,Mercer,34
West Virginia,Mineral,49
West Virginia,Mingo,2943
West Virginia,Monongalia,1812
West Virginia,Morgan,91
West Virginia,Nicholas,902
West Virginia,Ohio,0
West Virginia,Pendleton,59
West Virginia,Pocahontas,11
West Virginia,Preston,355
West Virginia,Putnam,13
West Virginia,Raleigh,1517
West Virginia,Randolph,245
West Virginia,Summers,0
West Virginia,Taylor,0
West Virginia,Tucker,66
West Virginia,Upshur,222
West Virginia,Wayne,387
West Virginia,Webster,533
West Virginia,Wetzel,12
West Virginia,Wyoming,1371
Wisconsin,Adams,2
Wisconsin,Ashland,7
Wisconsin,Barron,14
Wisconsin,Bayfield,11
Wisconsin,Brown,106
Wisconsin,Buffalo,4
Wisconsin,Burnett,9
Wisconsin,Calumet,39
Wisconsin,Chippewa,26
Wisconsin,Clark,23
Wisconsin,Columbia,40
Wisconsin,Crawford,13
Wisconsin,Dane,95
Wisconsin,Dodge,85
Wisconsin,Door,19
Wisconsin,Douglas,56
Wisconsin,Dunn,10
Wisconsin,Eau Claire,27
Wisconsin,Fond du Lac,208
Wisconsin,Forest,5
Wisconsin,Grant,23
Wisconsin,Green,14
Wisconsin,Green Lake,70
Wisconsin,Iowa,9
Wisconsin,Iron,7
Wisconsin,Jackson,64
Wisconsin,Jefferson,9
Wisconsin,Juneau,27
Wisconsin,Kenosha,3
Wisconsin,Kewaunee,8
Wisconsin,La Crosse,19
Wisconsin,Lafayette,9
Wisconsin,Langlade,33
Wisconsin,Lincoln,11
Wisconsin,Manitowoc,84
Wisconsin,Marathon,160
Wisconsin,Marinette,111
Wisconsin,Milwaukee,35
Wisconsin,Monroe,17
Wisconsin,Oconto,23
Wisconsin,Oneida,12
Wisconsin,Outagamie,63
Wisconsin,Ozaukee,18
Wisconsin,Pepin,0
Wisconsin,Pierce,31
Wisconsin,Polk,43
Wisconsin,Portage,32
Wisconsin,Price,10
Wisconsin,Racine,57
Wisconsin,Richland,4
Wisconsin,Rock,62
Wisconsin,Rusk,69
Wisconsin,Sauk,68
Wisconsin,Sawyer,6
Wisconsin,Shawano,29
Wisconsin,Sheboygan,16
Wisconsin,St Croix,9
Wisconsin,Taylor,27
Wisconsin,Trempealeau,4
Wisconsin,Vilas,11
Wisconsin,Walworth,50
Wisconsin,Washburn,4
Wisconsin,Washington,37
Wisconsin,Waukesha,200
Wisconsin,Waupaca,28
Wisconsin,Waushara,2
Wisconsin,Winnebago,9
Wisconsin,Wood,0
Wyoming,Albany,98
Wyoming,Big Horn,248
Wyoming,Campbell,2675
Wyoming,Carbon,221
Wyoming,Converse,308
Wyoming,Crook,198
Wyoming,Fremont,53
Wyoming,Goshen,11
Wyoming,Hot Springs,10
Wyoming,Johnson,60
Wyoming,Laramie,78
Wyoming,Lincoln,363
Wyoming,Natrona,140
Wyoming,Park,41
Wyoming,Platte,54
Wyoming,Sheridan,72
Wyoming,Sublette,2
Wyoming,Sweetwater,3300
Wyoming,Teton,17
Wyoming,Uinta,4
Wyoming,Washakie,41
Wyoming,Weston,93
