State,County,Number of Employees
Alabama,Autauga,22
Alabama,Baldwin,13
Alabama,Barbour,66
Alabama,Bibb,4
Alabama,Blount,122
Alabama,Calhoun,106
Alabama,Cherokee,7
Alabama,Chilton,15
Alabama,Choctaw,0
Alabama,Clarke,21
Alabama,Cleburne,3
Alabama,Coffee,2
Alabama,Colbert,66
Alabama,Conecuh,12
Alabama,Coosa,12
Alabama,Cullman,176
Alabama,Dale,5
Alabama,Dallas,53
Alabama,De Kalb,53
Alabama,Elmore,32
Alabama,Escambia,27
Alabama,Etowah,19
Alabama,Fayette,424
Alabama,Franklin,100
Alabama,Geneva,4
Alabama,Greene,3
Alabama,Hale,8
Alabama,Henry,19
Alabama,Jackson,121
Alabama,Jefferson,2928
Alabama,Lawrence,13
Alabama,Lee,28
Alabama,Limestone,6
Alabama,Macon,47
Alabama,Madison,50
Alabama,Marengo,74
Alabama,Marion,127
Alabama,Marshall,69
Alabama,Mobile,259
Alabama,Monroe,67
Alabama,Montgomery,78
Alabama,Morgan,46
Alabama,Pickens,4
Alabama,Randolph,3
Alabama,Russell,34
Alabama,Shelby,668
Alabama,St Clair,217
Alabama,Sumter,62
Alabama,Talladega,305
Alabama,Tuscaloosa,1722
Alabama,Walker,2645
Alabama,Washington,6
Alabama,Wilcox,0
Alabama,Winston,97
Alaska,2001,6
Alaska,2005,173
Alaska,2006,27
Alaska,2007,11
Alaska,2008,0
Alaska,2009,41
Alaska,2010,0
Alaska,2011,7
Alaska,2012,97
Alaska,2014,234
Alaska,Aleutians East,83
Arizona,Apache,63
Arizona,Cochise,303
Arizona,Coconino,66
Arizona,Gila,1170
Arizona,Graham,33
Arizona,Greenlee,698
Arizona,La Paz,18
Arizona,Maricopa,622
Arizona,Mohave,201
Arizona,Navajo,877
Arizona,Pima,2262
Arizona,Pinal,2985
Arizona,Santa Cruz,15
Arizona,Yavapai,1152
Arizona,Yuma,59
Arkansas,Baxter,42
Arkansas,Benton,15
Arkansas,Boone,9
Arkansas,Bradley,9
Arkansas,Calhoun,32
Arkansas,Carroll,10
Arkansas,Clark,36
Arkansas,Clay,3
Arkansas,Cleburne,9
Arkansas,Conway,0
Arkansas,Craighead,15
Arkansas,Crawford,45
Arkansas,Crittenden,32
Arkansas,Cross,2
Arkansas,Dallas,0
Arkansas,Faulkner,16
Arkansas,Franklin,14
Arkansas,Fulton,2
Arkansas,Garland,177
Arkansas,Grant,4
Arkansas,Greene,12
Arkansas,Hempstead,4
Arkansas,Hot Spring,61
Arkansas,Howard,137
Arkansas,Independence,148
Arkansas,Izard,33
Arkansas,Jackson,3
Arkansas,Jefferson,33
Arkansas,Johnson,25
Arkansas,Lafayette,0
Arkansas,Lawrence,50
Arkansas,Lincoln,2
Arkansas,Little River,256
Arkansas,Logan,27
Arkansas,Lonoke,1
Arkansas,Madison,0
Arkansas,Marion,6
Arkansas,Miller,9
Arkansas,Montgomery,30
Arkansas,Nevada,2
Arkansas,Newton,3
Arkansas,Ouachita,40
Arkansas,Perry,21
Arkansas,Pike,18
Arkansas,Poinsett,8
Arkansas,Polk,34
Arkansas,Pope,32
Arkansas,Pulaski,458
Arkansas,Randolph,6
Arkansas,Saline,1389
Arkansas,Scott,2
Arkansas,Sebastian,42
Arkansas,Sevier,60
Arkansas,St Francis,11
Arkansas,Stone,2
Arkansas,Union,0
Arkansas,Van Buren,10
Arkansas,Washington,36
Arkansas,White,11
Arkansas,Yell,16
California,Alameda,298
California,Alpine,3
California,Amador,79
California,Butte,30
California,Calaveras,234
California,Contra Costa,114
California,Del Norte,11
California,El Dorado,48
California,Fresno,102
California,Glenn,32
California,Humboldt,30
California,Imperial,69
California,Inyo,389
California,Kern,1765
California,Lake,29
California,Lassen,18
California,Los Angeles,571
California,Madera,87
California,Marin,79
California,Mariposa,13
California,Mendocino,23
California,Merced,26
California,Mono,28
California,Monterey,167
California,Napa,54
California,Nevada,60
California,Orange,151
California,Placer,59
California,Plumas,41
California,Riverside,550
California,Sacramento,137
California,San Benito,165
California,San Bernardino,1895
California,San Diego,337
California,San Joaquin,108
California,San Luis Obispo,47
California,San Mateo,40
California,Santa Barbara,605
California,Santa Clara,388
California,Santa Cruz,237
California,Shasta,145
California,Sierra,87
California,Siskiyou,74
California,Solano,31
California,Sonoma,115
California,Stanislaus,34
California,Sutter,4
California,Tehama,10
California,Trinity,8
California,Tulare,16
California,Tuolumne,30
California,Ventura,232
California,Yolo,43
California,Yuba,142
Colorado,8998,0
Colorado,Adams,149
Colorado,Alamosa,5
Colorado,Arapahoe,38
Colorado,Archuleta,36
Colorado,Baca,0
Colorado,Boulder,243
Colorado,Chaffee,27
Colorado,Clear Creek,305
Colorado,Conejos,45
Colorado,Costilla,10
Colorado,Custer,4
Colorado,Delta,276
Colorado,Denver,4
Colorado,Dolores,16
Colorado,Douglas,24
Colorado,Eagle,63
Colorado,El Paso,139
Colorado,Elbert,1
Colorado,Fremont,570
Colorado,Garfield,558
Colorado,Gilpin,35
Colorado,Grand,42
Colorado,Gunnison,339
Colorado,Hinsdale,21
Colorado,Huerfano,15
Colorado,Jackson,21
Colorado,Jefferson,307
Colorado,Kit Carson,4
Colorado,La Plata,48
Colorado,Lake,334
Colorado,Larimer,210
Colorado,Las Animas,162
Colorado,Logan,2
Colorado,Mesa,309
Colorado,Mineral,108
Colorado,Moffat,653
Colorado,Montezuma,16
Colorado,Montrose,214
Colorado,Morgan,5
Colorado,Otero,6
Colorado,Ouray,61
Colorado,Park,98
Colorado,Pitkin,48
Colorado,Prowers,56
Colorado,Pueblo,36
Colorado,Rio Blanco,85
Colorado,Rio Grande,24
Colorado,Routt,476
Colorado,Saguache,63
Colorado,San Juan,330
Colorado,San Miguel,72
Colorado,Summit,37
Colorado,Teller,160
Colorado,Weld,94
Connecticut,Fairfield,69
Connecticut,Hartford,125
Connecticut,Litchfield,163
Connecticut,Middlesex,68
Connecticut,New Haven,207
Connecticut,New London,58
Connecticut,Tolland,38
Connecticut,Windham,48
Delaware,Kent,10
Delaware,New Castle,44
Delaware,Sussex,3
Florida,Alachua,51
Florida,Bay,41
Florida,Brevard,15
Florida,Broward,208
Florida,Calhoun,2
Florida,Charlotte,40
Florida,Citrus,68
Florida,Clay,301
Florida,Collier,73
Florida,Dade,1045
Florida,De Soto,0
Florida,Duval,8
Florida,Escambia,36
Florida,Gadsden,288
Florida,Glades,38
Florida,Hamilton,361
Florida,Hardee,147
Florida,Hendry,7
Florida,Hernando,551
Florida,Hillsborough,587
Florida,Jackson,32
Florida,Lake,56
Florida,Lee,108
Florida,Leon,10
Florida,Levy,52
Florida,Manatee,111
Florida,Marion,206
Florida,Monroe,22
Florida,Palm Beach,21
Florida,Pasco,25
Florida,Polk,3179
Florida,Putnam,58
Florida,Santa Rosa,0
Florida,Sarasota,30
Florida,St Lucie,17
Florida,Sumter,97
Florida,Suwannee,20
Florida,Taylor,66
Florida,Walton,2
Georgia,Baldwin,6
Georgia,Banks,0
Georgia,Barrow,11
Georgia,Bartow,170
Georgia,Bibb,21
Georgia,Brantley,5
Georgia,Carroll,9
Georgia,Chatham,1
Georgia,Chattooga,0
Georgia,Cherokee,23
Georgia,Clarke,22
Georgia,Clayton,38
Georgia,Cobb,64
Georgia,Columbia,27
Georgia,Cook,2
Georgia,Coweta,8
Georgia,Crawford,22
Georgia,Dade,38
Georgia,De Kalb,98
Georgia,Decatur,371
Georgia,Dougherty,2
Georgia,Douglas,52
Georgia,Effingham,3
Georgia,Elbert,106
Georgia,Evans,2
Georgia,Fannin,13
Georgia,Fayette,70
Georgia,Floyd,40
Georgia,Forsyth,34
Georgia,Fulton,188
Georgia,Gilmer,66
Georgia,Glascock,65
Georgia,Gordon,30
Georgia,Grady,2
Georgia,Greene,13
Georgia,Gwinnett,91
Georgia,Habersham,10
Georgia,Hall,66
Georgia,Hancock,4
Georgia,Hart,49
Georgia,Henry,27
Georgia,Houston,145
Georgia,Jasper,43
Georgia,Jefferson,225
Georgia,Jones,98
Georgia,Lee,15
Georgia,Lincoln,24
Georgia,Long,5
Georgia,Lowndes,3
Georgia,Lumpkin,7
Georgia,Macon,39
Georgia,Madison,64
Georgia,Marion,41
Georgia,McDuffie,0
Georgia,Monroe,43
Georgia,Montgomery,2
Georgia,Murray,43
Georgia,Muscogee,57
Georgia,Newton,12
Georgia,Oglethorpe,188
Georgia,Pickens,249
Georgia,Polk,57
Georgia,Rabun,22
Georgia,Richmond,119
Georgia,Rockdale,35
Georgia,Spalding,13
Georgia,Stephens,21
Georgia,Sumter,114
Georgia,Talbot,18
Georgia,Tattnall,1
Georgia,Taylor,12
Georgia,Thomas,211
Georgia,Towns,3
Georgia,Troup,14
Georgia,Twiggs,788
Georgia,Union,28
Georgia,Walker,40
Georgia,Ware,0
Georgia,Warren,123
Georgia,Washington,932
Georgia,Whitfield,63
Georgia,Wilkes,20
Georgia,Wilkinson,1183
Hawaii,Hawaii,32
Hawaii,Honolulu,275
Hawaii,Kauai,25
Hawaii,Maui,40
Idaho,Ada,28
Idaho,Adams,4
Idaho,Bannock,62
Idaho,Benewah,31
Idaho,Bingham,133
Idaho,Blaine,41
Idaho,Boise,2
Idaho,Bonner,31
Idaho,Bonneville,31
Idaho,Boundary,10
Idaho,Camas,0
Idaho,Canyon,27
Idaho,Caribou,161
Idaho,Cassia,9
Idaho,Clark,6
Idaho,Clearwater,10
Idaho,Custer,549
Idaho,Elmore,39
Idaho,Franklin,14
Idaho,Gem,9
Idaho,Gooding,10
Idaho,Idaho,37
Idaho,Kootenai,27
Idaho,Latah,0
Idaho,Lemhi,28
Idaho,Lewis,0
Idaho,Lincoln,1
Idaho,Madison,2
Idaho,Minidoka,3
Idaho,Nez Perce,19
Idaho,Oneida,29
Idaho,Owyhee,164
Idaho,Power,8
Idaho,Shoshone,1233
Idaho,Twin Falls,15
Idaho,Valley,106
Idaho,Washington,6
Illinois,Adams,209
Illinois,Alexander,73
Illinois,Bond,9
Illinois,Boone,20
Illinois,Brown,0
Illinois,Bureau,7
Illinois,Calhoun,7
Illinois,Carroll,18
Illinois,Champaign,15
Illinois,Christian,963
Illinois,Clark,23
Illinois,Clay,16
Illinois,Clinton,617
Illinois,Coles,32
Illinois,Cook,493
Illinois,Crawford,5
Illinois,Cumberland,7
Illinois,De Kalb,20
Illinois,De Witt,1
Illinois,Douglas,433
Illinois,Du Page,60
Illinois,Fayette,19
Illinois,Ford,11
Illinois,Franklin,1589
Illinois,Fulton,555
Illinois,Gallatin,459
Illinois,Greene,20
Illinois,Grundy,18
Illinois,Hamilton,354
Illinois,Hancock,39
Illinois,Hardin,246
Illinois,Henderson,20
Illinois,Henry,19
Illinois,Jackson,375
Illinois,Jefferson,1205
Illinois,Jersey,4
Illinois,Jo Daviess,53
Illinois,Johnson,39
Illinois,Kane,97
Illinois,Kankakee,43
Illinois,Kendall,15
Illinois,Knox,22
Illinois,La Salle,593
Illinois,Lake,23
Illinois,Lawrence,9
Illinois,Lee,49
Illinois,Livingston,59
Illinois,Logan,226
Illinois,Macon,9
Illinois,Macoupin,958
Illinois,Madison,70
Illinois,Marshall,15
Illinois,Mason,8
Illinois,Massac,114
Illinois,McDonough,95
Illinois,McHenry,90
Illinois,McLean,19
Illinois,Menard,14
Illinois,Mercer,6
Illinois,Monroe,50
Illinois,Montgomery,293
Illinois,Moultrie,1
Illinois,Ogle,60
Illinois,Peoria,115
Illinois,Perry,1345
Illinois,Piatt,3
Illinois,Pike,35
Illinois,Pope,41
Illinois,Pulaski,130
Illinois,Putnam,3
Illinois,Randolph,1590
Illinois,Rock Island,60
Illinois,Saline,1161
Illinois,Sangamon,18
Illinois,Schuyler,7
Illinois,Scott,7
Illinois,Shelby,13
Illinois,St Clair,756
Illinois,Stephenson,22
Illinois,Tazewell,29
Illinois,Union,40
Illinois,Vermilion,47
Illinois,Wabash,846
Illinois,Warren,28
Illinois,Washington,163
Illinois,White,40
Illinois,Whiteside,18
Illinois,Will,139
Illinois,Williamson,864
Illinois,Winnebago,48
Illinois,Woodford,26
Indiana,Adams,24
Indiana,Allen,61
Indiana,Bartholomew,19
Indiana,Boone,4
Indiana,Carroll,24
Indiana,Cass,77
Indiana,Clark,241
Indiana,Clay,370
Indiana,Clinton,2
Indiana,Crawford,118
Indiana,Daviess,526
Indiana,De Kalb,20
Indiana,Dearborn,6
Indiana,Decatur,19
Indiana,Delaware,27
Indiana,Dubois,164
Indiana,Elkhart,25
Indiana,Fayette,5
Indiana,Floyd,5
Indiana,Fountain,13
Indiana,Franklin,14
Indiana,Fulton,4
Indiana,Gibson,13
Indiana,Grant,36
Indiana,Greene,378
Indiana,Hamilton,77
Indiana,Hancock,10
Indiana,Harrison,34
Indiana,Hendricks,7
Indiana,Henry,6
Indiana,Howard,14
Indiana,Huntington,33
Indiana,Jackson,10
Indiana,Jasper,19
Indiana,Jay,19
Indiana,Jennings,20
Indiana,Johnson,5
Indiana,Knox,336
Indiana,Kosciusko,15
Indiana,La Grange,0
Indiana,La Porte,13
Indiana,Lake,143
Indiana,Lawrence,223
Indiana,Madison,23
Indiana,Marion,72
Indiana,Marshall,15
Indiana,Martin,197
Indiana,Miami,21
Indiana,Monroe,180
Indiana,Montgomery,4
Indiana,Morgan,46
Indiana,Newton,23
Indiana,Noble,5
Indiana,Ohio,1
Indiana,Orange,16
Indiana,Owen,38
Indiana,Parke,7
Indiana,Perry,11
Indiana,Pike,804
Indiana,Porter,3
Indiana,Posey,3
Indiana,Pulaski,23
Indiana,Putnam,158
Indiana,Randolph,10
Indiana,Ripley,19
Indiana,Rush,14
Indiana,Scott,26
Indiana,Shelby,39
Indiana,Spencer,391
Indiana,St Joseph,20
Indiana,Starke,3
Indiana,Steuben,12
Indiana,Sullivan,334
Indiana,Switzerland,30
Indiana,Tippecanoe,29
Indiana,Union,3
Indiana,Vanderburgh,35
Indiana,Vermillion,345
Indiana,Vigo,59
Indiana,Wabash,6
Indiana,Warren,7
Indiana,Warrick,1557
Indiana,Washington,11
Indiana,Wayne,34
Indiana,Wells,3
Indiana,White,6
Indiana,Whitley,7
Iowa,Adair,53
Iowa,Adams,26
Iowa,Allamakee,32
Iowa,Appanoose,51
Iowa,Audubon,0
Iowa,Benton,36
Iowa,Black Hawk,76
Iowa,Boone,31
Iowa,Bremer,9
Iowa,Buchanan,50
Iowa,Buena Vista,7
Iowa,Butler,29
Iowa,Calhoun,0
Iowa,Carroll,16
Iowa,Cass,28
Iowa,Cedar,5
Iowa,Cerro Gordo,370
Iowa,Cherokee,22
Iowa,Chickasaw,30
Iowa,Clarke,9
Iowa,Clay,6
Iowa,Clayton,57
Iowa,Clinton,38
Iowa,Dallas,33
Iowa,Davis,7
Iowa,Decatur,14
Iowa,Delaware,52
Iowa,Des Moines,94
Iowa,Dickinson,30
Iowa,Dubuque,83
Iowa,Emmet,4
Iowa,Fayette,61
Iowa,Floyd,18
Iowa,Franklin,33
Iowa,Fremont,10
Iowa,Greene,25
Iowa,Grundy,1
Iowa,Guthrie,0
Iowa,Hamilton,20
Iowa,Hancock,25
Iowa,Hardin,121
Iowa,Harrison,34
Iowa,Henry,5
Iowa,Howard,18
Iowa,Humboldt,13
Iowa,Ida,5
Iowa,Iowa,7
Iowa,Jackson,43
Iowa,Jasper,21
Iowa,Johnson,47
Iowa,Jones,35
Iowa,Keokuk,31
Iowa,Kossuth,2
Iowa,Lee,33
Iowa,Linn,53
Iowa,Louisa,26
Iowa,Lucas,0
Iowa,Lyon,8
Iowa,Madison,63
Iowa,Mahaska,15
Iowa,Marion,67
Iowa,Marshall,27
Iowa,Mills,9
Iowa,Mitchell,68
Iowa,Monona,6
Iowa,Monroe,104
Iowa,Montgomery,14
Iowa,Muscatine,69
Iowa,O Brien,3
Iowa,Osceola,9
Iowa,Page,17
Iowa,Palo Alto,8
Iowa,Plymouth,4
Iowa,Pocahontas,38
Iowa,Polk,131
Iowa,Pottawattamie,60
Iowa,Poweshiek,8
Iowa,Sac,25
Iowa,Scott,212
Iowa,Shelby,7
Iowa,Sioux,45
Iowa,Story,45
Iowa,Tama,5
Iowa,Taylor,4
Iowa,Union,19
Iowa,Van Buren,30
Iowa,Wapello,12
Iowa,Washington,22
Iowa,Webster,108
Iowa,Winneshiek,69
Iowa,Woodbury,21
Iowa,Worth,54
Iowa,Wright,14
Kansas,Allen,162
Kansas,Anderson,13
Kansas,Atchison,17
Kansas,Barber,28
Kansas,Barton,28
Kansas,Bourbon,109
Kansas,Butler,25
Kansas,Chase,1
Kansas,Chautauqua,9
Kansas,Cherokee,26
Kansas,Cheyenne,2
Kansas,Clark,3
Kansas,Clay,13
Kansas,Cloud,26
Kansas,Coffey,7
Kansas,Cowley,27
Kansas,Crawford,201
Kansas,Decatur,3
Kansas,Dickinson,51
Kansas,Doniphan,6
Kansas,Douglas,26
Kansas,Edwards,2
Kansas,Elk,18
Kansas,Ellis,2
Kansas,Ellsworth,53
Kansas,Finney,10
Kansas,Ford,17
Kansas,Franklin,33
Kansas,Geary,13
Kansas,Graham,6
Kansas,Gray,4
Kansas,Greenwood,24
Kansas,Hamilton,2
Kansas,Harper,1
Kansas,Harvey,4
Kansas,Haskell,3
Kansas,Hodgeman,0
Kansas,Jefferson,45
Kansas,Jewell,23
Kansas,Johnson,98
Kansas,Kearny,4
Kansas,Kiowa,3
Kansas,Labette,53
Kansas,Leavenworth,41
Kansas,Lincoln,40
Kansas,Linn,24
Kansas,Logan,8
Kansas,Lyon,8
Kansas,Marion,19
Kansas,Marshall,41
Kansas,McPherson,19
Kansas,Miami,9
Kansas,Montgomery,123
Kansas,Morris,5
Kansas,Nemaha,2
Kansas,Neosho,176
Kansas,Osage,14
Kansas,Ottawa,4
Kansas,Pawnee,5
Kansas,Phillips,3
Kansas,Pottawatomie,28
Kansas,Pratt,15
Kansas,Reno,171
Kansas,Republic,11
Kansas,Rice,214
Kansas,Riley,36
Kansas,Saline,13
Kansas,Sedgwick,90
Kansas,Seward,5
Kansas,Shawnee,47
Kansas,Sheridan,0
Kansas,Sherman,5
Kansas,Smith,1
Kansas,Stafford,0
Kansas,Sumner,5
Kansas,Trego,6
Kansas,Wabaunsee,2
Kansas,Wallace,3
Kansas,Washington,10
Kansas,Wilson,158
Kansas,Woodson,4
Kansas,Wyandotte,199
Kentucky,Adair,12
Kentucky,Allen,13
Kentucky,Anderson,14
Kentucky,Barren,21
Kentucky,Bath,0
Kentucky,Bell,1489
Kentucky,Boone,18
Kentucky,Bourbon,11
Kentucky,Boyd,110
Kentucky,Boyle,12
Kentucky,Breathitt,836
Kentucky,Breckinridge,34
Kentucky,Bullitt,73
Kentucky,Butler,284
Kentucky,Caldwell,80
Kentucky,Calloway,4
Kentucky,Carlisle,19
Kentucky,Carroll,18
Kentucky,Carter,80
Kentucky,Casey,8
Kentucky,Christian,66
Kentucky,Clay,655
Kentucky,Clinton,8
Kentucky,Crittenden,18
Kentucky,Cumberland,5
Kentucky,Daviess,241
Kentucky,Edmonson,18
Kentucky,Elliott,123
Kentucky,Estill,99
Kentucky,Fayette,34
Kentucky,Fleming,8
Kentucky,Floyd,1734
Kentucky,Franklin,20
Kentucky,Gallatin,11
Kentucky,Garrard,24
Kentucky,Graves,55
Kentucky,Grayson,31
Kentucky,Green,7
Kentucky,Greenup,29
Kentucky,Hancock,12
Kentucky,Hardin,39
Kentucky,Harlan,3236
Kentucky,Harrison,7
Kentucky,Hart,24
Kentucky,Henderson,162
Kentucky,Henry,9
Kentucky,Hickman,0
Kentucky,Hopkins,1514
Kentucky,Jackson,91
Kentucky,Jefferson,197
Kentucky,Jessamine,27
Kentucky,Johnson,269
Kentucky,Knott,1522
Kentucky,Knox,560
Kentucky,Laurel,424
Kentucky,Lawrence,277
Kentucky,Lee,27
Kentucky,Leslie,1319
Kentucky,Letcher,1439
Kentucky,Livingston,226
Kentucky,Logan,34
Kentucky,Lyon,0
Kentucky,Madison,37
Kentucky,Magoffin,541
Kentucky,Marion,13
Kentucky,Martin,2794
Kentucky,Mason,235
Kentucky,McCracken,1
Kentucky,McCreary,325
Kentucky,McLean,21
Kentucky,Meade,49
Kentucky,Menifee,18
Kentucky,Mercer,11
Kentucky,Metcalfe,10
Kentucky,Monroe,4
Kentucky,Montgomery,24
Kentucky,Morgan,201
Kentucky,Muhlenberg,1763
Kentucky,Nelson,19
Kentucky,Ohio,1245
Kentucky,Oldham,49
Kentucky,Owsley,46
Kentucky,Pendleton,168
Kentucky,Perry,1634
Kentucky,Pike,7296
Kentucky,Powell,20
Kentucky,Pulaski,124
Kentucky,Rockcastle,103
Kentucky,Rowan,2
Kentucky,Scott,15
Kentucky,Simpson,8
Kentucky,Spencer,5
Kentucky,Taylor,1
Kentucky,Todd,7
Kentucky,Trigg,9
Kentucky,Union,2012
Kentucky,Warren,51
Kentucky,Washington,6
Kentucky,Wayne,89
Kentucky,Webster,873
Kentucky,Whitley,889
Kentucky,Wolfe,64
Louisiana,Allen,11
Louisiana,Ascension,197
Louisiana,Assumption,13
Louisiana,Beauregard,32
Louisiana,Bienville,2
Louisiana,Bossier,0
Louisiana,Caddo,1
Louisiana,Calcasieu,37
Louisiana,Caldwell,123
Louisiana,Cameron,8
Louisiana,Catahoula,23
Louisiana,Claiborne,0
Louisiana,De Soto,0
Louisiana,East Baton Rouge,354
Louisiana,East Feliciana,49
Louisiana,Iberia,551
Louisiana,Jefferson Davis,8
Louisiana,La Salle,19
Louisiana,Lafayette,9
Louisiana,Livingston,6
Louisiana,Morehouse,1
Louisiana,Natchitoches,5
Louisiana,Orleans,307
Louisiana,Ouachita,31
Louisiana,Pointe Coupee,89
Louisiana,Rapides,95
Louisiana,Red River,7
Louisiana,St Bernard,9
Louisiana,St Helena,92
Louisiana,St James,458
Louisiana,St Martin,1
Louisiana,St Mary,215
Louisiana,St Tammany,70
Louisiana,Tangipahoa,60
Louisiana,Terrebonne,65
Louisiana,Vermilion,9
Louisiana,Vernon,34
Louisiana,Washington,64
Louisiana,Webster,103
Louisiana,West Baton Rouge,13
Louisiana,West Feliciana,26
Louisiana,Winn,15
Maine,Androscoggin,50
Maine,Aroostook,92
Maine,Cumberland,87
Maine,Franklin,12
Maine,Hancock,28
Maine,Kennebec,54
Maine,Knox,122
Maine,Lincoln,21
Maine,Oxford,41
Maine,Penobscot,47
Maine,Piscataquis,13
Maine,Sagadahoc,4
Maine,Somerset,22
Maine,Waldo,23
Maine,Washington,29
Maine,York,28
Maryland,Allegany,244
Maryland,Anne Arundel,108
Maryland,Baltimore,397
Maryland,Baltimore City,8
Maryland,Carroll,196
Maryland,Cecil,117
Maryland,Charles,65
Maryland,Dorchester,8
Maryland,Frederick,292
Maryland,Garrett,727
Maryland,Harford,74
Maryland,Howard,4
Maryland,Kent,0
Maryland,Montgomery,108
Maryland,Prince Georges,222
Maryland,Queen Annes,31
Maryland,St Marys,37
Maryland,Washington,175
Maryland,Wicomico,4
Maryland,Worcester,14
Massachusetts,Barnstable,20
Massachusetts,Berkshire,239
Massachusetts,Bristol,46
Massachusetts,Dukes,12
Massachusetts,Essex,69
Massachusetts,Franklin,17
Massachusetts,Hampden,77
Massachusetts,Hampshire,37
Massachusetts,Middlesex,223
Massachusetts,Nantucket,0
Massachusetts,Norfolk,96
Massachusetts,Plymouth,71
Massachusetts,Suffolk,3
Massachusetts,Worcester,113
Michigan,Alcona,0
Michigan,Alger,6
Michigan,Allegan,28
Michigan,Alpena,548
Michigan,Antrim,9
Michigan,Arenac,29
Michigan,Baraga,6
Michigan,Barry,8
Michigan,Bay,34
Michigan,Benzie,0
Michigan,Berrien,61
Michigan,Branch,18
Michigan,Calhoun,29
Michigan,Cass,18
Michigan,Charlevoix,121
Michigan,Cheboygan,7
Michigan,Chippewa,65
Michigan,Clare,9
Michigan,Clinton,24
Michigan,Delta,38
Michigan,Dickinson,34
Michigan,Eaton,25
Michigan,Emmet,11
Michigan,Genesee,0
Michigan,Gladwin,0
Michigan,Gogebic,16
Michigan,Grand Traverse,15
Michigan,Gratiot,8
Michigan,Hillsdale,9
Michigan,Houghton,25
Michigan,Huron,20
Michigan,Ingham,26
Michigan,Ionia,7
Michigan,Iosco,91
Michigan,Iron,15
Michigan,Isabella,19
Michigan,Jackson,10
Michigan,Kalamazoo,34
Michigan,Kalkaska,0
Michigan,Kent,70
Michigan,Keweenaw,0
Michigan,Lake,5
Michigan,Lapeer,20
Michigan,Leelanau,9
Michigan,Lenawee,14
Michigan,Livingston,32
Michigan,Luce,0
Michigan,Mackinac,82
Michigan,Macomb,16
Michigan,Manistee,2
Michigan,Marquette,1850
Michigan,Mason,4
Michigan,Mecosta,16
Michigan,Menominee,11
Michigan,Missaukee,3
Michigan,Monroe,246
Michigan,Montcalm,7
Michigan,Muskegon,50
Michigan,Newaygo,8
Michigan,Oakland,155
Michigan,Oceana,18
Michigan,Ogemaw,10
Michigan,Ontonagon,144
Michigan,Osceola,2
Michigan,Otsego,9
Michigan,Ottawa,67
Michigan,Presque Isle,269
Michigan,Roscommon,7
Michigan,Saginaw,0
Michigan,Sanilac,6
Michigan,Schoolcraft,162
Michigan,Shiawassee,41
Michigan,St Clair,12
Michigan,St Joseph,6
Michigan,Tuscola,28
Michigan,Van Buren,7
Michigan,Washtenaw,39
Michigan,Wayne,334
Michigan,Wexford,18
Minnesota,Aitkin,0
Minnesota,Anoka,6
Minnesota,Becker,9
Minnesota,Beltrami,6
Minnesota,Benton,11
Minnesota,Big Stone,40
Minnesota,Blue Earth,63
Minnesota,Brown,21
Minnesota,Carlton,16
Minnesota,Carver,14
Minnesota,Cass,3
Minnesota,Chippewa,0
Minnesota,Chisago,14
Minnesota,Clay,68
Minnesota,Clearwater,4
Minnesota,Cook,4
Minnesota,Cottonwood,10
Minnesota,Crow Wing,26
Minnesota,Dakota,54
Minnesota,Dodge,16
Minnesota,Douglas,4
Minnesota,Faribault,0
Minnesota,Fillmore,61
Minnesota,Freeborn,10
Minnesota,Goodhue,22
Minnesota,Grant,0
Minnesota,Hennepin,47
Minnesota,Houston,26
Minnesota,Hubbard,10
Minnesota,Isanti,0
Minnesota,Itasca,308
Minnesota,Jackson,5
Minnesota,Kanabec,12
Minnesota,Kandiyohi,14
Minnesota,Kittson,11
Minnesota,Koochiching,7
Minnesota,Lac qui Parle,5
Minnesota,Lake,270
Minnesota,Lake of the Woods,2
Minnesota,Le Sueur,87
Minnesota,Lincoln,0
Minnesota,Lyon,9
Minnesota,Mahnomen,17
Minnesota,Marshall,16
Minnesota,Martin,6
Minnesota,McLeod,6
Minnesota,Meeker,7
Minnesota,Mille Lacs,14
Minnesota,Morrison,23
Minnesota,Mower,14
Minnesota,Nicollet,20
Minnesota,Nobles,0
Minnesota,Norman,3
Minnesota,Olmsted,53
Minnesota,Otter Tail,15
Minnesota,Pennington,7
Minnesota,Pine,2
Minnesota,Pipestone,0
Minnesota,Polk,31
Minnesota,Pope,6
Minnesota,Ramsey,14
Minnesota,Red Lake,4
Minnesota,Redwood,12
Minnesota,Renville,19
Minnesota,Rice,9
Minnesota,Rock,22
Minnesota,Roseau,3
Minnesota,Scott,61
Minnesota,Sherburne,19
Minnesota,Sibley,0
Minnesota,St Louis,4591
Minnesota,Stearns,102
Minnesota,Steele,17
Minnesota,Stevens,0
Minnesota,Todd,6
Minnesota,Wabasha,13
Minnesota,Wadena,5
Minnesota,Waseca,0
Minnesota,Washington,76
Minnesota,Watonwan,1
Minnesota,Wilkin,8
Minnesota,Winona,48
Minnesota,Wright,20
Minnesota,Yellow Medicine,26
Mississippi,Adams,42
Mississippi,Benton,2
Mississippi,Carroll,24
Mississippi,Clay,27
Mississippi,Copiah,72
Mississippi,De Soto,22
Mississippi,Forrest,41
Mississippi,Hancock,3
Mississippi,Harrison,2
Mississippi,Hinds,143
Mississippi,Holmes,17
Mississippi,Itawamba,25
Mississippi,Jackson,3
Mississippi,Jasper,13
Mississippi,Jones,2
Mississippi,Kemper,5
Mississippi,Lafayette,2
Mississippi,Lauderdale,2
Mississippi,Lincoln,7
Mississippi,Lowndes,176
Mississippi,Marion,14
Mississippi,Marshall,2
Mississippi,Monroe,96
Mississippi,Noxubee,13
Mississippi,Panola,79
Mississippi,Pearl River,20
Mississippi,Perry,13
Mississippi,Pike,10
Mississippi,Smith,2
Mississippi,Stone,12
Mississippi,Sunflower,0
Mississippi,Tate,6
Mississippi,Tippah,124
Mississippi,Tishomingo,28
Mississippi,Warren,20
Mississippi,Washington,20
Mississippi,Wayne,8
Mississippi,Winston,14
Mississippi,Yalobusha,13
Mississippi,Yazoo,23
Missouri,Adair,8
Missouri,Andrew,27
Missouri,Atchison,2
Missouri,Audrain,8
Missouri,Barry,19
Missouri,Barton,80
Missouri,Bates,191
Missouri,Benton,23
Missouri,Bollinger,13
Missouri,Boone,52
Missouri,Buchanan,28
Missouri,Butler,21
Missouri,Caldwell,22
Missouri,Callaway,71
Missouri,Camden,26
Missouri,Cape Girardeau,207
Missouri,Carroll,3
Missouri,Cass,51
Missouri,Cedar,3
Missouri,Chariton,0
Missouri,Christian,19
Missouri,Clark,13
Missouri,Clay,67
Missouri,Clinton,33
Missouri,Cole,36
Missouri,Cooper,28
Missouri,Crawford,12
Missouri,Dade,6
Missouri,Dallas,0
Missouri,Daviess,27
Missouri,De Kalb,15
Missouri,Dent,3
Missouri,Douglas,23
Missouri,Franklin,30
Missouri,Gasconade,36
Missouri,Gentry,18
Missouri,Greene,132
Missouri,Grundy,30
Missouri,Harrison,15
Missouri,Henry,203
Missouri,Hickory,12
Missouri,Holt,31
Missouri,Howard,117
Missouri,Howell,34
Missouri,Iron,1097
Missouri,Jackson,245
Missouri,Jasper,149
Missouri,Jefferson,282
Missouri,Johnson,26
Missouri,Knox,26
Missouri,Laclede,10
Missouri,Lafayette,10
Missouri,Lawrence,6
Missouri,Lewis,16
Missouri,Lincoln,36
Missouri,Livingston,34
Missouri,Macon,8
Missouri,Madison,7
Missouri,Maries,3
Missouri,Marion,7
Missouri,McDonald,10
Missouri,Mercer,12
Missouri,Miller,11
Missouri,Moniteau,3
Missouri,Monroe,30
Missouri,Montgomery,63
Missouri,Morgan,13
Missouri,Newton,25
Missouri,Nodaway,20
Missouri,Oregon,5
Missouri,Osage,0
Missouri,Ozark,2
Missouri,Pemiscot,2
Missouri,Perry,34
Missouri,Pettis,40
Missouri,Phelps,21
Missouri,Pike,207
Missouri,Platte,36
Missouri,Polk,7
Missouri,Pulaski,12
Missouri,Putnam,46
Missouri,Ralls,195
Missouri,Randolph,583
Missouri,Ray,20
Missouri,Reynolds,374
Missouri,Ripley,0
Missouri,Saline,38
Missouri,Scotland,6
Missouri,Scott,61
Missouri,Shannon,6
Missouri,Shelby,13
Missouri,St Charles,64
Missouri,St Clair,4
Missouri,St Francois,90
Missouri,St Louis,341
Missouri,St Louis City,10
Missouri,Ste. Genevieve,778
Missouri,Stoddard,96
Missouri,Stone,3
Missouri,Sullivan,12
Missouri,Taney,24
Missouri,Texas,19
Missouri,Vernon,55
Missouri,Warren,20
Missouri,Washington,260
Missouri,Wayne,45
Missouri,Webster,3
Missouri,Worth,9
Missouri,Wright,12
Montana,Beaverhead,94
Montana,Big Horn,494
Montana,Blaine,0
Montana,Broadwater,85
Montana,Carbon,7
Montana,Carter,13
Montana,Cascade,48
Montana,Chouteau,7
Montana,Custer,4
Montana,Daniels,2
Montana,Dawson,21
Montana,Deer Lodge,5
Montana,Fergus,62
Montana,Flathead,35
Montana,Gallatin,108
Montana,Granite,95
Montana,Hill,6
Montana,Jefferson,192
Montana,Judith Basin,4
Montana,Lake,24
Montana,Lewis and Clark,55
Montana,Liberty,2
Montana,Lincoln,491
Montana,Madison,180
Montana,Meagher,26
Montana,Mineral,5
Montana,Missoula,48
Montana,Musselshell,14
Montana,Park,20
Montana,Phillips,107
Montana,Pondera,6
Montana,Powder River,0
Montana,Powell,124
Montana,Ravalli,13
Montana,Richland,18
Montana,Rosebud,440
Montana,Sanders,13
Montana,Sheridan,5
Montana,Silver Bow,576
Montana,Stillwater,3
Montana,Teton,2
Montana,Toole,2
Montana,Valley,7
Montana,Yellowstone,71
Nebraska,Adams,3
Nebraska,Antelope,9
Nebraska,Blaine,0
Nebraska,Boyd,0
Nebraska,Brown,7
Nebraska,Buffalo,28
Nebraska,Butler,8
Nebraska,Cass,318
Nebraska,Cedar,15
Nebraska,Chase,2
Nebraska,Clay,16
Nebraska,Colfax,18
Nebraska,Cuming,12
Nebraska,Custer,11
Nebraska,Dakota,0
Nebraska,Dawes,2
Nebraska,Dawson,27
Nebraska,Deuel,3
Nebraska,Dixon,2
Nebraska,Dodge,10
Nebraska,Douglas,48
Nebraska,Dundy,2
Nebraska,Fillmore,0
Nebraska,Franklin,8
Nebraska,Frontier,0
Nebraska,Furnas,2
Nebraska,Gage,16
Nebraska,Garden,1
Nebraska,Garfield,11
Nebraska,Hall,54
Nebraska,Hamilton,4
Nebraska,Harlan,2
Nebraska,Hayes,2
Nebraska,Hitchcock,7
Nebraska,Holt,21
Nebraska,Howard,5
Nebraska,Jefferson,19
Nebraska,Keith,8
Nebraska,Kimball,4
Nebraska,Knox,16
Nebraska,Lancaster,10
Nebraska,Lincoln,18
Nebraska,Loup,6
Nebraska,Madison,19
Nebraska,Merrick,8
Nebraska,Morrill,3
Nebraska,Nance,7
Nebraska,Nemaha,3
Nebraska,Nuckolls,99
Nebraska,Pawnee,10
Nebraska,Perkins,1
Nebraska,Phelps,18
Nebraska,Pierce,5
Nebraska,Platte,16
Nebraska,Polk,5
Nebraska,Red Willow,12
Nebraska,Rock,0
Nebraska,Saline,2
Nebraska,Sarpy,33
Nebraska,Saunders,73
Nebraska,Scotts Bluff,23
Nebraska,Seward,3
Nebraska,Sheridan,5
Nebraska,Stanton,15
Nebraska,Thayer,16
Nebraska,Thomas,8
Nebraska,Valley,4
Nebraska,Washington,24
Nebraska,Webster,7
Nebraska,York,6
Nevada,Carson City,2
Nevada,Churchill,24
Nevada,Clark,265
Nevada,Douglas,51
Nevada,Elko,404
Nevada,Esmeralda,157
Nevada,Eureka,247
Nevada,Humboldt,215
Nevada,Lander,688
Nevada,Lincoln,77
Nevada,Lyon,191
Nevada,Mineral,211
Nevada,Nye,1091
Nevada,Pershing,206
Nevada,Storey,163
Nevada,Washoe,104
Nevada,White Pine,249
New Hampshire,Belknap,20
New Hampshire,Carroll,30
New Hampshire,Cheshire,23
New Hampshire,Coos,16
New Hampshire,Grafton,33
New Hampshire,Hillsborough,93
New Hampshire,Merrimack,77
New Hampshire,Rockingham,37
New Hampshire,Strafford,20
New Hampshire,Sullivan,10
New Jersey,Atlantic,17
New Jersey,Bergen,3
New Jersey,Burlington,7
New Jersey,Camden,30
New Jersey,Cape May,27
New Jersey,Cumberland,213
New Jersey,Essex,22
New Jersey,Gloucester,9
New Jersey,Hunterdon,137
New Jersey,Mercer,22
New Jersey,Middlesex,55
New Jersey,Monmouth,21
New Jersey,Morris,151
New Jersey,Ocean,59
New Jersey,Passaic,100
New Jersey,Salem,5
New Jersey,Somerset,376
New Jersey,Sussex,269
New Jersey,Union,6
New Jersey,Warren,25
New Mexico,Bernalillo,219
New Mexico,Catron,0
New Mexico,Chaves,35
New Mexico,Cibola,184
New Mexico,Colfax,205
New Mexico,Curry,8
New Mexico,De Baca,10
New Mexico,Dona Ana,87
New Mexico,Eddy,1483
New Mexico,Grant,979
New Mexico,Guadalupe,4
New Mexico,Hidalgo,3
New Mexico,Lea,457
New Mexico,Lincoln,39
New Mexico,Luna,16
New Mexico,McKinley,1438
New Mexico,Otero,23
New Mexico,Quay,12
New Mexico,Rio Arriba,17
New Mexico,San Juan,742
New Mexico,San Miguel,4
New Mexico,Sandoval,33
New Mexico,Santa Fe,141
New Mexico,Sierra,113
New Mexico,Socorro,51
New Mexico,Taos,851
New Mexico,Torrance,22
New Mexico,Union,15
New Mexico,Valencia,22
New York,Albany,496
New York,Allegany,41
New York,Broome,39
New York,Cattaraugus,84
New York,Cayuga,10
New York,Chautauqua,18
New York,Chemung,40
New York,Chenango,21
New York,Clinton,36
New York,Columbia,32
New York,Cortland,36
New York,Delaware,41
New York,Dutchess,185
New York,Erie,127
New York,Essex,212
New York,Franklin,33
New York,Fulton,9
New York,Genesee,132
New York,Greene,269
New York,Hamilton,29
New York,Herkimer,42
New York,Jefferson,69
New York,Lewis,81
New York,Livingston,268
New York,Madison,36
New York,Monroe,109
New York,Montgomery,44
New York,Nassau,49
New York,Niagara,92
New York,Oneida,53
New York,Onondaga,270
New York,Ontario,75
New York,Orange,72
New York,Orleans,23
New York,Oswego,53
New York,Otsego,10
New York,Putnam,18
New York,Rensselaer,34
New York,Rockland,151
New York,Saratoga,23
New York,Schenectady,10
New York,Schoharie,32
New York,Schuyler,16
New York,Seneca,20
New York,St Lawrence,543
New York,Steuben,86
New York,Suffolk,77
New York,Sullivan,53
New York,Tioga,78
New York,Tompkins,179
New York,Ulster,92
New York,Warren,215
New York,Washington,38
New York,Wayne,66
New York,Westchester,9
New York,Wyoming,23
New York,Yates,0
North Carolina,Alamance,21
North Carolina,Anson,116
North Carolina,Ashe,13
North Carolina,Avery,21
North Carolina,Beaufort,331
North Carolina,Bertie,0
North Carolina,Bladen,0
North Carolina,Brunswick,3
North Carolina,Buncombe,83
North Carolina,Burke,17
North Carolina,Cabarrus,36
North Carolina,Caldwell,33
North Carolina,Camden,0
North Carolina,Caswell,21
North Carolina,Catawba,26
North Carolina,Chatham,18
North Carolina,Cherokee,51
North Carolina,Chowan,0
North Carolina,Cleveland,252
North Carolina,Columbus,1
North Carolina,Craven,39
North Carolina,Cumberland,24
North Carolina,Currituck,2
North Carolina,Dare,2
North Carolina,Davidson,53
North Carolina,Davie,17
North Carolina,Duplin,9
North Carolina,Durham,39
North Carolina,Edgecombe,42
North Carolina,Forsyth,97
North Carolina,Franklin,10
North Carolina,Gaston,122
North Carolina,Granville,0
North Carolina,Greene,2
North Carolina,Guilford,84
North Carolina,Halifax,8
North Carolina,Harnett,106
North Carolina,Haywood,18
North Carolina,Henderson,32
North Carolina,Hertford,5
North Carolina,Iredell,28
North Carolina,Jackson,83
North Carolina,Johnston,25
North Carolina,Jones,3
North Carolina,Lee,48
North Carolina,Lenoir,9
North Carolina,Macon,50
North Carolina,McDowell,20
North Carolina,Mecklenburg,81
North Carolina,Mitchell,319
North Carolina,Montgomery,21
North Carolina,Moore,52
North Carolina,New Hanover,73
North Carolina,Northampton,7
North Carolina,Onslow,17
North Carolina,Orange,36
North Carolina,Pasquotank,0
North Carolina,Pender,41
North Carolina,Pitt,43
North Carolina,Polk,3
North Carolina,Randolph,23
North Carolina,Richmond,90
North Carolina,Robeson,0
North Carolina,Rockingham,31
North Carolina,Rowan,147
North Carolina,Rutherford,18
North Carolina,Sampson,8
North Carolina,Scotland,0
North Carolina,Stanly,45
North Carolina,Stokes,8
North Carolina,Surry,137
North Carolina,Swain,16
North Carolina,Transylvania,16
North Carolina,Union,36
North Carolina,Vance,32
North Carolina,Wake,162
North Carolina,Watauga,37
North Carolina,Wayne,21
North Carolina,Wilkes,19
North Carolina,Wilson,22
North Carolina,Yadkin,1
North Carolina,Yancey,83
North Dakota,Adams,0
North Dakota,Barnes,4
North Dakota,Bottineau,5
North Dakota,Bowman,110
North Dakota,Burke,37
North Dakota,Burleigh,20
North Dakota,Cass,1
North Dakota,Cavalier,0
North Dakota,Dickey,19
North Dakota,Divide,2
North Dakota,Dunn,7
North Dakota,Eddy,10
North Dakota,Emmons,0
North Dakota,Foster,13
North Dakota,Grand Forks,9
North Dakota,Grant,3
North Dakota,Hettinger,2
North Dakota,Kidder,2
North Dakota,La Moure,1
North Dakota,McHenry,6
North Dakota,McIntosh,0
North Dakota,McLean,241
North Dakota,Mercer,332
North Dakota,Morton,15
North Dakota,Mountrail,0
North Dakota,Nelson,0
North Dakota,Oliver,134
North Dakota,Pembina,0
North Dakota,Pierce,2
North Dakota,Ramsey,6
North Dakota,Ransom,4
North Dakota,Renville,8
North Dakota,Richland,23
North Dakota,Rolette,4
North Dakota,Sheridan,6
North Dakota,Sioux,0
North Dakota,Stark,80
North Dakota,Stutsman,20
North Dakota,Towner,1
North Dakota,Traill,7
North Dakota,Walsh,20
North Dakota,Ward,227
North Dakota,Wells,17
North Dakota,Williams,26
Ohio,Adams,55
Ohio,Allen,50
Ohio,Ashland,7
Ohio,Ashtabula,9
Ohio,Athens,509
Ohio,Auglaize,28
Ohio,Belmont,1804
Ohio,Brown,0
Ohio,Butler,95
Ohio,Carroll,81
Ohio,Champaign,15
Ohio,Clark,30
Ohio,Clermont,4
Ohio,Clinton,9
Ohio,Columbiana,270
Ohio,Coshocton,180
Ohio,Crawford,31
Ohio,Cuyahoga,180
Ohio,Darke,13
Ohio,Delaware,36
Ohio,Erie,113
Ohio,Fairfield,7
Ohio,Fayette,26
Ohio,Franklin,136
Ohio,Gallia,159
Ohio,Geauga,69
Ohio,Greene,171
Ohio,Guernsey,74
Ohio,Hamilton,115
Ohio,Hancock,26
Ohio,Hardin,9
Ohio,Harrison,1193
Ohio,Henry,8
Ohio,Highland,30
Ohio,Hocking,71
Ohio,Holmes,101
Ohio,Huron,3
Ohio,Jackson,134
Ohio,Jefferson,376
Ohio,Knox,67
Ohio,Lake,163
Ohio,Lawrence,144
Ohio,Licking,34
Ohio,Logan,24
Ohio,Lorain,69
Ohio,Lucas,140
Ohio,Mahoning,157
Ohio,Marion,38
Ohio,Medina,31
Ohio,Meigs,594
Ohio,Mercer,26
Ohio,Miami,67
Ohio,Monroe,1205
Ohio,Montgomery,67
Ohio,Morgan,800
Ohio,Morrow,4
Ohio,Muskingum,738
Ohio,Noble,74
Ohio,Ottawa,192
Ohio,Paulding,149
Ohio,Perry,659
Ohio,Pickaway,16
Ohio,Pike,25
Ohio,Portage,87
Ohio,Preble,21
Ohio,Putnam,16
Ohio,Richland,23
Ohio,Ross,43
Ohio,Sandusky,334
Ohio,Scioto,50
Ohio,Seneca,54
Ohio,Shelby,22
Ohio,Stark,345
Ohio,Summit,29
Ohio,Trumbull,18
Ohio,Tuscarawas,408
Ohio,Union,14
Ohio,Van Wert,26
Ohio,Vinton,583
Ohio,Warren,50
Ohio,Washington,46
Ohio,Wayne,54
Ohio,Williams,8
Ohio,Wood,40
Ohio,Wyandot,155
Oklahoma,Adair,0
Oklahoma,Atoka,77
Oklahoma,Beaver,5
Oklahoma,Beckham,5
Oklahoma,Blaine,83
Oklahoma,Bryan,32
Oklahoma,Caddo,69
Oklahoma,Canadian,21
Oklahoma,Carter,3
Oklahoma,Cherokee,13
Oklahoma,Choctaw,68
Oklahoma,Cleveland,53
Oklahoma,Coal,20
Oklahoma,Comanche,130
Oklahoma,Cotton,7
Oklahoma,Craig,249
Oklahoma,Creek,42
Oklahoma,Custer,23
Oklahoma,Delaware,0
Oklahoma,Dewey,0
Oklahoma,Ellis,0
Oklahoma,Garfield,3
Oklahoma,Garvin,3
Oklahoma,Grady,14
Oklahoma,Greer,43
Oklahoma,Haskell,173
Oklahoma,Hughes,2
Oklahoma,Jackson,23
Oklahoma,Johnston,125
Oklahoma,Kay,32
Oklahoma,Kingfisher,14
Oklahoma,Kiowa,68
Oklahoma,Latimer,36
Oklahoma,Le Flore,97
Oklahoma,Lincoln,0
Oklahoma,Logan,11
Oklahoma,Love,0
Oklahoma,Major,8
Oklahoma,Marshall,1
Oklahoma,Mayes,150
Oklahoma,McClain,17
Oklahoma,McCurtain,24
Oklahoma,McIntosh,109
Oklahoma,Murray,161
Oklahoma,Muskogee,78
Oklahoma,Noble,3
Oklahoma,Nowata,2
Oklahoma,Oklahoma,72
Oklahoma,Okmulgee,56
Oklahoma,Osage,32
Oklahoma,Ottawa,2
Oklahoma,Pawnee,54
Oklahoma,Payne,22
Oklahoma,Pittsburg,42
Oklahoma,Pontotoc,175
Oklahoma,Pottawatomie,29
Oklahoma,Pushmataha,12
Oklahoma,Roger Mills,9
Oklahoma,Rogers,402
Oklahoma,Seminole,48
Oklahoma,Sequoyah,65
Oklahoma,Stephens,7
Oklahoma,Texas,12
Oklahoma,Tillman,3
Oklahoma,Tulsa,172
Oklahoma,Wagoner,130
Oklahoma,Washington,20
Oklahoma,Washita,32
Oklahoma,Woods,2
Oklahoma,Woodward,14
Oregon,Baker,103
Oregon,Benton,41
Oregon,Clackamas,93
Oregon,Clatsop,3
Oregon,Columbia,29
Oregon,Coos,63
Oregon,Crook,5
Oregon,Curry,18
Oregon,Deschutes,22
Oregon,Douglas,52
Oregon,Gilliam,0
Oregon,Grant,37
Oregon,Harney,10
Oregon,Hood River,5
Oregon,Jackson,47
Oregon,Jefferson,0
Oregon,Josephine,28
Oregon,Klamath,8
Oregon,Lake,26
Oregon,Lane,89
Oregon,Lincoln,37
Oregon,Linn,15
Oregon,Malheur,8
Oregon,Marion,52
Oregon,Morrow,0
Oregon,Multnomah,126
Oregon,Polk,35
Oregon,Tillamook,15
Oregon,Umatilla,23
Oregon,Union,0
Oregon,Wasco,0
Oregon,Washington,92
Oregon,Yamhill,33
Pennsylvania,Adams,224
Pennsylvania,Allegheny,644
Pennsylvania,Armstrong,1753
Pennsylvania,Beaver,45
Pennsylvania,Bedford,103
Pennsylvania,Berks,336
Pennsylvania,Blair,150
Pennsylvania,Bradford,48
Pennsylvania,Bucks,177
Pennsylvania,Butler,532
Pennsylvania,Cambria,2477
Pennsylvania,Cameron,2
Pennsylvania,Carbon,59
Pennsylvania,Centre,784
Pennsylvania,Chester,192
Pennsylvania,Clarion,696
Pennsylvania,Clearfield,2116
Pennsylvania,Clinton,94
Pennsylvania,Columbia,112
Pennsylvania,Crawford,30
Pennsylvania,Cumberland,76
Pennsylvania,Dauphin,96
Pennsylvania,Delaware,67
Pennsylvania,Elk,149
Pennsylvania,Erie,54
Pennsylvania,Fayette,909
Pennsylvania,Forest,4
Pennsylvania,Franklin,53
Pennsylvania,Fulton,32
Pennsylvania,Greene,3256
Pennsylvania,Huntingdon,160
Pennsylvania,Indiana,4506
Pennsylvania,Jefferson,719
Pennsylvania,Juniata,6
Pennsylvania,Lackawanna,32
Pennsylvania,Lancaster,197
Pennsylvania,Lawrence,425
Pennsylvania,Lebanon,259
Pennsylvania,Lehigh,474
Pennsylvania,Luzerne,660
Pennsylvania,Lycoming,82
Pennsylvania,McKean,10
Pennsylvania,Mercer,189
Pennsylvania,Mifflin,20
Pennsylvania,Monroe,39
Pennsylvania,Montgomery,309
Pennsylvania,Montour,15
Pennsylvania,Northampton,770
Pennsylvania,Northumberland,519
Pennsylvania,Perry,7
Pennsylvania,Pike,16
Pennsylvania,Potter,0
Pennsylvania,Schuylkill,1558
Pennsylvania,Snyder,26
Pennsylvania,Somerset,1576
Pennsylvania,Sullivan,24
Pennsylvania,Susquehanna,14
Pennsylvania,Tioga,132
Pennsylvania,Union,23
Pennsylvania,Venango,174
Pennsylvania,Warren,24
Pennsylvania,Washington,3133
Pennsylvania,Wayne,22
Pennsylvania,Westmoreland,371
Pennsylvania,Wyoming,19
Pennsylvania,York,450
Puerto Rico,72002,15
Puerto Rico,72004,376
Puerto Rico,72006,80
Puerto Rico,72008,5
Puerto Rico,72010,373
Puerto Rico,72012,57
Puerto Rico,Adjuntas,52
Puerto Rico,Aguada,26
Puerto Rico,Aguadilla,128
Puerto Rico,Aguas Buenas,67
Puerto Rico,Aibonito,63
Rhode Island,Kent,19
Rhode Island,Newport,4
Rhode Island,Providence,72
Rhode Island,Washington,10
South Carolina,Abbeville,2
South Carolina,Aiken,292
South Carolina,Anderson,25
South Carolina,Bamberg,3
South Carolina,Barnwell,0
South Carolina,Berkeley,49
South Carolina,Calhoun,7
South Carolina,Charleston,18
South Carolina,Cherokee,52
South Carolina,Chester,0
South Carolina,Chesterfield,54
South Carolina,Colleton,10
South Carolina,Dillon,1
South Carolina,Dorchester,303
South Carolina,Edgefield,7
South Carolina,Fairfield,22
South Carolina,Florence,6
South Carolina,Georgetown,26
South Carolina,Greenville,58
South Carolina,Greenwood,23
South Carolina,Horry,12
South Carolina,Jasper,13
South Carolina,Kershaw,65
South Carolina,Lancaster,26
South Carolina,Laurens,92
South Carolina,Lee,3
South Carolina,Lexington,137
South Carolina,Marion,0
South Carolina,Marlboro,83
South Carolina,Newberry,1
South Carolina,Oconee,6
South Carolina,Orangeburg,175
South Carolina,Pickens,45
South Carolina,Richland,106
South Carolina,Saluda,2
South Carolina,Spartanburg,96
South Carolina,Sumter,103
South Carolina,Union,4
South Carolina,York,15
South Dakota,Beadle,0
South Dakota,Brookings,11
South Dakota,Brown,9
South Dakota,Brule,0
South Dakota,Buffalo,0
South Dakota,Butte,83
South Dakota,Campbell,3
South Dakota,Charles Mix,8
South Dakota,Clay,9
South Dakota,Codington,20
South Dakota,Custer,48
South Dakota,Davison,5
South Dakota,Day,6
South Dakota,Deuel,4
South Dakota,Dewey,0
South Dakota,Douglas,3
South Dakota,Edmunds,8
South Dakota,Fall River,15
South Dakota,Faulk,3
South Dakota,Grant,159
South Dakota,Gregory,3
South Dakota,Hand,3
South Dakota,Hanson,11
South Dakota,Harding,0
South Dakota,Hughes,1
South Dakota,Hutchinson,0
South Dakota,Jerauld,0
South Dakota,Kingsbury,2
South Dakota,Lake,13
South Dakota,Lawrence,1555
South Dakota,Marshall,5
South Dakota,McCook,3
South Dakota,McPherson,7
South Dakota,Meade,22
South Dakota,Minnehaha,84
South Dakota,Moody,2
South Dakota,Pennington,386
South Dakota,Perkins,12
South Dakota,Roberts,12
South Dakota,Sanborn,0
South Dakota,Shannon,5
South Dakota,Spink,5
South Dakota,Sully,4
South Dakota,Todd,2
South Dakota,Tripp,4
South Dakota,Turner,13
South Dakota,Union,4
South Dakota,Yankton,7
South Dakota,Ziebach,2
Tennessee,Anderson,520
Tennessee,Bedford,14
Tennessee,Benton,58
Tennessee,Bledsoe,50
Tennessee,Blount,82
Tennessee,Bradley,31
Tennessee,Campbell,526
Tennessee,Cannon,5
Tennessee,Carroll,9
Tennessee,Carter,28
Tennessee,Claiborne,503
Tennessee,Clay,11
Tennessee,Coffee,14
Tennessee,Cumberland,180
Tennessee,Davidson,134
Tennessee,De Kalb,14
Tennessee,Decatur,34
Tennessee,Dickson,11
Tennessee,Dyer,0
Tennessee,Fayette,0
Tennessee,Fentress,70
Tennessee,Franklin,48
Tennessee,Gibson,3
Tennessee,Giles,26
Tennessee,Grainger,11
Tennessee,Greene,28
Tennessee,Grundy,40
Tennessee,Hamblen,9
Tennessee,Hamilton,196
Tennessee,Hancock,0
Tennessee,Hardeman,3
Tennessee,Hardin,14
Tennessee,Hawkins,7
Tennessee,Henry,139
Tennessee,Hickman,11
Tennessee,Humphreys,12
Tennessee,Jackson,4
Tennessee,Jefferson,494
Tennessee,Johnson,18
Tennessee,Knox,325
Tennessee,Lauderdale,2
Tennessee,Lawrence,6
Tennessee,Lincoln,26
Tennessee,Loudon,12
Tennessee,Macon,3
Tennessee,Madison,4
Tennessee,Marion,307
Tennessee,Marshall,11
Tennessee,Maury,119
Tennessee,McMinn,31
Tennessee,McNairy,10
Tennessee,Meigs,12
Tennessee,Monroe,12
Tennessee,Montgomery,10
Tennessee,Moore,14
Tennessee,Morgan,40
Tennessee,Obion,15
Tennessee,Overton,22
Tennessee,Perry,8
Tennessee,Pickett,13
Tennessee,Polk,904
Tennessee,Putnam,17
Tennessee,Rhea,43
Tennessee,Roane,23
Tennessee,Robertson,30
Tennessee,Rutherford,40
Tennessee,Scott,258
Tennessee,Sequatchie,443
Tennessee,Sevier,18
Tennessee,Shelby,35
Tennessee,Smith,316
Tennessee,Stewart,10
Tennessee,Sullivan,52
Tennessee,Sumner,23
Tennessee,Tipton,18
Tennessee,Unicoi,8
Tennessee,Union,129
Tennessee,Van Buren,4
Tennessee,Warren,13
Tennessee,Washington,6
Tennessee,Wayne,2
Tennessee,Weakley,140
Tennessee,White,4
Tennessee,Williamson,38
Tennessee,Wilson,15
Texas,Anderson,11
Texas,Angelina,8
Texas,Armstrong,0
Texas,Atascosa,168
Texas,Bandera,32
Texas,Bastrop,15
Texas,Bee,36
Texas,Bell,120
Texas,Bexar,882
Texas,Borden,10
Texas,Bosque,73
Texas,Bowie,20
Texas,Brazoria,26
Texas,Brazos,22
Texas,Brown,31
Texas,Burleson,16
Texas,Burnet,319
Texas,Calhoun,646
Texas,Callahan,5
Texas,Cameron,46
Texas,Cass,9
Texas,Chambers,4
Texas,Cherokee,22
Texas,Coke,12
Texas,Coleman,14
Texas,Collin,9
Texas,Collingsworth,14
Texas,Colorado,610
Texas,Comal,521
Texas,Comanche,0
Texas,Cooke,28
Texas,Coryell,8
Texas,Crane,7
Texas,Crockett,0
Texas,Crosby,32
Texas,Culberson,38
Texas,Dallas,260
Texas,De Witt,1
Texas,Denton,34
Texas,Dimmit,0
Texas,Donley,13
Texas,Duval,119
Texas,Eastland,44
Texas,Ector,122
Texas,Edwards,12
Texas,El Paso,237
Texas,Ellis,535
Texas,Erath,37
Texas,Falls,18
Texas,Fayette,134
Texas,Fisher,18
Texas,Floyd,33
Texas,Fort Bend,68
Texas,Freestone,488
Texas,Gaines,27
Texas,Galveston,54
Texas,Gillespie,46
Texas,Gonzales,91
Texas,Gray,8
Texas,Grayson,41
Texas,Gregg,5
Texas,Grimes,120
Texas,Guadalupe,29
Texas,Hale,14
Texas,Hall,3
Texas,Hansford,10
Texas,Hardeman,21
Texas,Hardin,8
Texas,Harris,328
Texas,Harrison,44
Texas,Hays,270
Texas,Hemphill,0
Texas,Henderson,63
Texas,Hidalgo,154
Texas,Hill,78
Texas,Hood,14
Texas,Hopkins,161
Texas,Houston,0
Texas,Howard,0
Texas,Hudspeth,103
Texas,Hutchinson,39
Texas,Jack,28
Texas,Jefferson,1
Texas,Jim Wells,24
Texas,Johnson,112
Texas,Jones,3
Texas,Karnes,276
Texas,Kaufman,52
Texas,Kendall,6
Texas,Kerr,16
Texas,Kimble,7
Texas,Kleberg,3
Texas,Lamar,0
Texas,Lamb,8
Texas,Lampasas,16
Texas,Liberty,65
Texas,Limestone,204
Texas,Live Oak,198
Texas,Llano,17
Texas,Lubbock,21
Texas,Martin,23
Texas,Maverick,22
Texas,McCulloch,128
Texas,McLennan,285
Texas,McMullen,9
Texas,Medina,24
Texas,Midland,49
Texas,Milam,343
Texas,Mitchell,8
Texas,Montague,4
Texas,Montgomery,79
Texas,Morris,0
Texas,Motley,15
Texas,Nacogdoches,3
Texas,Navarro,75
Texas,Newton,11
Texas,Nolan,182
Texas,Nueces,203
Texas,Oldham,51
Texas,Orange,27
Texas,Palo Pinto,26
Texas,Panola,1151
Texas,Parker,81
Texas,Pecos,7
Texas,Potter,108
Texas,Presidio,5
Texas,Randall,4
Texas,Reeves,30
Texas,Robertson,0
Texas,Runnels,17
Texas,Rusk,12
Texas,San Patricio,615
Texas,Scurry,12
Texas,Sherman,6
Texas,Smith,6
Texas,Somervell,31
Texas,Starr,13
Texas,Stephens,0
Texas,Stonewall,10
Texas,Tarrant,228
Texas,Taylor,73
Texas,Throckmorton,5
Texas,Titus,693
Texas,Tom Green,21
Texas,Travis,258
Texas,Upshur,0
Texas,Uvalde,174
Texas,Val Verde,8
Texas,Van Zandt,202
Texas,Victoria,132
Texas,Walker,38
Texas,Waller,22
Texas,Ward,28
Texas,Washington,0
Texas,Webb,148
Texas,Wheeler,0
Texas,Wichita,2
Texas,Williamson,282
Texas,Wilson,4
Texas,Wise,475
Texas,Wood,2
Texas,Young,21
Texas,Zavala,9
Utah,Beaver,2
Utah,Box Elder,40
Utah,Cache,5
Utah,Carbon,1253
Utah,Davis,30
Utah,Duchesne,15
Utah,Emery,1084
Utah,Garfield,100
Utah,Grand,169
Utah,Iron,135
Utah,Juab,98
Utah,Kane,9
Utah,Millard,170
Utah,Morgan,148
Utah,Rich,30
Utah,Salt Lake,3586
Utah,San Juan,314
Utah,Sanpete,7
Utah,Sevier,328
Utah,Summit,27
Utah,Tooele,316
Utah,Uintah,302
Utah,Utah,166
Utah,Wasatch,18
Utah,Washington,26
Utah,Wayne,5
Utah,Weber,11
Vermont,Addison,82
Vermont,Bennington,19
Vermont,Caledonia,17
Vermont,Chittenden,50
Vermont,Essex,4
Vermont,Franklin,22
Vermont,Grand Isle,2
Vermont,Lamoille,110
Vermont,Orange,47
Vermont,Orleans,158
Vermont,Rutland,263
Vermont,Washington,183
Vermont,Windham,18
Vermont,Windsor,95
Virgin Islands of the U.S.,78001,501
Virginia,51000,0
Virginia,Albemarle,76
Virginia,Alleghany,25
Virginia,Amherst,12
Virginia,Appomattox,11
Virginia,Augusta,44
Virginia,Bath,94
Virginia,Bedford,42
Virginia,Bland,6
Virginia,Botetourt,325
Virginia,Brunswick,30
Virginia,Buchanan,5099
Virginia,Buckingham,264
Virginia,Campbell,50
Virginia,Caroline,36
Virginia,Carroll,0
Virginia,Charles City,32
Virginia,Chesapeake City,54
Virginia,Chesterfield,85
Virginia,Clarke,8
Virginia,Craig,4
Virginia,Culpeper,33
Virginia,Dickenson,2647
Virginia,Dinwiddie,56
Virginia,Essex,0
Virginia,Fairfax,50
Virginia,Fauquier,23
Virginia,Fluvanna,2
Virginia,Franklin,4
Virginia,Frederick,180
Virginia,Giles,153
Virginia,Gloucester,2
Virginia,Goochland,73
Virginia,Grayson,13
Virginia,Greene,1
Virginia,Greensville,70
Virginia,Halifax,17
Virginia,Hanover,38
Virginia,Henrico,96
Virginia,Henry,39
Virginia,Isle of Wight,0
Virginia,James City,9
Virginia,King George,30
Virginia,Lee,460
Virginia,Loudoun,121
Virginia,Louisa,42
Virginia,Montgomery,25
Virginia,Nelson,13
Virginia,New Kent,4
Virginia,Norfolk City,0
Virginia,Nottoway,14
Virginia,Orange,3
Virginia,Pittsylvania,29
Virginia,Prince Edward,16
Virginia,Prince George,29
Virginia,Prince William,89
Virginia,Pulaski,8
Virginia,Roanoke,52
Virginia,Rockbridge,109
Virginia,Rockingham,60
Virginia,Russell,805
Virginia,Scott,27
Virginia,Shenandoah,70
Virginia,Smyth,117
Virginia,Southampton,2
Virginia,Spotsylvania,13
Virginia,Stafford,30
Virginia,Suffolk City,0
Virginia,Sussex,2
Virginia,Tazewell,673
Virginia,Virginia Beach City,10
Virginia,Warren,58
Virginia,Washington,23
Virginia,Westmoreland,3
Virginia,Wise,4598
Virginia,Wythe,72
Washington,Adams,6
Washington,Benton,44
Washington,Chelan,48
Washington,Clallam,43
Washington,Clark,40
Washington,Cowlitz,23
Washington,Douglas,23
Washington,Ferry,98
Washington,Franklin,8
Washington,Garfield,3
Washington,Grant,85
Washington,Grays Harbor,32
Washington,Island,12
Washington,Jefferson,15
Washington,King,332
Washington,Kitsap,26
Washington,Kittitas,39
Washington,Klickitat,18
Washington,Lewis,632
Washington,Mason,21
Washington,Okanogan,23
Washington,Pacific,29
Washington,Pend Oreille,78
Washington,Pierce,106
Washington,San Juan,20
Washington,Skagit,40
Washington,Skamania,3
Washington,Snohomish,72
Washington,Spokane,81
Washington,Stevens,195
Washington,Thurston,47
Washington,Wahkiakum,2
Washington,Walla Walla,10
Washington,Whatcom,124
Washington,Whitman,21
Washington,Yakima,44
West Virginia,Barbour,904
West Virginia,Berkeley,454
West Virginia,Boone,5206
West Virginia,Braxton,470
West Virginia,Brooke,385
West Virginia,Cabell,6
West Virginia,Clay,81
West Virginia,Doddridge,0
West Virginia,Fayette,675
West Virginia,Gilmer,10
West Virginia,Grant,1061
West Virginia,Greenbrier,271
West Virginia,Hampshire,5
West Virginia,Hancock,69
West Virginia,Harrison,924
West Virginia,Kanawha,2623
West Virginia,Lewis,130
West Virginia,Lincoln,18
West Virginia,Logan,3651
West Virginia,Marion,2338
West Virginia,Marshall,927
West Virginia,Mason,17
West Virginia,McDowell,2817
West Virginia,Mercer,234
West Virginia,Mineral,191
West Virginia,Mingo,1824
West Virginia,Monongalia,3241
West Virginia,Nicholas,1662
West Virginia,Ohio,28
West Virginia,Pendleton,45
West Virginia,Pleasants,0
West Virginia,Pocahontas,16
West Virginia,Preston,737
West Virginia,Putnam,13
West Virginia,Raleigh,3251
West Virginia,Randolph,463
West Virginia,Summers,22
West Virginia,Taylor,4
West Virginia,Tucker,82
West Virginia,Upshur,867
West Virginia,Wayne,151
West Virginia,Webster,271
West Virginia,Wetzel,8
West Virginia,Wood,0
West Virginia,Wyoming,3991
Wisconsin,Adams,3
Wisconsin,Ashland,0
Wisconsin,Barron,6
Wisconsin,Bayfield,4
Wisconsin,Brown,94
Wisconsin,Buffalo,19
Wisconsin,Burnett,3
Wisconsin,Calumet,15
Wisconsin,Chippewa,46
Wisconsin,Clark,22
Wisconsin,Columbia,53
Wisconsin,Crawford,33
Wisconsin,Dane,73
Wisconsin,Dodge,55
Wisconsin,Door,21
Wisconsin,Douglas,40
Wisconsin,Dunn,16
Wisconsin,Eau Claire,18
Wisconsin,Florence,6
Wisconsin,Fond du Lac,74
Wisconsin,Forest,1
Wisconsin,Grant,43
Wisconsin,Green,27
Wisconsin,Green Lake,36
Wisconsin,Iowa,30
Wisconsin,Iron,3
Wisconsin,Jackson,43
Wisconsin,Jefferson,5
Wisconsin,Juneau,17
Wisconsin,Kenosha,16
Wisconsin,Kewaunee,20
Wisconsin,La Crosse,22
Wisconsin,Lafayette,22
Wisconsin,Langlade,3
Wisconsin,Lincoln,17
Wisconsin,Manitowoc,66
Wisconsin,Marathon,103
Wisconsin,Marinette,81
Wisconsin,Marquette,0
Wisconsin,Milwaukee,15
Wisconsin,Monroe,32
Wisconsin,Oconto,25
Wisconsin,Oneida,15
Wisconsin,Outagamie,33
Wisconsin,Ozaukee,12
Wisconsin,Pepin,5
Wisconsin,Pierce,23
Wisconsin,Polk,42
Wisconsin,Portage,27
Wisconsin,Racine,25
Wisconsin,Richland,28
Wisconsin,Rock,40
Wisconsin,Rusk,3
Wisconsin,Sauk,53
Wisconsin,Sawyer,5
Wisconsin,Shawano,7
Wisconsin,Sheboygan,22
Wisconsin,St Croix,19
Wisconsin,Taylor,14
Wisconsin,Trempealeau,14
Wisconsin,Vernon,10
Wisconsin,Vilas,10
Wisconsin,Walworth,29
Wisconsin,Washburn,3
Wisconsin,Washington,20
Wisconsin,Waukesha,157
Wisconsin,Waupaca,5
Wisconsin,Waushara,21
Wisconsin,Winnebago,17
Wisconsin,Wood,4
Wyoming,Albany,138
Wyoming,Big Horn,184
Wyoming,Campbell,2229
Wyoming,Carbon,1082
Wyoming,Converse,588
Wyoming,Crook,216
Wyoming,Fremont,689
Wyoming,Goshen,36
Wyoming,Hot Springs,18
Wyoming,Johnson,39
Wyoming,Laramie,72
Wyoming,Lincoln,478
Wyoming,Natrona,244
Wyoming,Niobrara,20
Wyoming,Park,33
Wyoming,Platte,86
Wyoming,Sheridan,224
Wyoming,Sublette,14
Wyoming,Sweetwater,3880
Wyoming,Teton,5
Wyoming,Uinta,31
Wyoming,Washakie,17
Wyoming,Weston,122
